Periodicity;Year;Month;Quarter;Economic Activity;Bank Credit in (Million Riyals);Date;Date_Object
Quarterly;2026;;Q2;Agriculture, Forestry and Fishing;10304.256;Q2 2026;2026-04-01
Quarterly;2026;;Q2;Mining and Quarrying;46410.426;Q2 2026;2026-04-01
Quarterly;2026;;Q2;Electricity, Gas and Water Supplies;248856.239823167;Q2 2026;2026-04-01
Quarterly;2026;;Q1;Wholesale and Retail Trade;218118.707899268;Q1 2026;2026-01-01
Quarterly;2026;;Q1;Transportation and Storage;75517.78661092;Q1 2026;2026-01-01
Quarterly;2026;;Q2;Transportation and Storage;74924.65368734;Q2 2026;2026-04-01
Quarterly;2026;;Q1;Financial and Insurance Activities;184855.574985042;Q1 2026;2026-01-01
Monthly;2026;JAN;;Agriculture, Forestry and Fishing;14053.222;JAN 2026;2026-01-01
Monthly;2026;FEB;;Agriculture, Forestry and Fishing;14208.798;FEB 2026;2026-02-01
Monthly;2026;APR;;Agriculture, Forestry and Fishing;10924.023;APR 2026;2026-04-01
Monthly;2026;MAY;;Agriculture, Forestry and Fishing;10181.122;MAY 2026;2026-05-01
Monthly;2026;JUL;;Mining and Quarrying;46504.827;JUL 2026;2026-07-01
Monthly;2026;APR;;Manufacturing;199634.866928784;APR 2026;2026-04-01
Monthly;2026;MAY;;Manufacturing;202835.729958908;MAY 2026;2026-05-01
Monthly;2026;JUN;;Manufacturing;199422.335918042;JUN 2026;2026-06-01
Monthly;2026;JUL;;Manufacturing;205380.460136757;JUL 2026;2026-07-01
Monthly;2026;MAR;;Electricity, Gas and Water Supplies;222859.214285249;MAR 2026;2026-03-01
Monthly;2026;JAN;;Construction;139268.574221905;JAN 2026;2026-01-01
Monthly;2026;FEB;;Wholesale and Retail Trade;215242.56605915;FEB 2026;2026-02-01
Monthly;2026;MAR;;Wholesale and Retail Trade;218118.707899268;MAR 2026;2026-03-01
Monthly;2026;JUN;;Wholesale and Retail Trade;220795.088210038;JUN 2026;2026-06-01
Monthly;2026;APR;;Transportation and Storage;74569.0777264;APR 2026;2026-04-01
Monthly;2026;JUN;;Accommodation and Food Service Activities;60968.4322754042;JUN 2026;2026-06-01
Monthly;2026;MAY;;Financial and Insurance Activities;194570.00590779;MAY 2026;2026-05-01
Monthly;2026;JUL;;Financial and Insurance Activities;191393.909738008;JUL 2026;2026-07-01
Monthly;2026;APR;;Real Estate Activities;411898.497405213;APR 2026;2026-04-01
Monthly;2026;JUN;;Real Estate Activities;419226.67586341;JUN 2026;2026-06-01
Monthly;2026;JAN;;Professional, Scientific and Technical Activities;17370.641;JAN 2026;2026-01-01
Monthly;2026;APR;;Administrative and Support Service Activities;75851.00627575;APR 2026;2026-04-01
Monthly;2026;JUN;;Administrative and Support Service Activities;75397.87;JUN 2026;2026-06-01
Monthly;2026;MAY;;Human Health and Social Work Activities;31718.9895989152;MAY 2026;2026-05-01
Monthly;2026;APR;;Individuals' Loans;1453257.92090178;APR 2026;2026-04-01
Monthly;2026;JUN;;Individuals' Loans;1454986.20782868;JUN 2026;2026-06-01
Monthly;2026;JUL;;Individuals' Loans;1465789.46445761;JUL 2026;2026-07-01
Monthly;2026;JAN;;Total;3319308.15662555;JAN 2026;2026-01-01
Monthly;2026;JUN;;Total;3419326.45403674;JUN 2026;2026-06-01
Monthly;2026;MAR;;Transportation and Storage;75517.78661092;MAR 2026;2026-03-01
Monthly;2026;JUN;;Transportation and Storage;74924.65368734;JUN 2026;2026-06-01
Monthly;2026;JAN;;Accommodation and Food Service Activities;56922.7688098366;JAN 2026;2026-01-01
Monthly;2026;APR;;Accommodation and Food Service Activities;59580.4466359446;APR 2026;2026-04-01
Monthly;2026;APR;;Information and Communication;26845.31987886;APR 2026;2026-04-01
Quarterly;2026;;Q1;Agriculture, Forestry and Fishing;10650.017;Q1 2026;2026-01-01
Quarterly;2026;;Q1;Mining and Quarrying;49015.424;Q1 2026;2026-01-01
Quarterly;2026;;Q1;Electricity, Gas and Water Supplies;222859.214285249;Q1 2026;2026-01-01
Quarterly;2026;;Q2;Construction;150843.800862045;Q2 2026;2026-04-01
Quarterly;2026;;Q1;Real Estate Activities;408960.122775218;Q1 2026;2026-01-01
Quarterly;2026;;Q2;Real Estate Activities;419226.67586341;Q2 2026;2026-04-01
Quarterly;2026;;Q1;Individuals' Loans;1450599.24984973;Q1 2026;2026-01-01
Quarterly;2026;;Q2;Individuals' Loans;1454986.20782868;Q2 2026;2026-04-01
Quarterly;2026;;Q2;Other Activities;178015.71301025;Q2 2026;2026-04-01
Quarterly;2026;;Q2;Total;3419326.45403674;Q2 2026;2026-04-01
Monthly;2026;MAR;;Agriculture, Forestry and Fishing;10650.017;MAR 2026;2026-03-01
Monthly;2026;APR;;Construction;146650.108242157;APR 2026;2026-04-01
Monthly;2026;JUL;;Wholesale and Retail Trade;217780.97937031;JUL 2026;2026-07-01
Monthly;2026;MAY;;Transportation and Storage;75022.67159733;MAY 2026;2026-05-01
Monthly;2026;JUL;;Accommodation and Food Service Activities;60101.9653560464;JUL 2026;2026-07-01
Monthly;2026;FEB;;Information and Communication;28799.95395486;FEB 2026;2026-02-01
Monthly;2026;MAY;;Information and Communication;27341.31379886;MAY 2026;2026-05-01
Monthly;2026;JUN;;Information and Communication;28026.25494086;JUN 2026;2026-06-01
Monthly;2026;MAR;;Financial and Insurance Activities;184855.574985042;MAR 2026;2026-03-01
Monthly;2026;JAN;;Real Estate Activities;397293.607749794;JAN 2026;2026-01-01
Monthly;2026;FEB;;Administrative and Support Service Activities;75785.634;FEB 2026;2026-02-01
Monthly;2026;JUL;;Administrative and Support Service Activities;76775.124;JUL 2026;2026-07-01
Monthly;2026;MAR;;Human Health and Social Work Activities;30060.5120507898;MAR 2026;2026-03-01
Monthly;2026;APR;;Human Health and Social Work Activities;30961.9137723896;APR 2026;2026-04-01
Monthly;2026;MAY;;Other Activities;179968.74292821;MAY 2026;2026-05-01
Monthly;2026;JUL;;Other Activities;179452.824733432;JUL 2026;2026-07-01
Quarterly;2026;;Q1;Construction;143486.214910927;Q1 2026;2026-01-01
Quarterly;2026;;Q1;Information and Communication;26893.87195486;Q1 2026;2026-01-01
Quarterly;2026;;Q2;Information and Communication;28026.25494086;Q2 2026;2026-04-01
Quarterly;2026;;Q2;Financial and Insurance Activities;195581.25871961;Q2 2026;2026-04-01
Quarterly;2026;;Q2;Professional, Scientific and Technical Activities;14671.8659977066;Q2 2026;2026-04-01
Quarterly;2026;;Q2;Human Health and Social Work Activities;32411.4219989297;Q2 2026;2026-04-01
Monthly;2026;JAN;;Mining and Quarrying;50783.197;JAN 2026;2026-01-01
Monthly;2026;FEB;;Mining and Quarrying;49181.188;FEB 2026;2026-02-01
Monthly;2026;MAR;;Mining and Quarrying;49015.424;MAR 2026;2026-03-01
Monthly;2026;APR;;Electricity, Gas and Water Supplies;231581.379254176;APR 2026;2026-04-01
Monthly;2026;MAY;;Electricity, Gas and Water Supplies;234906.169281874;MAY 2026;2026-05-01
Monthly;2026;JUN;;Construction;150843.800862045;JUN 2026;2026-06-01
Monthly;2026;JUL;;Construction;146896.02377422;JUL 2026;2026-07-01
Monthly;2026;JAN;;Transportation and Storage;75061.83645035;JAN 2026;2026-01-01
Monthly;2026;JUL;;Transportation and Storage;78173.47236367;JUL 2026;2026-07-01
Monthly;2026;FEB;;Accommodation and Food Service Activities;58994.116083407;FEB 2026;2026-02-01
Monthly;2026;MAR;;Information and Communication;26893.87195486;MAR 2026;2026-03-01
Monthly;2026;JUL;;Information and Communication;27905.22550186;JUL 2026;2026-07-01
Monthly;2026;JUN;;Financial and Insurance Activities;195581.25871961;JUN 2026;2026-06-01
Monthly;2026;MAR;;Professional, Scientific and Technical Activities;18556.343;MAR 2026;2026-03-01
Monthly;2026;JUN;;Professional, Scientific and Technical Activities;14671.8659977066;JUN 2026;2026-06-01
Monthly;2026;MAR;;Education;7887.99420002249;MAR 2026;2026-03-01
Monthly;2026;JUL;;Education;8391.88478451472;JUL 2026;2026-07-01
Monthly;2026;FEB;;Human Health and Social Work Activities;29482.7100016909;FEB 2026;2026-02-01
Monthly;2026;JUL;;Human Health and Social Work Activities;34236.4740898101;JUL 2026;2026-07-01
Monthly;2026;MAR;;Individuals' Loans;1450599.24984973;MAR 2026;2026-03-01
Monthly;2026;FEB;;Other Activities;171881.11876188;FEB 2026;2026-02-01
Monthly;2026;APR;;Other Activities;174130.26249219;APR 2026;2026-04-01
Monthly;2026;FEB;;Total;3334905.48597261;FEB 2026;2026-02-01
Monthly;2026;MAR;;Total;3355205.89191504;MAR 2026;2026-03-01
Monthly;2026;MAY;;Total;3393794.35502891;MAY 2026;2026-05-01
Monthly;2026;JUL;;Total;3433806.13211631;JUL 2026;2026-07-01
Quarterly;2026;;Q1;Manufacturing;199937.970880184;Q1 2026;2026-01-01
Quarterly;2026;;Q2;Manufacturing;199422.335918042;Q2 2026;2026-04-01
Quarterly;2026;;Q2;Accommodation and Food Service Activities;60968.4322754042;Q2 2026;2026-04-01
Quarterly;2026;;Q1;Administrative and Support Service Activities;76428.434;Q1 2026;2026-01-01
Quarterly;2026;;Q1;Education;7887.99420002249;Q1 2026;2026-01-01
Quarterly;2026;;Q2;Education;8483.9529012575;Q2 2026;2026-04-01
Monthly;2026;JUL;;Agriculture, Forestry and Fishing;9810.739;JUL 2026;2026-07-01
Monthly;2026;MAY;;Mining and Quarrying;45739.817;MAY 2026;2026-05-01
Monthly;2026;JUN;;Mining and Quarrying;46410.426;JUN 2026;2026-06-01
Monthly;2026;FEB;;Manufacturing;200917.414517903;FEB 2026;2026-02-01
Monthly;2026;JAN;;Electricity, Gas and Water Supplies;212581.099174154;JAN 2026;2026-01-01
Monthly;2026;FEB;;Electricity, Gas and Water Supplies;217503.482796852;FEB 2026;2026-02-01
Monthly;2026;JUL;;Electricity, Gas and Water Supplies;254123.530358421;JUL 2026;2026-07-01
Monthly;2026;FEB;;Construction;140634.242116934;FEB 2026;2026-02-01
Monthly;2026;MAR;;Construction;143486.214910927;MAR 2026;2026-03-01
Monthly;2026;APR;;Wholesale and Retail Trade;220466.177215473;APR 2026;2026-04-01
Monthly;2026;FEB;;Transportation and Storage;75622.16055318;FEB 2026;2026-02-01
Monthly;2026;MAR;;Accommodation and Food Service Activities;59861.4551006584;MAR 2026;2026-03-01
Monthly;2026;MAY;;Accommodation and Food Service Activities;59692.4893505253;MAY 2026;2026-05-01
Monthly;2026;JAN;;Financial and Insurance Activities;180841.693213561;JAN 2026;2026-01-01
Monthly;2026;FEB;;Financial and Insurance Activities;182578.919830903;FEB 2026;2026-02-01
Monthly;2026;APR;;Financial and Insurance Activities;192016.459500587;APR 2026;2026-04-01
Monthly;2026;MAR;;Real Estate Activities;408960.122775218;MAR 2026;2026-03-01
Monthly;2026;MAY;;Real Estate Activities;409149.947591652;MAY 2026;2026-05-01
Monthly;2026;JUL;;Real Estate Activities;417028.283466022;JUL 2026;2026-07-01
Monthly;2026;MAY;;Administrative and Support Service Activities;76428.83;MAY 2026;2026-05-01
Monthly;2026;FEB;;Education;7788.775;FEB 2026;2026-02-01
Monthly;2026;APR;;Education;8227.124166891;APR 2026;2026-04-01
Monthly;2026;MAY;;Education;8223.0750034281;MAY 2026;2026-05-01
Monthly;2026;JUN;;Education;8483.9529012575;JUN 2026;2026-06-01
Monthly;2026;JAN;;Human Health and Social Work Activities;29468.9850311983;JAN 2026;2026-01-01
Monthly;2026;JAN;;Individuals' Loans;1445432.65155442;JAN 2026;2026-01-01
Monthly;2026;FEB;;Individuals' Loans;1448667.34202027;FEB 2026;2026-02-01
Monthly;2026;JAN;;Other Activities;172462.68134533;JAN 2026;2026-01-01
Monthly;2026;MAR;;Other Activities;171516.99841217;MAR 2026;2026-03-01
Monthly;2026;APR;;Total;3376463.5623966;APR 2026;2026-04-01
Quarterly;2026;;Q2;Wholesale and Retail Trade;220795.088210038;Q2 2026;2026-04-01
Quarterly;2026;;Q1;Accommodation and Food Service Activities;59861.4551006584;Q1 2026;2026-01-01
Quarterly;2026;;Q1;Professional, Scientific and Technical Activities;18556.343;Q1 2026;2026-01-01
Quarterly;2026;;Q2;Administrative and Support Service Activities;75397.87;Q2 2026;2026-04-01
Quarterly;2026;;Q1;Human Health and Social Work Activities;30060.5120507898;Q1 2026;2026-01-01
Quarterly;2026;;Q1;Other Activities;171516.99841217;Q1 2026;2026-01-01
Quarterly;2026;;Q1;Total;3355205.89191504;Q1 2026;2026-01-01
Monthly;2026;JUN;;Agriculture, Forestry and Fishing;10304.256;JUN 2026;2026-06-01
Monthly;2026;APR;;Mining and Quarrying;46066.921;APR 2026;2026-04-01
Monthly;2026;JAN;;Manufacturing;196916.370100035;JAN 2026;2026-01-01
Monthly;2026;MAR;;Manufacturing;199937.970880184;MAR 2026;2026-03-01
Monthly;2026;JUN;;Electricity, Gas and Water Supplies;248856.239823167;JUN 2026;2026-06-01
Monthly;2026;MAY;;Construction;150094.723266323;MAY 2026;2026-05-01
Monthly;2026;JAN;;Wholesale and Retail Trade;218561.689020098;JAN 2026;2026-01-01
Monthly;2026;MAY;;Wholesale and Retail Trade;218965.729318187;MAY 2026;2026-05-01
Monthly;2026;JAN;;Information and Communication;31051.14995486;JAN 2026;2026-01-01
Monthly;2026;FEB;;Real Estate Activities;400354.513275584;FEB 2026;2026-02-01
Monthly;2026;FEB;;Professional, Scientific and Technical Activities;17262.551;FEB 2026;2026-02-01
Monthly;2026;APR;;Professional, Scientific and Technical Activities;13802.058;APR 2026;2026-04-01
Monthly;2026;MAY;;Professional, Scientific and Technical Activities;14013.659;MAY 2026;2026-05-01
Monthly;2026;JUL;;Professional, Scientific and Technical Activities;14060.9439856298;JUL 2026;2026-07-01
Monthly;2026;JAN;;Administrative and Support Service Activities;73396.839;JAN 2026;2026-01-01
Monthly;2026;MAR;;Administrative and Support Service Activities;76428.434;MAR 2026;2026-03-01
Monthly;2026;JAN;;Education;7841.151;JAN 2026;2026-01-01
Monthly;2026;JUN;;Human Health and Social Work Activities;32411.4219989297;JUN 2026;2026-06-01
Monthly;2026;MAY;;Individuals' Loans;1454941.33942691;MAY 2026;2026-05-01
Monthly;2026;JUN;;Other Activities;178015.71301025;JUN 2026;2026-06-01
Annually;2025;;;Human Health and Social Work Activities;29149.9416644377;2025;2025-01-01
Quarterly;2025;;Q4;Manufacturing;193599.458640416;Q4 2025;2025-10-01
Quarterly;2025;;Q1;Electricity, Gas and Water Supplies;181430.860977;Q1 2025;2025-01-01
Quarterly;2025;;Q1;Construction;131447.580746;Q1 2025;2025-01-01
Quarterly;2025;;Q3;Wholesale and Retail Trade;216238.619803253;Q3 2025;2025-07-01
Quarterly;2025;;Q1;Financial and Insurance Activities;161233.35908;Q1 2025;2025-01-01
Quarterly;2025;;Q3;Financial and Insurance Activities;184660.106124693;Q3 2025;2025-07-01
Quarterly;2025;;Q1;Administrative and Support Service Activities;68671.918;Q1 2025;2025-01-01
Quarterly;2025;;Q3;Administrative and Support Service Activities;70863.138;Q3 2025;2025-07-01
Quarterly;2025;;Q1;Education;9349.729;Q1 2025;2025-01-01
Quarterly;2025;;Q3;Human Health and Social Work Activities;26765.601003;Q3 2025;2025-07-01
Quarterly;2025;;Q3;Individuals' Loans;1425126.46258459;Q3 2025;2025-07-01
Quarterly;2025;;Q3;Other Activities;162713.16565392;Q3 2025;2025-07-01
Monthly;2025;FEB;;Agriculture, Forestry and Fishing;10137.265747;FEB 2025;2025-02-01
Monthly;2025;MAY;;Agriculture, Forestry and Fishing;10650.93;MAY 2025;2025-05-01
Monthly;2025;SEP;;Agriculture, Forestry and Fishing;14320.861;SEP 2025;2025-09-01
Monthly;2025;OCT;;Agriculture, Forestry and Fishing;14401.696332;OCT 2025;2025-10-01
Monthly;2025;JAN;;Mining and Quarrying;49940.462977;JAN 2025;2025-01-01
Monthly;2025;MAR;;Mining and Quarrying;52629.751;MAR 2025;2025-03-01
Monthly;2025;MAY;;Mining and Quarrying;48567.873;MAY 2025;2025-05-01
Monthly;2025;JUL;;Mining and Quarrying;47018.23089074;JUL 2025;2025-07-01
Monthly;2025;OCT;;Mining and Quarrying;48950.668;OCT 2025;2025-10-01
Monthly;2025;DEC;;Mining and Quarrying;49759.069;DEC 2025;2025-12-01
Monthly;2025;FEB;;Manufacturing;185104.111696;FEB 2025;2025-02-01
Monthly;2025;JUL;;Manufacturing;195362.096523017;JUL 2025;2025-07-01
Monthly;2025;JAN;;Electricity, Gas and Water Supplies;179630.955679;JAN 2025;2025-01-01
Monthly;2025;MAY;;Electricity, Gas and Water Supplies;195877.47944893;MAY 2025;2025-05-01
Monthly;2025;SEP;;Electricity, Gas and Water Supplies;210460.575214277;SEP 2025;2025-09-01
Monthly;2025;MAR;;Construction;131447.580746;MAR 2025;2025-03-01
Monthly;2025;MAY;;Construction;138739.22896628;MAY 2025;2025-05-01
Monthly;2025;OCT;;Construction;143954.53255537;OCT 2025;2025-10-01
Monthly;2025;DEC;;Transportation and Storage;71975.4039785;DEC 2025;2025-12-01
Monthly;2025;FEB;;Accommodation and Food Service Activities;43467.027202;FEB 2025;2025-02-01
Monthly;2025;MAR;;Accommodation and Food Service Activities;45313.262;MAR 2025;2025-03-01
Monthly;2025;FEB;;Financial and Insurance Activities;165390.141164;FEB 2025;2025-02-01
Monthly;2025;JUL;;Financial and Insurance Activities;173711.88960508;JUL 2025;2025-07-01
Monthly;2025;SEP;;Financial and Insurance Activities;184660.106124693;SEP 2025;2025-09-01
Monthly;2025;APR;;Real Estate Activities;375228.06548815;APR 2025;2025-04-01
Monthly;2025;DEC;;Professional, Scientific and Technical Activities;15070.842;DEC 2025;2025-12-01
Monthly;2025;AUG;;Administrative and Support Service Activities;69984.336;AUG 2025;2025-08-01
Monthly;2025;OCT;;Administrative and Support Service Activities;70349.805;OCT 2025;2025-10-01
Monthly;2025;APR;;Education;9523.475;APR 2025;2025-04-01
Monthly;2025;DEC;;Education;7748.714;DEC 2025;2025-12-01
Monthly;2025;JAN;;Human Health and Social Work Activities;22078.131227;JAN 2025;2025-01-01
Monthly;2025;OCT;;Human Health and Social Work Activities;27452.59718;OCT 2025;2025-10-01
Monthly;2025;FEB;;Individuals' Loans;1382572.93749057;FEB 2025;2025-02-01
Monthly;2025;MAY;;Individuals' Loans;1414434.23551987;MAY 2025;2025-05-01
Monthly;2025;JUN;;Individuals' Loans;1398808.08862626;JUN 2025;2025-06-01
Monthly;2025;SEP;;Individuals' Loans;1425126.46258459;SEP 2025;2025-09-01
Monthly;2025;JAN;;Other Activities;151410.25966971;JAN 2025;2025-01-01
Monthly;2025;APR;;Other Activities;154798.35755946;APR 2025;2025-04-01
Monthly;2025;JUN;;Other Activities;161586.76833584;JUN 2025;2025-06-01
Monthly;2025;JUL;;Other Activities;166504.07818728;JUL 2025;2025-07-01
Monthly;2025;FEB;;Total;3042981.42733604;FEB 2025;2025-02-01
Monthly;2025;MAR;;Total;3101961.24432631;MAR 2025;2025-03-01
Monthly;2025;DEC;;Total;3296176.05012027;DEC 2025;2025-12-01
Monthly;2025;FEB;;Transportation and Storage;57333.969173;FEB 2025;2025-02-01
Monthly;2025;APR;;Transportation and Storage;67548.667206;APR 2025;2025-04-01
Monthly;2025;MAY;;Transportation and Storage;68372.66964944;MAY 2025;2025-05-01
Monthly;2025;OCT;;Accommodation and Food Service Activities;58638.2247608456;OCT 2025;2025-10-01
Monthly;2025;NOV;;Accommodation and Food Service Activities;58695.1258733575;NOV 2025;2025-11-01
Monthly;2025;FEB;;Information and Communication;25322.01338286;FEB 2025;2025-02-01
Monthly;2025;APR;;Information and Communication;27258.15866886;APR 2025;2025-04-01
Monthly;2025;AUG;;Information and Communication;28820.46595487;AUG 2025;2025-08-01
Monthly;2025;OCT;;Information and Communication;30123.82295487;OCT 2025;2025-10-01
Monthly;2025;NOV;;Information and Communication;31063.0271858636;NOV 2025;2025-11-01
Annually;2025;;;Transportation and Storage;71975.4039785;2025;2025-01-01
Quarterly;2025;;Q4;Electricity, Gas and Water Supplies;217563.739556541;Q4 2025;2025-10-01
Quarterly;2025;;Q1;Wholesale and Retail Trade;212790.641261;Q1 2025;2025-01-01
Quarterly;2025;;Q4;Wholesale and Retail Trade;214811.578375331;Q4 2025;2025-10-01
Quarterly;2025;;Q4;Accommodation and Food Service Activities;57032.8582643769;Q4 2025;2025-10-01
Quarterly;2025;;Q2;Information and Communication;28514.03895487;Q2 2025;2025-04-01
Quarterly;2025;;Q3;Professional, Scientific and Technical Activities;13855.919;Q3 2025;2025-07-01
Quarterly;2025;;Q2;Education;8396.841;Q2 2025;2025-04-01
Quarterly;2025;;Q2;Human Health and Social Work Activities;26929.207759;Q2 2025;2025-04-01
Quarterly;2025;;Q4;Human Health and Social Work Activities;29149.9416644377;Q4 2025;2025-10-01
Quarterly;2025;;Q4;Individuals' Loans;1434023.63059284;Q4 2025;2025-10-01
Quarterly;2025;;Q4;Other Activities;173785.98777154;Q4 2025;2025-10-01
Quarterly;2025;;Q1;Total;3101961.24432631;Q1 2025;2025-01-01
Monthly;2025;MAR;;Agriculture, Forestry and Fishing;10079.184119;MAR 2025;2025-03-01
Monthly;2025;JUN;;Agriculture, Forestry and Fishing;11371.83;JUN 2025;2025-06-01
Monthly;2025;JUL;;Agriculture, Forestry and Fishing;14394.09098008;JUL 2025;2025-07-01
Monthly;2025;DEC;;Agriculture, Forestry and Fishing;14298.366778;DEC 2025;2025-12-01
Monthly;2025;JUN;;Mining and Quarrying;48587.096;JUN 2025;2025-06-01
Monthly;2025;SEP;;Mining and Quarrying;48633.854;SEP 2025;2025-09-01
Monthly;2025;JAN;;Manufacturing;186383.593514;JAN 2025;2025-01-01
Monthly;2025;SEP;;Manufacturing;198155.50134678;SEP 2025;2025-09-01
Monthly;2025;FEB;;Electricity, Gas and Water Supplies;177456.021;FEB 2025;2025-02-01
Monthly;2025;JUN;;Electricity, Gas and Water Supplies;199313.81867282;JUN 2025;2025-06-01
Monthly;2025;AUG;;Electricity, Gas and Water Supplies;209201.4059512;AUG 2025;2025-08-01
Monthly;2025;JUL;;Construction;142729.32814031;JUL 2025;2025-07-01
Monthly;2025;DEC;;Construction;139656.056401635;DEC 2025;2025-12-01
Monthly;2025;APR;;Wholesale and Retail Trade;212394.629818;APR 2025;2025-04-01
Monthly;2025;JAN;;Transportation and Storage;55179.800677;JAN 2025;2025-01-01
Monthly;2025;SEP;;Accommodation and Food Service Activities;59566.518539094;SEP 2025;2025-09-01
Monthly;2025;MAY;;Information and Communication;29061.86003387;MAY 2025;2025-05-01
Monthly;2025;JUL;;Information and Communication;28729.56431232;JUL 2025;2025-07-01
Monthly;2025;JAN;;Financial and Insurance Activities;162753.415057;JAN 2025;2025-01-01
Monthly;2025;MAY;;Financial and Insurance Activities;160073.78232917;MAY 2025;2025-05-01
Monthly;2025;JUN;;Financial and Insurance Activities;167456.788571;JUN 2025;2025-06-01
Monthly;2025;DEC;;Financial and Insurance Activities;180028.406487079;DEC 2025;2025-12-01
Monthly;2025;NOV;;Real Estate Activities;382422.052243083;NOV 2025;2025-11-01
Monthly;2025;JAN;;Professional, Scientific and Technical Activities;9283.167769;JAN 2025;2025-01-01
Monthly;2025;FEB;;Professional, Scientific and Technical Activities;9487.734;FEB 2025;2025-02-01
Monthly;2025;APR;;Professional, Scientific and Technical Activities;8959.845;APR 2025;2025-04-01
Monthly;2025;OCT;;Professional, Scientific and Technical Activities;10584.654;OCT 2025;2025-10-01
Monthly;2025;FEB;;Administrative and Support Service Activities;68683.12;FEB 2025;2025-02-01
Monthly;2025;JUN;;Administrative and Support Service Activities;68976.515;JUN 2025;2025-06-01
Monthly;2025;DEC;;Administrative and Support Service Activities;73170.205;DEC 2025;2025-12-01
Monthly;2025;JAN;;Education;8664.105968;JAN 2025;2025-01-01
Monthly;2025;MAR;;Education;9349.729;MAR 2025;2025-03-01
Monthly;2025;JUN;;Education;8396.841;JUN 2025;2025-06-01
Monthly;2025;SEP;;Education;7857.34;SEP 2025;2025-09-01
Monthly;2025;JUN;;Human Health and Social Work Activities;26929.207759;JUN 2025;2025-06-01
Monthly;2025;AUG;;Human Health and Social Work Activities;26551.738086;AUG 2025;2025-08-01
Monthly;2025;JAN;;Individuals' Loans;1374686.01506543;JAN 2025;2025-01-01
Monthly;2025;OCT;;Individuals' Loans;1427491.92970113;OCT 2025;2025-10-01
Monthly;2025;FEB;;Other Activities;157672.89464488;FEB 2025;2025-02-01
Monthly;2025;MAR;;Other Activities;156296.48253224;MAR 2025;2025-03-01
Monthly;2025;AUG;;Other Activities;164997.18684489;AUG 2025;2025-08-01
Monthly;2025;NOV;;Other Activities;169151.96079145;NOV 2025;2025-11-01
Monthly;2025;DEC;;Other Activities;173785.98777154;DEC 2025;2025-12-01
Monthly;2025;JAN;;Total;3005945.83;JAN 2025;2025-01-01
Monthly;2025;JUN;;Total;3186271.07669674;JUN 2025;2025-06-01
Monthly;2025;AUG;;Total;3237548.78517748;AUG 2025;2025-08-01
Annually;2025;;;Agriculture, Forestry and Fishing;14298.366778;2025;2025-01-01
Annually;2025;;;Manufacturing;193599.458640416;2025;2025-01-01
Annually;2025;;;Accommodation and Food Service Activities;57032.8582643769;2025;2025-01-01
Annually;2025;;;Information and Communication;31022.64995486;2025;2025-01-01
Annually;2025;;;Individuals' Loans;1434023.63059284;2025;2025-01-01
Annually;2025;;;Other Activities;173785.98777154;2025;2025-01-01
Annually;2025;;;Total;3296176.05012027;2025;2025-01-01
Quarterly;2025;;Q2;Agriculture, Forestry and Fishing;11371.83;Q2 2025;2025-04-01
Quarterly;2025;;Q1;Mining and Quarrying;52629.751;Q1 2025;2025-01-01
Quarterly;2025;;Q2;Wholesale and Retail Trade;213086.45087356;Q2 2025;2025-04-01
Quarterly;2025;;Q1;Transportation and Storage;60315.269538;Q1 2025;2025-01-01
Quarterly;2025;;Q3;Information and Communication;29774.58295486;Q3 2025;2025-07-01
Quarterly;2025;;Q4;Financial and Insurance Activities;180028.406487079;Q4 2025;2025-10-01
Quarterly;2025;;Q3;Real Estate Activities;377669.761380509;Q3 2025;2025-07-01
Quarterly;2025;;Q4;Real Estate Activities;393479.141654706;Q4 2025;2025-10-01
Quarterly;2025;;Q3;Education;7857.34;Q3 2025;2025-07-01
Quarterly;2025;;Q4;Education;7748.714;Q4 2025;2025-10-01
Quarterly;2025;;Q1;Human Health and Social Work Activities;23848.32756;Q1 2025;2025-01-01
Quarterly;2025;;Q2;Individuals' Loans;1398808.08862626;Q2 2025;2025-04-01
Monthly;2025;MAY;;Manufacturing;191192.3072491;MAY 2025;2025-05-01
Monthly;2025;JUN;;Manufacturing;192247.4759541;JUN 2025;2025-06-01
Monthly;2025;DEC;;Manufacturing;193599.458640416;DEC 2025;2025-12-01
Monthly;2025;JUL;;Electricity, Gas and Water Supplies;204187.200353014;JUL 2025;2025-07-01
Monthly;2025;NOV;;Electricity, Gas and Water Supplies;214518.55125997;NOV 2025;2025-11-01
Monthly;2025;JAN;;Wholesale and Retail Trade;203971.058478;JAN 2025;2025-01-01
Monthly;2025;FEB;;Wholesale and Retail Trade;206142.562679;FEB 2025;2025-02-01
Monthly;2025;DEC;;Wholesale and Retail Trade;214811.578375331;DEC 2025;2025-12-01
Monthly;2025;OCT;;Transportation and Storage;71070.03544582;OCT 2025;2025-10-01
Monthly;2025;AUG;;Accommodation and Food Service Activities;57117.281;AUG 2025;2025-08-01
Monthly;2025;DEC;;Accommodation and Food Service Activities;57032.8582643769;DEC 2025;2025-12-01
Monthly;2025;SEP;;Information and Communication;29774.58295486;SEP 2025;2025-09-01
Monthly;2025;APR;;Financial and Insurance Activities;159847.34253;APR 2025;2025-04-01
Monthly;2025;OCT;;Financial and Insurance Activities;185393.475116664;OCT 2025;2025-10-01
Monthly;2025;NOV;;Financial and Insurance Activities;180833.810696961;NOV 2025;2025-11-01
Monthly;2025;JUL;;Real Estate Activities;377559.203001229;JUL 2025;2025-07-01
Monthly;2025;DEC;;Real Estate Activities;393479.141654706;DEC 2025;2025-12-01
Monthly;2025;JUN;;Professional, Scientific and Technical Activities;11183.487;JUN 2025;2025-06-01
Monthly;2025;JUL;;Professional, Scientific and Technical Activities;11051.81586971;JUL 2025;2025-07-01
Monthly;2025;MAR;;Administrative and Support Service Activities;68671.918;MAR 2025;2025-03-01
Monthly;2025;MAY;;Administrative and Support Service Activities;67228.613;MAY 2025;2025-05-01
Monthly;2025;SEP;;Administrative and Support Service Activities;70863.138;SEP 2025;2025-09-01
Monthly;2025;AUG;;Education;8230.864;AUG 2025;2025-08-01
Monthly;2025;NOV;;Education;7794.979;NOV 2025;2025-11-01
Monthly;2025;MAR;;Human Health and Social Work Activities;23848.32756;MAR 2025;2025-03-01
Monthly;2025;JUL;;Human Health and Social Work Activities;26917.1051080563;JUL 2025;2025-07-01
Monthly;2025;AUG;;Individuals' Loans;1417406.66913002;AUG 2025;2025-08-01
Monthly;2025;DEC;;Individuals' Loans;1434023.63059284;DEC 2025;2025-12-01
Monthly;2025;MAY;;Total;3167558.28041778;MAY 2025;2025-05-01
Monthly;2025;SEP;;Total;3262151.5161446;SEP 2025;2025-09-01
Monthly;2025;OCT;;Total;3275115.73183088;OCT 2025;2025-10-01
Monthly;2025;JUN;;Wholesale and Retail Trade;213086.45087356;JUN 2025;2025-06-01
Monthly;2025;SEP;;Wholesale and Retail Trade;216238.619803253;SEP 2025;2025-09-01
Annually;2025;;;Electricity, Gas and Water Supplies;217563.739556541;2025;2025-01-01
Annually;2025;;;Construction;139656.056401635;2025;2025-01-01
Annually;2025;;;Wholesale and Retail Trade;214811.578375331;2025;2025-01-01
Annually;2025;;;Financial and Insurance Activities;180028.406487079;2025;2025-01-01
Annually;2025;;;Administrative and Support Service Activities;73170.205;2025;2025-01-01
Quarterly;2025;;Q3;Agriculture, Forestry and Fishing;14320.861;Q3 2025;2025-07-01
Quarterly;2025;;Q3;Mining and Quarrying;48633.854;Q3 2025;2025-07-01
Quarterly;2025;;Q2;Manufacturing;192247.4759541;Q2 2025;2025-04-01
Quarterly;2025;;Q2;Electricity, Gas and Water Supplies;199313.81867282;Q2 2025;2025-04-01
Quarterly;2025;;Q2;Construction;142145.47116539;Q2 2025;2025-04-01
Quarterly;2025;;Q3;Construction;145090.33712759;Q3 2025;2025-07-01
Quarterly;2025;;Q4;Construction;139656.056401635;Q4 2025;2025-10-01
Quarterly;2025;;Q2;Transportation and Storage;69478.32278427;Q2 2025;2025-04-01
Quarterly;2025;;Q1;Accommodation and Food Service Activities;45313.262;Q1 2025;2025-01-01
Quarterly;2025;;Q2;Accommodation and Food Service Activities;54304.824;Q2 2025;2025-04-01
Quarterly;2025;;Q3;Accommodation and Food Service Activities;59566.518539094;Q3 2025;2025-07-01
Quarterly;2025;;Q2;Financial and Insurance Activities;167456.788571;Q2 2025;2025-04-01
Quarterly;2025;;Q1;Professional, Scientific and Technical Activities;9620.987;Q1 2025;2025-01-01
Quarterly;2025;;Q2;Administrative and Support Service Activities;68976.515;Q2 2025;2025-04-01
Quarterly;2025;;Q3;Total;3262151.5161446;Q3 2025;2025-07-01
Monthly;2025;JAN;;Agriculture, Forestry and Fishing;8500.387551;JAN 2025;2025-01-01
Monthly;2025;AUG;;Agriculture, Forestry and Fishing;14276.125;AUG 2025;2025-08-01
Monthly;2025;APR;;Mining and Quarrying;47967.359;APR 2025;2025-04-01
Monthly;2025;NOV;;Mining and Quarrying;48379.789;NOV 2025;2025-11-01
Monthly;2025;MAR;;Manufacturing;189177.978552;MAR 2025;2025-03-01
Monthly;2025;OCT;;Manufacturing;201577.50878472;OCT 2025;2025-10-01
Monthly;2025;OCT;;Electricity, Gas and Water Supplies;213384.774424381;OCT 2025;2025-10-01
Monthly;2025;DEC;;Electricity, Gas and Water Supplies;217563.739556541;DEC 2025;2025-12-01
Monthly;2025;JAN;;Construction;125638.715746;JAN 2025;2025-01-01
Monthly;2025;FEB;;Construction;129904.114242;FEB 2025;2025-02-01
Monthly;2025;SEP;;Construction;145090.33712759;SEP 2025;2025-09-01
Monthly;2025;MAR;;Wholesale and Retail Trade;212790.641261;MAR 2025;2025-03-01
Monthly;2025;JUL;;Wholesale and Retail Trade;212871.748450522;JUL 2025;2025-07-01
Monthly;2025;MAR;;Transportation and Storage;60315.269538;MAR 2025;2025-03-01
Monthly;2025;JUN;;Transportation and Storage;69478.32278427;JUN 2025;2025-06-01
Monthly;2025;AUG;;Transportation and Storage;67240.30663172;AUG 2025;2025-08-01
Monthly;2025;SEP;;Transportation and Storage;70399.17241203;SEP 2025;2025-09-01
Monthly;2025;MAY;;Accommodation and Food Service Activities;47680.357;MAY 2025;2025-05-01
Monthly;2025;JUN;;Accommodation and Food Service Activities;54304.824;JUN 2025;2025-06-01
Monthly;2025;JUL;;Accommodation and Food Service Activities;59086.9070673782;JUL 2025;2025-07-01
Monthly;2025;JUN;;Information and Communication;28514.03895487;JUN 2025;2025-06-01
Monthly;2025;DEC;;Information and Communication;31022.64995486;DEC 2025;2025-12-01
Monthly;2025;JAN;;Real Estate Activities;333750.620885;JAN 2025;2025-01-01
Monthly;2025;MAY;;Real Estate Activities;374275.90630244;MAY 2025;2025-05-01
Monthly;2025;JUN;;Real Estate Activities;383884.05199963;JUN 2025;2025-06-01
Monthly;2025;SEP;;Real Estate Activities;377669.761380509;SEP 2025;2025-09-01
Monthly;2025;MAR;;Professional, Scientific and Technical Activities;9620.987;MAR 2025;2025-03-01
Monthly;2025;AUG;;Professional, Scientific and Technical Activities;11212.579;AUG 2025;2025-08-01
Monthly;2025;SEP;;Professional, Scientific and Technical Activities;13855.919;SEP 2025;2025-09-01
Monthly;2025;APR;;Administrative and Support Service Activities;68051.686;APR 2025;2025-04-01
Monthly;2025;JUL;;Administrative and Support Service Activities;70546.30413364;JUL 2025;2025-07-01
Monthly;2025;NOV;;Administrative and Support Service Activities;73586.871;NOV 2025;2025-11-01
Monthly;2025;MAY;;Education;9578.226;MAY 2025;2025-05-01
Monthly;2025;JUL;;Education;8454.27085304263;JUL 2025;2025-07-01
Monthly;2025;FEB;;Human Health and Social Work Activities;22183.875424;FEB 2025;2025-02-01
Monthly;2025;APR;;Human Health and Social Work Activities;24876.469235;APR 2025;2025-04-01
Monthly;2025;NOV;;Human Health and Social Work Activities;27159.9094873358;NOV 2025;2025-11-01
Monthly;2025;DEC;;Human Health and Social Work Activities;29149.9416644377;DEC 2025;2025-12-01
Monthly;2025;JUL;;Individuals' Loans;1407556.93030093;JUL 2025;2025-07-01
Monthly;2025;NOV;;Individuals' Loans;1430830.1100068;NOV 2025;2025-11-01
Monthly;2025;SEP;;Other Activities;162713.16565392;SEP 2025;2025-09-01
Monthly;2025;OCT;;Other Activities;164546.72415616;OCT 2025;2025-10-01
Monthly;2025;APR;;Total;3126381.22883294;APR 2025;2025-04-01
Monthly;2025;JUL;;Total;3215763.63805504;JUL 2025;2025-07-01
Annually;2025;;;Mining and Quarrying;49759.069;2025;2025-01-01
Annually;2025;;;Real Estate Activities;393479.141654706;2025;2025-01-01
Annually;2025;;;Professional, Scientific and Technical Activities;15070.842;2025;2025-01-01
Annually;2025;;;Education;7748.714;2025;2025-01-01
Quarterly;2025;;Q1;Agriculture, Forestry and Fishing;10079.184119;Q1 2025;2025-01-01
Quarterly;2025;;Q4;Agriculture, Forestry and Fishing;14298.366778;Q4 2025;2025-10-01
Quarterly;2025;;Q2;Mining and Quarrying;48587.096;Q2 2025;2025-04-01
Quarterly;2025;;Q4;Mining and Quarrying;49759.069;Q4 2025;2025-10-01
Quarterly;2025;;Q1;Manufacturing;189177.978552;Q1 2025;2025-01-01
Quarterly;2025;;Q3;Manufacturing;198155.50134678;Q3 2025;2025-07-01
Quarterly;2025;;Q3;Electricity, Gas and Water Supplies;210460.575214277;Q3 2025;2025-07-01
Quarterly;2025;;Q3;Transportation and Storage;70399.17241203;Q3 2025;2025-07-01
Quarterly;2025;;Q4;Transportation and Storage;71975.4039785;Q4 2025;2025-10-01
Quarterly;2025;;Q1;Information and Communication;25204.93895486;Q1 2025;2025-01-01
Quarterly;2025;;Q4;Information and Communication;31022.64995486;Q4 2025;2025-10-01
Quarterly;2025;;Q1;Real Estate Activities;374484.48465537;Q1 2025;2025-01-01
Quarterly;2025;;Q2;Real Estate Activities;383884.05199963;Q2 2025;2025-04-01
Quarterly;2025;;Q2;Professional, Scientific and Technical Activities;11183.487;Q2 2025;2025-04-01
Quarterly;2025;;Q4;Professional, Scientific and Technical Activities;15070.842;Q4 2025;2025-10-01
Quarterly;2025;;Q4;Administrative and Support Service Activities;73170.205;Q4 2025;2025-10-01
Quarterly;2025;;Q1;Individuals' Loans;1390066.48935084;Q1 2025;2025-01-01
Quarterly;2025;;Q1;Other Activities;156296.48253224;Q1 2025;2025-01-01
Quarterly;2025;;Q2;Other Activities;161586.76833584;Q2 2025;2025-04-01
Quarterly;2025;;Q2;Total;3186271.07669674;Q2 2025;2025-04-01
Quarterly;2025;;Q4;Total;3296176.05012027;Q4 2025;2025-10-01
Monthly;2025;APR;;Agriculture, Forestry and Fishing;10301.76856;APR 2025;2025-04-01
Monthly;2025;NOV;;Agriculture, Forestry and Fishing;14284.67;NOV 2025;2025-11-01
Monthly;2025;FEB;;Mining and Quarrying;51035.366;FEB 2025;2025-02-01
Monthly;2025;AUG;;Mining and Quarrying;48305.225;AUG 2025;2025-08-01
Monthly;2025;APR;;Manufacturing;187886.556386;APR 2025;2025-04-01
Monthly;2025;AUG;;Manufacturing;200104.79837623;AUG 2025;2025-08-01
Monthly;2025;NOV;;Manufacturing;198469.80005693;NOV 2025;2025-11-01
Monthly;2025;MAR;;Electricity, Gas and Water Supplies;181430.860977;MAR 2025;2025-03-01
Monthly;2025;APR;;Electricity, Gas and Water Supplies;189312.681921;APR 2025;2025-04-01
Monthly;2025;APR;;Construction;133531.297867715;APR 2025;2025-04-01
Monthly;2025;JUN;;Construction;142145.47116539;JUN 2025;2025-06-01
Monthly;2025;AUG;;Construction;140575.63978303;AUG 2025;2025-08-01
Monthly;2025;NOV;;Construction;147826.184781783;NOV 2025;2025-11-01
Monthly;2025;MAY;;Wholesale and Retail Trade;214036.13470759;MAY 2025;2025-05-01
Monthly;2025;AUG;;Wholesale and Retail Trade;213567.78536636;AUG 2025;2025-08-01
Monthly;2025;OCT;;Wholesale and Retail Trade;215823.636559952;OCT 2025;2025-10-01
Monthly;2025;NOV;;Wholesale and Retail Trade;213191.60865359;NOV 2025;2025-11-01
Monthly;2025;JUL;;Transportation and Storage;69082.8742786867;JUL 2025;2025-07-01
Monthly;2025;NOV;;Transportation and Storage;69801.11549195;NOV 2025;2025-11-01
Monthly;2025;JAN;;Accommodation and Food Service Activities;43043.708185;JAN 2025;2025-01-01
Monthly;2025;APR;;Accommodation and Food Service Activities;46381.054045;APR 2025;2025-04-01
Monthly;2025;JAN;;Information and Communication;25152.57099186;JAN 2025;2025-01-01
Monthly;2025;MAR;;Information and Communication;25204.93895486;MAR 2025;2025-03-01
Monthly;2025;MAR;;Financial and Insurance Activities;161233.35908;MAR 2025;2025-03-01
Monthly;2025;AUG;;Financial and Insurance Activities;181135.739678;AUG 2025;2025-08-01
Monthly;2025;FEB;;Real Estate Activities;342335.22349073;FEB 2025;2025-02-01
Monthly;2025;MAR;;Real Estate Activities;374484.48465537;MAR 2025;2025-03-01
Monthly;2025;AUG;;Real Estate Activities;378820.63937516;AUG 2025;2025-08-01
Monthly;2025;OCT;;Real Estate Activities;383605.547858968;OCT 2025;2025-10-01
Monthly;2025;MAY;;Professional, Scientific and Technical Activities;9795.245;MAY 2025;2025-05-01
Monthly;2025;NOV;;Professional, Scientific and Technical Activities;14180.439;NOV 2025;2025-11-01
Monthly;2025;JAN;;Administrative and Support Service Activities;65878.86056;JAN 2025;2025-01-01
Monthly;2025;FEB;;Education;8753.05;FEB 2025;2025-02-01
Monthly;2025;OCT;;Education;7766.099;OCT 2025;2025-10-01
Monthly;2025;MAY;;Human Health and Social Work Activities;25512.163911;MAY 2025;2025-05-01
Monthly;2025;SEP;;Human Health and Social Work Activities;26765.601003;SEP 2025;2025-09-01
Monthly;2025;MAR;;Individuals' Loans;1390066.48935084;MAR 2025;2025-03-01
Monthly;2025;APR;;Individuals' Loans;1402513.81454776;APR 2025;2025-04-01
Monthly;2025;MAY;;Other Activities;162481.26830009;MAY 2025;2025-05-01
Monthly;2025;NOV;;Total;3282190.00452907;NOV 2025;2025-11-01
Annually;2024;;;Wholesale and Retail Trade;198625.067714;2024;2024-01-01
Annually;2024;;;Transportation and Storage;54830.34827;2024;2024-01-01
Annually;2024;;;Information and Communication;25684.06672686;2024;2024-01-01
Quarterly;2024;;Q4;Mining and Quarrying;50207.201768;Q4 2024;2024-10-01
Quarterly;2024;;Q1;Manufacturing;172785.666754;Q1 2024;2024-01-01
Quarterly;2024;;Q1;Electricity, Gas and Water Supplies;147995.476871;Q1 2024;2024-01-01
Quarterly;2024;;Q4;Electricity, Gas and Water Supplies;177175.283271;Q4 2024;2024-10-01
Quarterly;2024;;Q1;Construction;127332.585134;Q1 2024;2024-01-01
Quarterly;2024;;Q2;Wholesale and Retail Trade;196521.564091;Q2 2024;2024-04-01
Quarterly;2024;;Q1;Accommodation and Food Service Activities;40006.503933;Q1 2024;2024-01-01
Quarterly;2024;;Q2;Information and Communication;26614.48414186;Q2 2024;2024-04-01
Quarterly;2024;;Q3;Information and Communication;26456.57300686;Q3 2024;2024-07-01
Quarterly;2024;;Q2;Professional, Scientific and Technical Activities;9858.692633;Q2 2024;2024-04-01
Quarterly;2024;;Q1;Administrative and Support Service Activities;59709.199333;Q1 2024;2024-01-01
Quarterly;2024;;Q3;Human Health and Social Work Activities;21415.756257;Q3 2024;2024-07-01
Quarterly;2024;;Q4;Individuals' Loans;1363546.12727093;Q4 2024;2024-10-01
Quarterly;2024;;Q1;Other Activities;121176.77518827;Q1 2024;2024-01-01
Quarterly;2024;;Q3;Total;2853138.67;Q3 2024;2024-07-01
Monthly;2024;NOV;;Agriculture, Forestry and Fishing;9212.147379;NOV 2024;2024-11-01
Monthly;2024;MAY;;Mining and Quarrying;44949.256492;MAY 2024;2024-05-01
Monthly;2024;JUN;;Mining and Quarrying;48318.131195;JUN 2024;2024-06-01
Monthly;2024;SEP;;Mining and Quarrying;47183.083088;SEP 2024;2024-09-01
Monthly;2024;NOV;;Mining and Quarrying;48162.303373;NOV 2024;2024-11-01
Monthly;2024;JAN;;Manufacturing;172683.188558;JAN 2024;2024-01-01
Monthly;2024;JUN;;Manufacturing;175549.316903;JUN 2024;2024-06-01
Monthly;2024;AUG;;Manufacturing;179767.773984;AUG 2024;2024-08-01
Monthly;2024;DEC;;Manufacturing;180308.452664;DEC 2024;2024-12-01
Monthly;2024;JAN;;Electricity, Gas and Water Supplies;147182.652812;JAN 2024;2024-01-01
Monthly;2024;JUN;;Electricity, Gas and Water Supplies;158755.474287;JUN 2024;2024-06-01
Monthly;2024;MAY;;Construction;129602.026462;MAY 2024;2024-05-01
Monthly;2024;DEC;;Construction;120285.955535;DEC 2024;2024-12-01
Monthly;2024;JUL;;Wholesale and Retail Trade;199343.573385;JUL 2024;2024-07-01
Monthly;2024;NOV;;Wholesale and Retail Trade;202233.357669;NOV 2024;2024-11-01
Monthly;2024;FEB;;Transportation and Storage;47005.249423;FEB 2024;2024-02-01
Monthly;2024;JUL;;Transportation and Storage;50156.689964;JUL 2024;2024-07-01
Monthly;2024;MAY;;Accommodation and Food Service Activities;40996.021042;MAY 2024;2024-05-01
Monthly;2024;SEP;;Accommodation and Food Service Activities;41674.485087;SEP 2024;2024-09-01
Monthly;2024;DEC;;Accommodation and Food Service Activities;46041.134928;DEC 2024;2024-12-01
Monthly;2024;MAR;;Financial and Insurance Activities;116489.793539;MAR 2024;2024-03-01
Monthly;2024;JUL;;Financial and Insurance Activities;132153.594426;JUL 2024;2024-07-01
Monthly;2024;AUG;;Financial and Insurance Activities;136597.814426;AUG 2024;2024-08-01
Monthly;2024;SEP;;Financial and Insurance Activities;135991.508245;SEP 2024;2024-09-01
Monthly;2024;FEB;;Real Estate Activities;261674.713577;FEB 2024;2024-02-01
Monthly;2024;MAY;;Real Estate Activities;271830.880898;MAY 2024;2024-05-01
Monthly;2024;SEP;;Real Estate Activities;299747.949884;SEP 2024;2024-09-01
Monthly;2024;OCT;;Real Estate Activities;301805.443373;OCT 2024;2024-10-01
Monthly;2024;APR;;Professional, Scientific and Technical Activities;7836.291948;APR 2024;2024-04-01
Monthly;2024;OCT;;Professional, Scientific and Technical Activities;9332.742709;OCT 2024;2024-10-01
Monthly;2024;DEC;;Professional, Scientific and Technical Activities;9400.92406;DEC 2024;2024-12-01
Monthly;2024;JUL;;Administrative and Support Service Activities;62432.512585;JUL 2024;2024-07-01
Monthly;2024;AUG;;Administrative and Support Service Activities;62532.40733;AUG 2024;2024-08-01
Monthly;2024;OCT;;Administrative and Support Service Activities;65475.379681;OCT 2024;2024-10-01
Monthly;2024;MAR;;Education;6461.420522;MAR 2024;2024-03-01
Monthly;2024;FEB;;Human Health and Social Work Activities;20021.25122;FEB 2024;2024-02-01
Monthly;2024;JUN;;Human Health and Social Work Activities;19885.684622;JUN 2024;2024-06-01
Monthly;2024;AUG;;Human Health and Social Work Activities;20479.75895;AUG 2024;2024-08-01
Monthly;2024;OCT;;Human Health and Social Work Activities;21430.091874;OCT 2024;2024-10-01
Monthly;2024;DEC;;Human Health and Social Work Activities;22414.490506;DEC 2024;2024-12-01
Monthly;2024;MAR;;Individuals' Loans;1268354.46838358;MAR 2024;2024-03-01
Monthly;2024;APR;;Individuals' Loans;1270389.71083857;APR 2024;2024-04-01
Monthly;2024;JUN;;Individuals' Loans;1292834.31083277;JUN 2024;2024-06-01
Monthly;2024;AUG;;Individuals' Loans;1303370.59507876;AUG 2024;2024-08-01
Monthly;2024;SEP;;Individuals' Loans;1323976.27855934;SEP 2024;2024-09-01
Monthly;2024;FEB;;Other Activities;118326.72410122;FEB 2024;2024-02-01
Monthly;2024;MAY;;Other Activities;121568.93846477;MAY 2024;2024-05-01
Monthly;2024;JUN;;Other Activities;119756.07721937;JUN 2024;2024-06-01
Monthly;2024;AUG;;Total;2824779.625;AUG 2024;2024-08-01
Monthly;2024;DEC;;Total;2955550.051;DEC 2024;2024-12-01
Monthly;2024;SEP;;Transportation and Storage;51218.097524;SEP 2024;2024-09-01
Monthly;2024;JAN;;Accommodation and Food Service Activities;43828.772146;JAN 2024;2024-01-01
Monthly;2024;MAR;;Accommodation and Food Service Activities;40006.503933;MAR 2024;2024-03-01
Monthly;2024;SEP;;Information and Communication;26456.57300686;SEP 2024;2024-09-01
Annually;2024;;;Agriculture, Forestry and Fishing;8317.108786;2024;2024-01-01
Annually;2024;;;Manufacturing;180308.452664;2024;2024-01-01
Annually;2024;;;Real Estate Activities;321483.1182339;2024;2024-01-01
Annually;2024;;;Administrative and Support Service Activities;66261.657265;2024;2024-01-01
Quarterly;2024;;Q1;Agriculture, Forestry and Fishing;8817.228875;Q1 2024;2024-01-01
Quarterly;2024;;Q3;Wholesale and Retail Trade;203052.900274;Q3 2024;2024-07-01
Quarterly;2024;;Q4;Wholesale and Retail Trade;198625.067714;Q4 2024;2024-10-01
Quarterly;2024;;Q1;Financial and Insurance Activities;116489.793539;Q1 2024;2024-01-01
Quarterly;2024;;Q1;Real Estate Activities;266604.55543729;Q1 2024;2024-01-01
Quarterly;2024;;Q3;Real Estate Activities;299747.949884;Q3 2024;2024-07-01
Quarterly;2024;;Q4;Professional, Scientific and Technical Activities;9400.92406;Q4 2024;2024-10-01
Quarterly;2024;;Q2;Human Health and Social Work Activities;19885.684622;Q2 2024;2024-04-01
Quarterly;2024;;Q1;Total;2668079.191;Q1 2024;2024-01-01
Quarterly;2024;;Q2;Total;2751842.227;Q2 2024;2024-04-01
Monthly;2024;MAR;;Agriculture, Forestry and Fishing;8817.228875;MAR 2024;2024-03-01
Monthly;2024;MAR;;Mining and Quarrying;44125.529018;MAR 2024;2024-03-01
Monthly;2024;JUL;;Mining and Quarrying;47150.21052;JUL 2024;2024-07-01
Monthly;2024;AUG;;Mining and Quarrying;47045.904651;AUG 2024;2024-08-01
Monthly;2024;OCT;;Mining and Quarrying;48408.645384;OCT 2024;2024-10-01
Monthly;2024;DEC;;Mining and Quarrying;50207.201768;DEC 2024;2024-12-01
Monthly;2024;FEB;;Manufacturing;175526.149954;FEB 2024;2024-02-01
Monthly;2024;NOV;;Manufacturing;180233.167087;NOV 2024;2024-11-01
Monthly;2024;MAR;;Electricity, Gas and Water Supplies;147995.476871;MAR 2024;2024-03-01
Monthly;2024;AUG;;Electricity, Gas and Water Supplies;164688.84115;AUG 2024;2024-08-01
Monthly;2024;OCT;;Electricity, Gas and Water Supplies;169807.942477;OCT 2024;2024-10-01
Monthly;2024;NOV;;Electricity, Gas and Water Supplies;173228.296253;NOV 2024;2024-11-01
Monthly;2024;DEC;;Electricity, Gas and Water Supplies;177175.283271;DEC 2024;2024-12-01
Monthly;2024;SEP;;Construction;136144.210746;SEP 2024;2024-09-01
Monthly;2024;OCT;;Construction;122249.790952;OCT 2024;2024-10-01
Monthly;2024;JAN;;Transportation and Storage;46606.470238;JAN 2024;2024-01-01
Monthly;2024;MAR;;Transportation and Storage;45699.299418;MAR 2024;2024-03-01
Monthly;2024;APR;;Accommodation and Food Service Activities;40161.103677;APR 2024;2024-04-01
Monthly;2024;JUN;;Accommodation and Food Service Activities;41002.563298;JUN 2024;2024-06-01
Monthly;2024;JUL;;Accommodation and Food Service Activities;42264.635174;JUL 2024;2024-07-01
Monthly;2024;AUG;;Accommodation and Food Service Activities;41762.666983;AUG 2024;2024-08-01
Monthly;2024;JUN;;Information and Communication;26614.48414186;JUN 2024;2024-06-01
Monthly;2024;JUL;;Information and Communication;26179.81113286;JUL 2024;2024-07-01
Monthly;2024;NOV;;Information and Communication;25978.23270886;NOV 2024;2024-11-01
Monthly;2024;JAN;;Financial and Insurance Activities;112729.264031;JAN 2024;2024-01-01
Monthly;2024;MAY;;Financial and Insurance Activities;121014.938934;MAY 2024;2024-05-01
Monthly;2024;JUN;;Financial and Insurance Activities;125183.872393;JUN 2024;2024-06-01
Monthly;2024;DEC;;Financial and Insurance Activities;156589.2333685;DEC 2024;2024-12-01
Monthly;2024;MAR;;Real Estate Activities;266604.55543729;MAR 2024;2024-03-01
Monthly;2024;NOV;;Real Estate Activities;315570.173373;NOV 2024;2024-11-01
Monthly;2024;JUN;;Professional, Scientific and Technical Activities;9858.692633;JUN 2024;2024-06-01
Monthly;2024;AUG;;Professional, Scientific and Technical Activities;10143.745331;AUG 2024;2024-08-01
Monthly;2024;MAY;;Administrative and Support Service Activities;61590.14891;MAY 2024;2024-05-01
Monthly;2024;FEB;;Education;6321.376711;FEB 2024;2024-02-01
Monthly;2024;OCT;;Education;7700.154023;OCT 2024;2024-10-01
Monthly;2024;APR;;Human Health and Social Work Activities;20491.302758;APR 2024;2024-04-01
Monthly;2024;JUL;;Individuals' Loans;1298996.28906905;JUL 2024;2024-07-01
Monthly;2024;NOV;;Individuals' Loans;1349736.61641445;NOV 2024;2024-11-01
Monthly;2024;APR;;Other Activities;120044.90008053;APR 2024;2024-04-01
Monthly;2024;MAR;;Total;2668079.191;MAR 2024;2024-03-01
Monthly;2024;APR;;Total;2683362.758;APR 2024;2024-04-01
Monthly;2024;JUL;;Total;2791301.093;JUL 2024;2024-07-01
Monthly;2024;SEP;;Total;2853138.67;SEP 2024;2024-09-01
Monthly;2024;NOV;;Total;2932460.291;NOV 2024;2024-11-01
Annually;2024;;;Individuals' Loans;1363546.12727093;2024;2024-01-01
Quarterly;2024;;Q2;Mining and Quarrying;48318.131195;Q2 2024;2024-04-01
Quarterly;2024;;Q4;Manufacturing;180308.452664;Q4 2024;2024-10-01
Quarterly;2024;;Q3;Electricity, Gas and Water Supplies;167050.999199;Q3 2024;2024-07-01
Quarterly;2024;;Q2;Construction;132508.035049;Q2 2024;2024-04-01
Quarterly;2024;;Q1;Transportation and Storage;45699.299418;Q1 2024;2024-01-01
Quarterly;2024;;Q4;Transportation and Storage;54830.34827;Q4 2024;2024-10-01
Quarterly;2024;;Q2;Financial and Insurance Activities;125183.872393;Q2 2024;2024-04-01
Quarterly;2024;;Q4;Financial and Insurance Activities;156589.2333685;Q4 2024;2024-10-01
Quarterly;2024;;Q4;Real Estate Activities;321483.1182339;Q4 2024;2024-10-01
Quarterly;2024;;Q3;Professional, Scientific and Technical Activities;10718.319605;Q3 2024;2024-07-01
Quarterly;2024;;Q2;Education;6608.374054;Q2 2024;2024-04-01
Quarterly;2024;;Q4;Human Health and Social Work Activities;22414.490506;Q4 2024;2024-10-01
Quarterly;2024;;Q1;Individuals' Loans;1268354.46838358;Q1 2024;2024-01-01
Quarterly;2024;;Q2;Individuals' Loans;1292834.31083277;Q2 2024;2024-04-01
Monthly;2024;FEB;;Agriculture, Forestry and Fishing;10487.459163;FEB 2024;2024-02-01
Monthly;2024;MAY;;Agriculture, Forestry and Fishing;9784.340772;MAY 2024;2024-05-01
Monthly;2024;JUN;;Agriculture, Forestry and Fishing;10092.20299;JUN 2024;2024-06-01
Monthly;2024;JUL;;Agriculture, Forestry and Fishing;10078.293175;JUL 2024;2024-07-01
Monthly;2024;AUG;;Agriculture, Forestry and Fishing;9877.008602;AUG 2024;2024-08-01
Monthly;2024;JAN;;Mining and Quarrying;39826.063632;JAN 2024;2024-01-01
Monthly;2024;FEB;;Mining and Quarrying;43217.44229;FEB 2024;2024-02-01
Monthly;2024;APR;;Mining and Quarrying;44715.950821;APR 2024;2024-04-01
Monthly;2024;OCT;;Manufacturing;178946.929579;OCT 2024;2024-10-01
Monthly;2024;FEB;;Construction;125138.27861508;FEB 2024;2024-02-01
Monthly;2024;NOV;;Construction;123429.961494;NOV 2024;2024-11-01
Monthly;2024;FEB;;Wholesale and Retail Trade;188817.05928336;FEB 2024;2024-02-01
Monthly;2024;MAY;;Wholesale and Retail Trade;196608.196147;MAY 2024;2024-05-01
Monthly;2024;AUG;;Wholesale and Retail Trade;204607.46968;AUG 2024;2024-08-01
Monthly;2024;OCT;;Transportation and Storage;55071.879321;OCT 2024;2024-10-01
Monthly;2024;NOV;;Transportation and Storage;56167.859162;NOV 2024;2024-11-01
Monthly;2024;FEB;;Accommodation and Food Service Activities;43281.55613;FEB 2024;2024-02-01
Monthly;2024;OCT;;Accommodation and Food Service Activities;42549.038239;OCT 2024;2024-10-01
Monthly;2024;NOV;;Accommodation and Food Service Activities;42628.560064;NOV 2024;2024-11-01
Monthly;2024;OCT;;Information and Communication;26018.89725386;OCT 2024;2024-10-01
Monthly;2024;FEB;;Financial and Insurance Activities;115239.631672;FEB 2024;2024-02-01
Monthly;2024;APR;;Financial and Insurance Activities;118295.38136975;APR 2024;2024-04-01
Monthly;2024;NOV;;Financial and Insurance Activities;156333.051474;NOV 2024;2024-11-01
Monthly;2024;JAN;;Real Estate Activities;253983.849285;JAN 2024;2024-01-01
Monthly;2024;JUL;;Real Estate Activities;287104.812502;JUL 2024;2024-07-01
Monthly;2024;DEC;;Real Estate Activities;321483.1182339;DEC 2024;2024-12-01
Monthly;2024;FEB;;Professional, Scientific and Technical Activities;8077.027663;FEB 2024;2024-02-01
Monthly;2024;JUL;;Professional, Scientific and Technical Activities;9760.450064;JUL 2024;2024-07-01
Monthly;2024;SEP;;Professional, Scientific and Technical Activities;10718.319605;SEP 2024;2024-09-01
Monthly;2024;APR;;Administrative and Support Service Activities;59520.0419;APR 2024;2024-04-01
Monthly;2024;JUN;;Administrative and Support Service Activities;63077.902155;JUN 2024;2024-06-01
Monthly;2024;SEP;;Administrative and Support Service Activities;67013.713577;SEP 2024;2024-09-01
Monthly;2024;APR;;Education;6579.207535;APR 2024;2024-04-01
Monthly;2024;JUN;;Education;6608.374054;JUN 2024;2024-06-01
Monthly;2024;AUG;;Education;6785.434545;AUG 2024;2024-08-01
Monthly;2024;NOV;;Education;8249.258199;NOV 2024;2024-11-01
Monthly;2024;MAR;;Human Health and Social Work Activities;19863.074342;MAR 2024;2024-03-01
Monthly;2024;FEB;;Individuals' Loans;1256747.02112724;FEB 2024;2024-02-01
Monthly;2024;JAN;;Other Activities;117464.1459073;JAN 2024;2024-01-01
Monthly;2024;MAR;;Other Activities;121176.77518827;MAR 2024;2024-03-01
Monthly;2024;JUL;;Other Activities;125052.98852409;JUL 2024;2024-07-01
Monthly;2024;AUG;;Other Activities;124295.56259838;AUG 2024;2024-08-01
Monthly;2024;DEC;;Other Activities;146032.38203281;DEC 2024;2024-12-01
Monthly;2024;OCT;;Total;2883500.185;OCT 2024;2024-10-01
Annually;2024;;;Mining and Quarrying;50207.201768;2024;2024-01-01
Annually;2024;;;Electricity, Gas and Water Supplies;177175.283271;2024;2024-01-01
Annually;2024;;;Financial and Insurance Activities;156589.2333685;2024;2024-01-01
Annually;2024;;;Professional, Scientific and Technical Activities;9400.92406;2024;2024-01-01
Annually;2024;;;Education;8347.4986;2024;2024-01-01
Annually;2024;;;Total;2955550.051;2024;2024-01-01
Quarterly;2024;;Q2;Agriculture, Forestry and Fishing;10092.20299;Q2 2024;2024-04-01
Quarterly;2024;;Q3;Agriculture, Forestry and Fishing;9424.702448;Q3 2024;2024-07-01
Quarterly;2024;;Q4;Agriculture, Forestry and Fishing;8317.108786;Q4 2024;2024-10-01
Quarterly;2024;;Q2;Manufacturing;175549.316903;Q2 2024;2024-04-01
Quarterly;2024;;Q3;Manufacturing;180141.59093;Q3 2024;2024-07-01
Quarterly;2024;;Q4;Construction;120285.955535;Q4 2024;2024-10-01
Quarterly;2024;;Q1;Wholesale and Retail Trade;192728.466813;Q1 2024;2024-01-01
Quarterly;2024;;Q2;Transportation and Storage;49662.996879;Q2 2024;2024-04-01
Quarterly;2024;;Q4;Accommodation and Food Service Activities;46041.134928;Q4 2024;2024-10-01
Quarterly;2024;;Q1;Information and Communication;22690.51703686;Q1 2024;2024-01-01
Quarterly;2024;;Q4;Administrative and Support Service Activities;66261.657265;Q4 2024;2024-10-01
Quarterly;2024;;Q1;Education;6461.420522;Q1 2024;2024-01-01
Quarterly;2024;;Q3;Education;7508.318253;Q3 2024;2024-07-01
Quarterly;2024;;Q3;Individuals' Loans;1323976.27855934;Q3 2024;2024-07-01
Monthly;2024;SEP;;Agriculture, Forestry and Fishing;9424.702448;SEP 2024;2024-09-01
Monthly;2024;MAY;;Manufacturing;170779.514218;MAY 2024;2024-05-01
Monthly;2024;JUL;;Manufacturing;175958.039622;JUL 2024;2024-07-01
Monthly;2024;SEP;;Manufacturing;180141.59093;SEP 2024;2024-09-01
Monthly;2024;JUL;;Electricity, Gas and Water Supplies;162094.087819;JUL 2024;2024-07-01
Monthly;2024;MAR;;Construction;127332.585134;MAR 2024;2024-03-01
Monthly;2024;APR;;Construction;128860.665268;APR 2024;2024-04-01
Monthly;2024;AUG;;Construction;138694.930881;AUG 2024;2024-08-01
Monthly;2024;JAN;;Wholesale and Retail Trade;186394.659415;JAN 2024;2024-01-01
Monthly;2024;MAR;;Wholesale and Retail Trade;192728.466813;MAR 2024;2024-03-01
Monthly;2024;SEP;;Wholesale and Retail Trade;203052.900274;SEP 2024;2024-09-01
Monthly;2024;MAY;;Transportation and Storage;47880.174846;MAY 2024;2024-05-01
Monthly;2024;JUN;;Transportation and Storage;49662.996879;JUN 2024;2024-06-01
Monthly;2024;DEC;;Transportation and Storage;54830.34827;DEC 2024;2024-12-01
Monthly;2024;APR;;Real Estate Activities;270007.71498829;APR 2024;2024-04-01
Monthly;2024;JUN;;Real Estate Activities;275612.544257;JUN 2024;2024-06-01
Monthly;2024;AUG;;Real Estate Activities;295730.589724;AUG 2024;2024-08-01
Monthly;2024;JAN;;Administrative and Support Service Activities;56392.802582;JAN 2024;2024-01-01
Monthly;2024;FEB;;Administrative and Support Service Activities;59924.021949;FEB 2024;2024-02-01
Monthly;2024;MAR;;Administrative and Support Service Activities;59709.199333;MAR 2024;2024-03-01
Monthly;2024;JAN;;Education;6470.249666;JAN 2024;2024-01-01
Monthly;2024;MAY;;Education;6463.73221;MAY 2024;2024-05-01
Monthly;2024;SEP;;Education;7508.318253;SEP 2024;2024-09-01
Monthly;2024;JAN;;Human Health and Social Work Activities;19766.077391;JAN 2024;2024-01-01
Monthly;2024;JUL;;Human Health and Social Work Activities;20264.986717;JUL 2024;2024-07-01
Monthly;2024;SEP;;Human Health and Social Work Activities;21415.756257;SEP 2024;2024-09-01
Monthly;2024;JAN;;Individuals' Loans;1247356.90261484;JAN 2024;2024-01-01
Monthly;2024;MAY;;Individuals' Loans;1283983.72585037;MAY 2024;2024-05-01
Monthly;2024;DEC;;Individuals' Loans;1363546.12727093;DEC 2024;2024-12-01
Monthly;2024;OCT;;Other Activities;140402.0700768;OCT 2024;2024-10-01
Monthly;2024;NOV;;Other Activities;142723.66615069;NOV 2024;2024-11-01
Monthly;2024;JAN;;Total;2621726.048;JAN 2024;2024-01-01
Monthly;2024;MAY;;Total;2724160.392;MAY 2024;2024-05-01
Monthly;2024;JUN;;Total;2751842.227;JUN 2024;2024-06-01
Monthly;2024;APR;;Information and Communication;23080.82040886;APR 2024;2024-04-01
Monthly;2024;DEC;;Information and Communication;25684.06672686;DEC 2024;2024-12-01
Annually;2024;;;Construction;120285.955535;2024;2024-01-01
Annually;2024;;;Accommodation and Food Service Activities;46041.134928;2024;2024-01-01
Annually;2024;;;Human Health and Social Work Activities;22414.490506;2024;2024-01-01
Annually;2024;;;Other Activities;146032.38203281;2024;2024-01-01
Quarterly;2024;;Q1;Mining and Quarrying;44125.529018;Q1 2024;2024-01-01
Quarterly;2024;;Q3;Mining and Quarrying;47183.083088;Q3 2024;2024-07-01
Quarterly;2024;;Q2;Electricity, Gas and Water Supplies;158755.474287;Q2 2024;2024-04-01
Quarterly;2024;;Q3;Construction;136144.210746;Q3 2024;2024-07-01
Quarterly;2024;;Q3;Transportation and Storage;51218.097524;Q3 2024;2024-07-01
Quarterly;2024;;Q2;Accommodation and Food Service Activities;41002.563298;Q2 2024;2024-04-01
Quarterly;2024;;Q3;Accommodation and Food Service Activities;41674.485087;Q3 2024;2024-07-01
Quarterly;2024;;Q4;Information and Communication;25684.06672686;Q4 2024;2024-10-01
Quarterly;2024;;Q3;Financial and Insurance Activities;135991.508245;Q3 2024;2024-07-01
Quarterly;2024;;Q2;Real Estate Activities;275612.544257;Q2 2024;2024-04-01
Quarterly;2024;;Q1;Professional, Scientific and Technical Activities;7238.630402;Q1 2024;2024-01-01
Quarterly;2024;;Q2;Administrative and Support Service Activities;63077.902155;Q2 2024;2024-04-01
Quarterly;2024;;Q3;Administrative and Support Service Activities;67013.713577;Q3 2024;2024-07-01
Quarterly;2024;;Q4;Education;8347.4986;Q4 2024;2024-10-01
Quarterly;2024;;Q1;Human Health and Social Work Activities;19863.074342;Q1 2024;2024-01-01
Quarterly;2024;;Q2;Other Activities;119756.07721937;Q2 2024;2024-04-01
Quarterly;2024;;Q3;Other Activities;124420.1833168;Q3 2024;2024-07-01
Quarterly;2024;;Q4;Other Activities;146032.38203281;Q4 2024;2024-10-01
Quarterly;2024;;Q4;Total;2955550.051;Q4 2024;2024-10-01
Monthly;2024;JAN;;Agriculture, Forestry and Fishing;10750.264645;JAN 2024;2024-01-01
Monthly;2024;APR;;Agriculture, Forestry and Fishing;9239.96692;APR 2024;2024-04-01
Monthly;2024;OCT;;Agriculture, Forestry and Fishing;9202.055398;OCT 2024;2024-10-01
Monthly;2024;DEC;;Agriculture, Forestry and Fishing;8317.108786;DEC 2024;2024-12-01
Monthly;2024;MAR;;Manufacturing;172785.666754;MAR 2024;2024-03-01
Monthly;2024;APR;;Manufacturing;173670.092527;APR 2024;2024-04-01
Monthly;2024;FEB;;Electricity, Gas and Water Supplies;146163.55639524;FEB 2024;2024-02-01
Monthly;2024;APR;;Electricity, Gas and Water Supplies;150482.375418;APR 2024;2024-04-01
Monthly;2024;MAY;;Electricity, Gas and Water Supplies;160190.206778;MAY 2024;2024-05-01
Monthly;2024;SEP;;Electricity, Gas and Water Supplies;167050.999199;SEP 2024;2024-09-01
Monthly;2024;JAN;;Construction;124266.279103;JAN 2024;2024-01-01
Monthly;2024;JUN;;Construction;132508.035049;JUN 2024;2024-06-01
Monthly;2024;JUL;;Construction;135411.165273;JUL 2024;2024-07-01
Monthly;2024;APR;;Wholesale and Retail Trade;194180.935981;APR 2024;2024-04-01
Monthly;2024;JUN;;Wholesale and Retail Trade;196521.564091;JUN 2024;2024-06-01
Monthly;2024;OCT;;Wholesale and Retail Trade;201510.771117;OCT 2024;2024-10-01
Monthly;2024;DEC;;Wholesale and Retail Trade;198625.067714;DEC 2024;2024-12-01
Monthly;2024;APR;;Transportation and Storage;45806.295561;APR 2024;2024-04-01
Monthly;2024;AUG;;Transportation and Storage;51746.39795;AUG 2024;2024-08-01
Monthly;2024;JAN;;Information and Communication;27754.09508586;JAN 2024;2024-01-01
Monthly;2024;FEB;;Information and Communication;22637.30772586;FEB 2024;2024-02-01
Monthly;2024;MAR;;Information and Communication;22690.51703686;MAR 2024;2024-03-01
Monthly;2024;MAY;;Information and Communication;26866.08563886;MAY 2024;2024-05-01
Monthly;2024;AUG;;Information and Communication;26652.72313586;AUG 2024;2024-08-01
Monthly;2024;OCT;;Financial and Insurance Activities;144440.304757;OCT 2024;2024-10-01
Monthly;2024;JAN;;Professional, Scientific and Technical Activities;8270.310888;JAN 2024;2024-01-01
Monthly;2024;MAR;;Professional, Scientific and Technical Activities;7238.630402;MAR 2024;2024-03-01
Monthly;2024;MAY;;Professional, Scientific and Technical Activities;9465.657293;MAY 2024;2024-05-01
Monthly;2024;NOV;;Professional, Scientific and Technical Activities;9612.75987;NOV 2024;2024-11-01
Monthly;2024;NOV;;Administrative and Support Service Activities;67348.751211;NOV 2024;2024-11-01
Monthly;2024;DEC;;Administrative and Support Service Activities;66261.657265;DEC 2024;2024-12-01
Monthly;2024;JUL;;Education;6898.953048;JUL 2024;2024-07-01
Monthly;2024;DEC;;Education;8347.4986;DEC 2024;2024-12-01
Monthly;2024;MAY;;Human Health and Social Work Activities;20586.547044;MAY 2024;2024-05-01
Monthly;2024;NOV;;Human Health and Social Work Activities;21612.129118;NOV 2024;2024-11-01
Monthly;2024;OCT;;Individuals' Loans;1339148.04878534;OCT 2024;2024-10-01
Monthly;2024;SEP;;Other Activities;124420.1833168;SEP 2024;2024-09-01
Monthly;2024;FEB;;Total;2648605.827;FEB 2024;2024-02-01
Annually;2023;;;Accommodation and Food Service Activities;41699.791693;2023;2023-01-01
Annually;2023;;;Education;6409.627849;2023;2023-01-01
Annually;2023;;;Human Health and Social Work Activities;19909.41033;2023;2023-01-01
Annually;2023;;;Individuals' Loans;1245334.25243279;2023;2023-01-01
Quarterly;2023;;Q3;Agriculture, Forestry and Fishing;11549.822255;Q3 2023;2023-07-01
Quarterly;2023;;Q1;Mining and Quarrying;38889.274228;Q1 2023;2023-01-01
Quarterly;2023;;Q3;Electricity, Gas and Water Supplies;133036.10130739;Q3 2023;2023-07-01
Quarterly;2023;;Q1;Transportation and Storage;43465.270413;Q1 2023;2023-01-01
Quarterly;2023;;Q4;Transportation and Storage;47499.250293;Q4 2023;2023-10-01
Quarterly;2023;;Q2;Financial and Insurance Activities;103737.973645;Q2 2023;2023-04-01
Quarterly;2023;;Q2;Real Estate Activities;221265.073735;Q2 2023;2023-04-01
Quarterly;2023;;Q1;Professional, Scientific and Technical Activities;5592.959372;Q1 2023;2023-01-01
Quarterly;2023;;Q3;Professional, Scientific and Technical Activities;6348.303733;Q3 2023;2023-07-01
Quarterly;2023;;Q1;Human Health and Social Work Activities;18315.639499;Q1 2023;2023-01-01
Quarterly;2023;;Q3;Human Health and Social Work Activities;18740.17105;Q3 2023;2023-07-01
Quarterly;2023;;Q4;Human Health and Social Work Activities;19909.41033;Q4 2023;2023-10-01
Quarterly;2023;;Q2;Individuals' Loans;1207347.61730043;Q2 2023;2023-04-01
Quarterly;2023;;Q3;Other Activities;105784.60301687;Q3 2023;2023-07-01
Quarterly;2023;;Q4;Total;2583698.135;Q4 2023;2023-10-01
Monthly;2023;JAN;;Agriculture, Forestry and Fishing;11622.139355;JAN 2023;2023-01-01
Monthly;2023;OCT;;Agriculture, Forestry and Fishing;11695.31347138;OCT 2023;2023-10-01
Monthly;2023;NOV;;Agriculture, Forestry and Fishing;11796.36466853;NOV 2023;2023-11-01
Monthly;2023;JAN;;Mining and Quarrying;38266.211858;JAN 2023;2023-01-01
Monthly;2023;FEB;;Mining and Quarrying;38879.171887;FEB 2023;2023-02-01
Monthly;2023;MAR;;Mining and Quarrying;38889.274228;MAR 2023;2023-03-01
Monthly;2023;APR;;Mining and Quarrying;39167.197611;APR 2023;2023-04-01
Monthly;2023;JUL;;Mining and Quarrying;41260.917229;JUL 2023;2023-07-01
Monthly;2023;AUG;;Mining and Quarrying;41091.045478;AUG 2023;2023-08-01
Monthly;2023;SEP;;Mining and Quarrying;41747.191203;SEP 2023;2023-09-01
Monthly;2023;DEC;;Mining and Quarrying;40164.315845;DEC 2023;2023-12-01
Monthly;2023;MAR;;Manufacturing;169198.10555268;MAR 2023;2023-03-01
Monthly;2023;JUL;;Manufacturing;171543.25896002;JUL 2023;2023-07-01
Monthly;2023;SEP;;Manufacturing;171918.50633511;SEP 2023;2023-09-01
Monthly;2023;MAY;;Electricity, Gas and Water Supplies;125317.510274;MAY 2023;2023-05-01
Monthly;2023;AUG;;Electricity, Gas and Water Supplies;132971.81136495;AUG 2023;2023-08-01
Monthly;2023;OCT;;Electricity, Gas and Water Supplies;135381.14238392;OCT 2023;2023-10-01
Monthly;2023;SEP;;Wholesale and Retail Trade;184663.23808348;SEP 2023;2023-09-01
Monthly;2023;NOV;;Wholesale and Retail Trade;183895.38065226;NOV 2023;2023-11-01
Monthly;2023;DEC;;Wholesale and Retail Trade;184413.50202386;DEC 2023;2023-12-01
Monthly;2023;NOV;;Transportation and Storage;48835.190383;NOV 2023;2023-11-01
Monthly;2023;FEB;;Information and Communication;19794.48468186;FEB 2023;2023-02-01
Monthly;2023;FEB;;Financial and Insurance Activities;105127.171178;FEB 2023;2023-02-01
Monthly;2023;MAR;;Financial and Insurance Activities;107937.461093;MAR 2023;2023-03-01
Monthly;2023;FEB;;Professional, Scientific and Technical Activities;5705.539814;FEB 2023;2023-02-01
Monthly;2023;DEC;;Professional, Scientific and Technical Activities;7814.801267;DEC 2023;2023-12-01
Monthly;2023;JAN;;Administrative and Support Service Activities;46807.067342;JAN 2023;2023-01-01
Monthly;2023;FEB;;Administrative and Support Service Activities;47296.175034;FEB 2023;2023-02-01
Monthly;2023;MAR;;Administrative and Support Service Activities;50061.699733;MAR 2023;2023-03-01
Monthly;2023;APR;;Education;5386.750369;APR 2023;2023-04-01
Monthly;2023;MAY;;Education;5601.943242;MAY 2023;2023-05-01
Monthly;2023;JUL;;Education;6130.879235;JUL 2023;2023-07-01
Monthly;2023;OCT;;Education;6165.977976;OCT 2023;2023-10-01
Monthly;2023;NOV;;Education;6314.242098;NOV 2023;2023-11-01
Monthly;2023;SEP;;Individuals' Loans;1225257.76775329;SEP 2023;2023-09-01
Monthly;2023;NOV;;Individuals' Loans;1240290.44273161;NOV 2023;2023-11-01
Monthly;2023;APR;;Other Activities;94757.6406927798;APR 2023;2023-04-01
Monthly;2023;AUG;;Other Activities;104602.60450053;AUG 2023;2023-08-01
Monthly;2023;SEP;;Other Activities;105784.60301687;SEP 2023;2023-09-01
Monthly;2023;OCT;;Other Activities;106323.81712616;OCT 2023;2023-10-01
Monthly;2023;FEB;;Total;2389253.339;FEB 2023;2023-02-01
Monthly;2023;APR;;Transportation and Storage;44052.516691;APR 2023;2023-04-01
Monthly;2023;JUL;;Accommodation and Food Service Activities;40964.061661;JUL 2023;2023-07-01
Monthly;2023;SEP;;Accommodation and Food Service Activities;42146.122089;SEP 2023;2023-09-01
Monthly;2023;OCT;;Accommodation and Food Service Activities;41142.920385;OCT 2023;2023-10-01
Monthly;2023;NOV;;Information and Communication;24511.54188886;NOV 2023;2023-11-01
Monthly;2023;APR;;Total;2417965.416;APR 2023;2023-04-01
Monthly;2023;SEP;;Total;2543851.478;SEP 2023;2023-09-01
Monthly;2023;NOV;;Total;2587455.47;NOV 2023;2023-11-01
Annually;2023;;;Agriculture, Forestry and Fishing;10697.76681289;2023;2023-01-01
Annually;2023;;;Electricity, Gas and Water Supplies;141713.73600541;2023;2023-01-01
Annually;2023;;;Construction;120417.17523142;2023;2023-01-01
Annually;2023;;;Professional, Scientific and Technical Activities;7814.801267;2023;2023-01-01
Annually;2023;;;Other Activities;112335.34466727;2023;2023-01-01
Quarterly;2023;;Q3;Mining and Quarrying;41747.191203;Q3 2023;2023-07-01
Quarterly;2023;;Q1;Manufacturing;169198.10555268;Q1 2023;2023-01-01
Quarterly;2023;;Q2;Manufacturing;172885.08654527;Q2 2023;2023-04-01
Quarterly;2023;;Q4;Manufacturing;172142.7914425;Q4 2023;2023-10-01
Quarterly;2023;;Q1;Construction;118549.192782;Q1 2023;2023-01-01
Quarterly;2023;;Q3;Construction;123030.800179;Q3 2023;2023-07-01
Quarterly;2023;;Q4;Wholesale and Retail Trade;184413.50202386;Q4 2023;2023-10-01
Quarterly;2023;;Q3;Information and Communication;23812.64890986;Q3 2023;2023-07-01
Quarterly;2023;;Q4;Information and Communication;23764.32848386;Q4 2023;2023-10-01
Quarterly;2023;;Q3;Financial and Insurance Activities;112260.146145;Q3 2023;2023-07-01
Quarterly;2023;;Q4;Financial and Insurance Activities;109200.537222;Q4 2023;2023-10-01
Quarterly;2023;;Q1;Individuals' Loans;1183015.43971141;Q1 2023;2023-01-01
Quarterly;2023;;Q2;Other Activities;97066.19227944;Q2 2023;2023-04-01
Quarterly;2023;;Q3;Total;2543851.478;Q3 2023;2023-07-01
Monthly;2023;APR;;Agriculture, Forestry and Fishing;11209.459966;APR 2023;2023-04-01
Monthly;2023;MAY;;Agriculture, Forestry and Fishing;11564.426152;MAY 2023;2023-05-01
Monthly;2023;JUL;;Agriculture, Forestry and Fishing;11107.055543;JUL 2023;2023-07-01
Monthly;2023;OCT;;Mining and Quarrying;42389.874156;OCT 2023;2023-10-01
Monthly;2023;AUG;;Manufacturing;170424.4481689;AUG 2023;2023-08-01
Monthly;2023;APR;;Electricity, Gas and Water Supplies;116802.487355;APR 2023;2023-04-01
Monthly;2023;JUL;;Electricity, Gas and Water Supplies;128526.48045215;JUL 2023;2023-07-01
Monthly;2023;JAN;;Construction;113981.411986;JAN 2023;2023-01-01
Monthly;2023;AUG;;Construction;120607.451992;AUG 2023;2023-08-01
Monthly;2023;DEC;;Construction;120417.17523142;DEC 2023;2023-12-01
Monthly;2023;JUN;;Wholesale and Retail Trade;179448.483737;JUN 2023;2023-06-01
Monthly;2023;AUG;;Wholesale and Retail Trade;182224.36160964;AUG 2023;2023-08-01
Monthly;2023;MAY;;Transportation and Storage;44331.311841;MAY 2023;2023-05-01
Monthly;2023;MAR;;Information and Communication;19850.76190786;MAR 2023;2023-03-01
Monthly;2023;APR;;Information and Communication;20006.00271386;APR 2023;2023-04-01
Monthly;2023;MAY;;Information and Communication;20673.53504386;MAY 2023;2023-05-01
Monthly;2023;JUN;;Information and Communication;19955.37695086;JUN 2023;2023-06-01
Monthly;2023;APR;;Financial and Insurance Activities;107609.905786;APR 2023;2023-04-01
Monthly;2023;JUL;;Real Estate Activities;228680.402542;JUL 2023;2023-07-01
Monthly;2023;AUG;;Real Estate Activities;233084.054735;AUG 2023;2023-08-01
Monthly;2023;SEP;;Real Estate Activities;237028.271206;SEP 2023;2023-09-01
Monthly;2023;OCT;;Real Estate Activities;241744.986854;OCT 2023;2023-10-01
Monthly;2023;JAN;;Professional, Scientific and Technical Activities;5527.608036;JAN 2023;2023-01-01
Monthly;2023;JUN;;Professional, Scientific and Technical Activities;6885.21755;JUN 2023;2023-06-01
Monthly;2023;JUL;;Professional, Scientific and Technical Activities;6870.845144;JUL 2023;2023-07-01
Monthly;2023;NOV;;Professional, Scientific and Technical Activities;7426.258714;NOV 2023;2023-11-01
Monthly;2023;JUN;;Administrative and Support Service Activities;51936.940818;JUN 2023;2023-06-01
Monthly;2023;OCT;;Administrative and Support Service Activities;52061.285593;OCT 2023;2023-10-01
Monthly;2023;JAN;;Human Health and Social Work Activities;17688.450985;JAN 2023;2023-01-01
Monthly;2023;JUN;;Human Health and Social Work Activities;18411.307157;JUN 2023;2023-06-01
Monthly;2023;SEP;;Human Health and Social Work Activities;18740.17105;SEP 2023;2023-09-01
Monthly;2023;OCT;;Human Health and Social Work Activities;18733.742251;OCT 2023;2023-10-01
Monthly;2023;DEC;;Human Health and Social Work Activities;19909.41033;DEC 2023;2023-12-01
Monthly;2023;MAY;;Individuals' Loans;1198757.0028435;MAY 2023;2023-05-01
Monthly;2023;JUL;;Individuals' Loans;1212437.26058488;JUL 2023;2023-07-01
Monthly;2023;DEC;;Individuals' Loans;1245334.25243279;DEC 2023;2023-12-01
Monthly;2023;MAR;;Other Activities;105064.91108207;MAR 2023;2023-03-01
Monthly;2023;DEC;;Other Activities;112335.34466727;DEC 2023;2023-12-01
Monthly;2023;JUN;;Total;2471333.372;JUN 2023;2023-06-01
Annually;2023;;;Mining and Quarrying;40164.315845;2023;2023-01-01
Annually;2023;;;Information and Communication;23764.32848386;2023;2023-01-01
Annually;2023;;;Administrative and Support Service Activities;55000.746531;2023;2023-01-01
Quarterly;2023;;Q4;Agriculture, Forestry and Fishing;10697.76681289;Q4 2023;2023-10-01
Quarterly;2023;;Q4;Mining and Quarrying;40164.315845;Q4 2023;2023-10-01
Quarterly;2023;;Q2;Electricity, Gas and Water Supplies;125095.122199;Q2 2023;2023-04-01
Quarterly;2023;;Q2;Construction;121315.911971;Q2 2023;2023-04-01
Quarterly;2023;;Q2;Wholesale and Retail Trade;179448.483737;Q2 2023;2023-04-01
Quarterly;2023;;Q1;Real Estate Activities;210442.551189;Q1 2023;2023-01-01
Quarterly;2023;;Q4;Professional, Scientific and Technical Activities;7814.801267;Q4 2023;2023-10-01
Quarterly;2023;;Q4;Administrative and Support Service Activities;55000.746531;Q4 2023;2023-10-01
Quarterly;2023;;Q1;Education;5021.652035;Q1 2023;2023-01-01
Quarterly;2023;;Q1;Total;2411009.781;Q1 2023;2023-01-01
Monthly;2023;AUG;;Agriculture, Forestry and Fishing;11185.068071;AUG 2023;2023-08-01
Monthly;2023;FEB;;Manufacturing;168335.91312858;FEB 2023;2023-02-01
Monthly;2023;JUN;;Manufacturing;172885.08654527;JUN 2023;2023-06-01
Monthly;2023;JAN;;Electricity, Gas and Water Supplies;115146.526897;JAN 2023;2023-01-01
Monthly;2023;MAR;;Electricity, Gas and Water Supplies;117576.373943;MAR 2023;2023-03-01
Monthly;2023;DEC;;Electricity, Gas and Water Supplies;141713.73600541;DEC 2023;2023-12-01
Monthly;2023;FEB;;Construction;118266.959202;FEB 2023;2023-02-01
Monthly;2023;APR;;Construction;116897.795534;APR 2023;2023-04-01
Monthly;2023;JUN;;Construction;121315.911971;JUN 2023;2023-06-01
Monthly;2023;NOV;;Construction;127265.04257063;NOV 2023;2023-11-01
Monthly;2023;MAR;;Wholesale and Retail Trade;168274.11432798;MAR 2023;2023-03-01
Monthly;2023;OCT;;Wholesale and Retail Trade;185468.16001492;OCT 2023;2023-10-01
Monthly;2023;JUN;;Transportation and Storage;45006.167829;JUN 2023;2023-06-01
Monthly;2023;APR;;Accommodation and Food Service Activities;38615.661644;APR 2023;2023-04-01
Monthly;2023;AUG;;Accommodation and Food Service Activities;41192.159347;AUG 2023;2023-08-01
Monthly;2023;DEC;;Accommodation and Food Service Activities;41699.791693;DEC 2023;2023-12-01
Monthly;2023;AUG;;Information and Communication;23761.54287686;AUG 2023;2023-08-01
Monthly;2023;JAN;;Financial and Insurance Activities;105354.963801;JAN 2023;2023-01-01
Monthly;2023;MAY;;Financial and Insurance Activities;103775.448225;MAY 2023;2023-05-01
Monthly;2023;AUG;;Financial and Insurance Activities;105823.670089;AUG 2023;2023-08-01
Monthly;2023;DEC;;Financial and Insurance Activities;109200.537222;DEC 2023;2023-12-01
Monthly;2023;JAN;;Real Estate Activities;205706.025446;JAN 2023;2023-01-01
Monthly;2023;MAR;;Real Estate Activities;210442.551189;MAR 2023;2023-03-01
Monthly;2023;APR;;Real Estate Activities;213823.259124;APR 2023;2023-04-01
Monthly;2023;MAY;;Real Estate Activities;217511.013391;MAY 2023;2023-05-01
Monthly;2023;MAR;;Professional, Scientific and Technical Activities;5592.959372;MAR 2023;2023-03-01
Monthly;2023;APR;;Professional, Scientific and Technical Activities;5411.278858;APR 2023;2023-04-01
Monthly;2023;OCT;;Professional, Scientific and Technical Activities;7421.017513;OCT 2023;2023-10-01
Monthly;2023;JUL;;Administrative and Support Service Activities;52226.509142;JUL 2023;2023-07-01
Monthly;2023;AUG;;Administrative and Support Service Activities;52507.513056;AUG 2023;2023-08-01
Monthly;2023;JUN;;Education;5809.622066;JUN 2023;2023-06-01
Monthly;2023;SEP;;Education;6093.90689;SEP 2023;2023-09-01
Monthly;2023;MAR;;Human Health and Social Work Activities;18315.639499;MAR 2023;2023-03-01
Monthly;2023;MAY;;Human Health and Social Work Activities;18109.777726;MAY 2023;2023-05-01
Monthly;2023;NOV;;Human Health and Social Work Activities;19036.9441;NOV 2023;2023-11-01
Monthly;2023;JAN;;Individuals' Loans;1166495.15082287;JAN 2023;2023-01-01
Monthly;2023;MAR;;Individuals' Loans;1183015.43971141;MAR 2023;2023-03-01
Monthly;2023;JAN;;Other Activities;100361.20520717;JAN 2023;2023-01-01
Monthly;2023;FEB;;Other Activities;102097.52291203;FEB 2023;2023-02-01
Monthly;2023;JUL;;Other Activities;98859.0432459901;JUL 2023;2023-07-01
Monthly;2023;NOV;;Other Activities;108135.36715218;NOV 2023;2023-11-01
Monthly;2023;JUL;;Total;2492294.018;JUL 2023;2023-07-01
Monthly;2023;AUG;;Total;2519755.704;AUG 2023;2023-08-01
Monthly;2023;JAN;;Transportation and Storage;42909.77799;JAN 2023;2023-01-01
Annually;2023;;;Manufacturing;172142.7914425;2023;2023-01-01
Annually;2023;;;Wholesale and Retail Trade;184413.50202386;2023;2023-01-01
Annually;2023;;;Transportation and Storage;47499.250293;2023;2023-01-01
Quarterly;2023;;Q2;Mining and Quarrying;40883.092462;Q2 2023;2023-04-01
Quarterly;2023;;Q3;Manufacturing;171918.50633511;Q3 2023;2023-07-01
Quarterly;2023;;Q4;Electricity, Gas and Water Supplies;141713.73600541;Q4 2023;2023-10-01
Quarterly;2023;;Q1;Wholesale and Retail Trade;168274.11432798;Q1 2023;2023-01-01
Quarterly;2023;;Q2;Transportation and Storage;45006.167829;Q2 2023;2023-04-01
Quarterly;2023;;Q1;Accommodation and Food Service Activities;38492.695794;Q1 2023;2023-01-01
Quarterly;2023;;Q2;Accommodation and Food Service Activities;42476.793899;Q2 2023;2023-04-01
Quarterly;2023;;Q4;Accommodation and Food Service Activities;41699.791693;Q4 2023;2023-10-01
Quarterly;2023;;Q1;Information and Communication;19850.76190786;Q1 2023;2023-01-01
Quarterly;2023;;Q2;Information and Communication;19955.37695086;Q2 2023;2023-04-01
Quarterly;2023;;Q2;Professional, Scientific and Technical Activities;6885.21755;Q2 2023;2023-04-01
Quarterly;2023;;Q1;Administrative and Support Service Activities;50061.699733;Q1 2023;2023-01-01
Quarterly;2023;;Q3;Education;6093.90689;Q3 2023;2023-07-01
Quarterly;2023;;Q4;Individuals' Loans;1245334.25243279;Q4 2023;2023-10-01
Monthly;2023;SEP;;Agriculture, Forestry and Fishing;11549.822255;SEP 2023;2023-09-01
Monthly;2023;DEC;;Agriculture, Forestry and Fishing;10697.76681289;DEC 2023;2023-12-01
Monthly;2023;MAY;;Mining and Quarrying;39347.777092;MAY 2023;2023-05-01
Monthly;2023;JAN;;Manufacturing;167481.798484;JAN 2023;2023-01-01
Monthly;2023;APR;;Manufacturing;171348.69633369;APR 2023;2023-04-01
Monthly;2023;MAY;;Manufacturing;173955.54595427;MAY 2023;2023-05-01
Monthly;2023;OCT;;Manufacturing;169745.18376411;OCT 2023;2023-10-01
Monthly;2023;NOV;;Manufacturing;171121.16989311;NOV 2023;2023-11-01
Monthly;2023;DEC;;Manufacturing;172142.7914425;DEC 2023;2023-12-01
Monthly;2023;FEB;;Electricity, Gas and Water Supplies;118206.232847;FEB 2023;2023-02-01
Monthly;2023;JUN;;Electricity, Gas and Water Supplies;125095.122199;JUN 2023;2023-06-01
Monthly;2023;JUL;;Construction;122429.377952;JUL 2023;2023-07-01
Monthly;2023;SEP;;Construction;123030.800179;SEP 2023;2023-09-01
Monthly;2023;FEB;;Wholesale and Retail Trade;167417.13307025;FEB 2023;2023-02-01
Monthly;2023;MAY;;Wholesale and Retail Trade;171568.85355827;MAY 2023;2023-05-01
Monthly;2023;MAR;;Transportation and Storage;43465.270413;MAR 2023;2023-03-01
Monthly;2023;JUL;;Transportation and Storage;47152.356894;JUL 2023;2023-07-01
Monthly;2023;AUG;;Transportation and Storage;46796.137148;AUG 2023;2023-08-01
Monthly;2023;SEP;;Transportation and Storage;48785.992819;SEP 2023;2023-09-01
Monthly;2023;OCT;;Transportation and Storage;49118.58738;OCT 2023;2023-10-01
Monthly;2023;DEC;;Transportation and Storage;47499.250293;DEC 2023;2023-12-01
Monthly;2023;JAN;;Accommodation and Food Service Activities;37394.360698;JAN 2023;2023-01-01
Monthly;2023;MAR;;Accommodation and Food Service Activities;38492.695794;MAR 2023;2023-03-01
Monthly;2023;JUN;;Accommodation and Food Service Activities;42476.793899;JUN 2023;2023-06-01
Monthly;2023;JUL;;Information and Communication;19786.77741086;JUL 2023;2023-07-01
Monthly;2023;OCT;;Information and Communication;23694.86346786;OCT 2023;2023-10-01
Monthly;2023;JUL;;Financial and Insurance Activities;105031.949629;JUL 2023;2023-07-01
Monthly;2023;OCT;;Financial and Insurance Activities;115401.978554;OCT 2023;2023-10-01
Monthly;2023;NOV;;Financial and Insurance Activities;116137.387558;NOV 2023;2023-11-01
Monthly;2023;FEB;;Real Estate Activities;208903.986423;FEB 2023;2023-02-01
Monthly;2023;NOV;;Real Estate Activities;243863.160772;NOV 2023;2023-11-01
Monthly;2023;DEC;;Real Estate Activities;245180.75687;DEC 2023;2023-12-01
Monthly;2023;SEP;;Professional, Scientific and Technical Activities;6348.303733;SEP 2023;2023-09-01
Monthly;2023;SEP;;Administrative and Support Service Activities;51647.885025;SEP 2023;2023-09-01
Monthly;2023;NOV;;Administrative and Support Service Activities;54142.086739;NOV 2023;2023-11-01
Monthly;2023;DEC;;Education;6409.627849;DEC 2023;2023-12-01
Monthly;2023;FEB;;Human Health and Social Work Activities;17598.745595;FEB 2023;2023-02-01
Monthly;2023;APR;;Human Health and Social Work Activities;18291.148358;APR 2023;2023-04-01
Monthly;2023;FEB;;Individuals' Loans;1174196.92667428;FEB 2023;2023-02-01
Monthly;2023;APR;;Individuals' Loans;1193842.7498139;APR 2023;2023-04-01
Monthly;2023;AUG;;Individuals' Loans;1221893.98958012;AUG 2023;2023-08-01
Monthly;2023;MAY;;Other Activities;103871.30836111;MAY 2023;2023-05-01
Monthly;2023;JUN;;Other Activities;97066.19227944;JUN 2023;2023-06-01
Monthly;2023;OCT;;Total;2563928.352;OCT 2023;2023-10-01
Monthly;2023;DEC;;Total;2583698.135;DEC 2023;2023-12-01
Monthly;2023;JAN;;Information and Communication;20233.42422186;JAN 2023;2023-01-01
Annually;2023;;;Financial and Insurance Activities;109200.537222;2023;2023-01-01
Annually;2023;;;Real Estate Activities;245180.75687;2023;2023-01-01
Annually;2023;;;Total;2583698.135;2023;2023-01-01
Quarterly;2023;;Q1;Agriculture, Forestry and Fishing;11261.678337;Q1 2023;2023-01-01
Quarterly;2023;;Q2;Agriculture, Forestry and Fishing;11807.391856;Q2 2023;2023-04-01
Quarterly;2023;;Q1;Electricity, Gas and Water Supplies;117576.373943;Q1 2023;2023-01-01
Quarterly;2023;;Q4;Construction;120417.17523142;Q4 2023;2023-10-01
Quarterly;2023;;Q3;Wholesale and Retail Trade;184663.23808348;Q3 2023;2023-07-01
Quarterly;2023;;Q3;Transportation and Storage;48785.992819;Q3 2023;2023-07-01
Quarterly;2023;;Q3;Accommodation and Food Service Activities;42146.122089;Q3 2023;2023-07-01
Quarterly;2023;;Q1;Financial and Insurance Activities;107937.461093;Q1 2023;2023-01-01
Quarterly;2023;;Q3;Real Estate Activities;237028.271206;Q3 2023;2023-07-01
Quarterly;2023;;Q4;Real Estate Activities;245180.75687;Q4 2023;2023-10-01
Quarterly;2023;;Q2;Administrative and Support Service Activities;51936.940818;Q2 2023;2023-04-01
Quarterly;2023;;Q3;Administrative and Support Service Activities;51647.885025;Q3 2023;2023-07-01
Quarterly;2023;;Q2;Education;5809.622066;Q2 2023;2023-04-01
Quarterly;2023;;Q4;Education;6409.627849;Q4 2023;2023-10-01
Quarterly;2023;;Q2;Human Health and Social Work Activities;18411.307157;Q2 2023;2023-04-01
Quarterly;2023;;Q3;Individuals' Loans;1225257.76775329;Q3 2023;2023-07-01
Quarterly;2023;;Q1;Other Activities;105064.91108207;Q1 2023;2023-01-01
Quarterly;2023;;Q4;Other Activities;112335.34466727;Q4 2023;2023-10-01
Quarterly;2023;;Q2;Total;2471333.372;Q2 2023;2023-04-01
Monthly;2023;FEB;;Agriculture, Forestry and Fishing;11552.178426;FEB 2023;2023-02-01
Monthly;2023;MAR;;Agriculture, Forestry and Fishing;11261.678337;MAR 2023;2023-03-01
Monthly;2023;JUN;;Agriculture, Forestry and Fishing;11807.391856;JUN 2023;2023-06-01
Monthly;2023;JUN;;Mining and Quarrying;40883.092462;JUN 2023;2023-06-01
Monthly;2023;NOV;;Mining and Quarrying;43601.176415;NOV 2023;2023-11-01
Monthly;2023;SEP;;Electricity, Gas and Water Supplies;133036.10130739;SEP 2023;2023-09-01
Monthly;2023;NOV;;Electricity, Gas and Water Supplies;139513.30822882;NOV 2023;2023-11-01
Monthly;2023;MAR;;Construction;118549.192782;MAR 2023;2023-03-01
Monthly;2023;MAY;;Construction;119872.30452599;MAY 2023;2023-05-01
Monthly;2023;OCT;;Construction;126297.00522689;OCT 2023;2023-10-01
Monthly;2023;JAN;;Wholesale and Retail Trade;167868.6999441;JAN 2023;2023-01-01
Monthly;2023;APR;;Wholesale and Retail Trade;171108.00489177;APR 2023;2023-04-01
Monthly;2023;JUL;;Wholesale and Retail Trade;181277.7570181;JUL 2023;2023-07-01
Monthly;2023;FEB;;Transportation and Storage;43113.249468;FEB 2023;2023-02-01
Monthly;2023;FEB;;Accommodation and Food Service Activities;37932.342366;FEB 2023;2023-02-01
Monthly;2023;MAY;;Accommodation and Food Service Activities;39626.263729;MAY 2023;2023-05-01
Monthly;2023;NOV;;Accommodation and Food Service Activities;41570.405435;NOV 2023;2023-11-01
Monthly;2023;SEP;;Information and Communication;23812.64890986;SEP 2023;2023-09-01
Monthly;2023;DEC;;Information and Communication;23764.32848386;DEC 2023;2023-12-01
Monthly;2023;JUN;;Financial and Insurance Activities;103737.973645;JUN 2023;2023-06-01
Monthly;2023;SEP;;Financial and Insurance Activities;112260.146145;SEP 2023;2023-09-01
Monthly;2023;JUN;;Real Estate Activities;221265.073735;JUN 2023;2023-06-01
Monthly;2023;MAY;;Professional, Scientific and Technical Activities;6457.415807;MAY 2023;2023-05-01
Monthly;2023;AUG;;Professional, Scientific and Technical Activities;6988.790184;AUG 2023;2023-08-01
Monthly;2023;APR;;Administrative and Support Service Activities;49634.860258;APR 2023;2023-04-01
Monthly;2023;MAY;;Administrative and Support Service Activities;50782.693234;MAY 2023;2023-05-01
Monthly;2023;DEC;;Administrative and Support Service Activities;55000.746531;DEC 2023;2023-12-01
Monthly;2023;JAN;;Education;4699.343926;JAN 2023;2023-01-01
Monthly;2023;FEB;;Education;4829.606293;FEB 2023;2023-02-01
Monthly;2023;MAR;;Education;5021.652035;MAR 2023;2023-03-01
Monthly;2023;AUG;;Education;6222.374103;AUG 2023;2023-08-01
Monthly;2023;JUL;;Human Health and Social Work Activities;18009.085357;JUL 2023;2023-07-01
Monthly;2023;AUG;;Human Health and Social Work Activities;18378.681696;AUG 2023;2023-08-01
Monthly;2023;JUN;;Individuals' Loans;1207347.61730043;JUN 2023;2023-06-01
Monthly;2023;OCT;;Individuals' Loans;1231142.49588276;OCT 2023;2023-10-01
Monthly;2023;JAN;;Total;2367544.167;JAN 2023;2023-01-01
Monthly;2023;MAR;;Total;2411009.781;MAR 2023;2023-03-01
Monthly;2023;MAY;;Total;2451124.131;MAY 2023;2023-05-01
Annually;2022;;;Mining and Quarrying;36606.035036;2022;2022-01-01
Annually;2022;;;Transportation and Storage;43726.679305;2022;2022-01-01
Annually;2022;;;Real Estate Activities;203114.827772;2022;2022-01-01
Annually;2022;;;Professional, Scientific and Technical Activities;5433.61245;2022;2022-01-01
Annually;2022;;;Administrative and Support Service Activities;46315.99752;2022;2022-01-01
Annually;2022;;;Education;4821.894439;2022;2022-01-01
Annually;2022;;;Individuals' Loans;1162459.40003444;2022;2022-01-01
Annually;2022;;;Total;2349071.015;2022;2022-01-01
Quarterly;2022;;Q4;Mining and Quarrying;36606.035036;Q4 2022;2022-10-01
Quarterly;2022;;Q1;Manufacturing;174385.01807732;Q1 2022;2022-01-01
Quarterly;2022;;Q4;Electricity, Gas and Water Supplies;112088.770341;Q4 2022;2022-10-01
Quarterly;2022;;Q1;Construction;107138.34871584;Q1 2022;2022-01-01
Quarterly;2022;;Q3;Accommodation and Food Service Activities;37627.716541;Q3 2022;2022-07-01
Quarterly;2022;;Q1;Information and Communication;19729.10153245;Q1 2022;2022-01-01
Quarterly;2022;;Q1;Financial and Insurance Activities;88902.40576314;Q1 2022;2022-01-01
Quarterly;2022;;Q3;Financial and Insurance Activities;102042.205371;Q3 2022;2022-07-01
Quarterly;2022;;Q2;Education;5863.83063205;Q2 2022;2022-04-01
Quarterly;2022;;Q4;Education;4821.894439;Q4 2022;2022-10-01
Quarterly;2022;;Q4;Human Health and Social Work Activities;17584.658658;Q4 2022;2022-10-01
Quarterly;2022;;Q2;Individuals' Loans;1109253.87570927;Q2 2022;2022-04-01
Monthly;2022;APR;;Agriculture, Forestry and Fishing;13023.45610938;APR 2022;2022-04-01
Monthly;2022;OCT;;Agriculture, Forestry and Fishing;11850.055845;OCT 2022;2022-10-01
Monthly;2022;MAR;;Mining and Quarrying;32187.26938265;MAR 2022;2022-03-01
Monthly;2022;DEC;;Mining and Quarrying;36606.035036;DEC 2022;2022-12-01
Monthly;2022;JUN;;Manufacturing;174692.06717237;JUN 2022;2022-06-01
Monthly;2022;OCT;;Manufacturing;175492.09953;OCT 2022;2022-10-01
Monthly;2022;NOV;;Manufacturing;168399.371271;NOV 2022;2022-11-01
Monthly;2022;MAR;;Electricity, Gas and Water Supplies;98934.51151991;MAR 2022;2022-03-01
Monthly;2022;APR;;Electricity, Gas and Water Supplies;100263.59167028;APR 2022;2022-04-01
Monthly;2022;NOV;;Electricity, Gas and Water Supplies;112540.236697;NOV 2022;2022-11-01
Monthly;2022;JUN;;Construction;109489.17507018;JUN 2022;2022-06-01
Monthly;2022;DEC;;Construction;109333.25717;DEC 2022;2022-12-01
Monthly;2022;FEB;;Wholesale and Retail Trade;160562.90253286;FEB 2022;2022-02-01
Monthly;2022;MAR;;Wholesale and Retail Trade;164640.14524353;MAR 2022;2022-03-01
Monthly;2022;JUL;;Wholesale and Retail Trade;168804.68875695;JUL 2022;2022-07-01
Monthly;2022;OCT;;Wholesale and Retail Trade;168204.718372;OCT 2022;2022-10-01
Monthly;2022;MAY;;Transportation and Storage;40822.0832974;MAY 2022;2022-05-01
Monthly;2022;DEC;;Transportation and Storage;43726.679305;DEC 2022;2022-12-01
Monthly;2022;MAR;;Information and Communication;19729.10153245;MAR 2022;2022-03-01
Monthly;2022;SEP;;Information and Communication;20734.02563686;SEP 2022;2022-09-01
Monthly;2022;DEC;;Information and Communication;20094.48468586;DEC 2022;2022-12-01
Monthly;2022;MAY;;Real Estate Activities;174236.90845901;MAY 2022;2022-05-01
Monthly;2022;NOV;;Real Estate Activities;201890.393156;NOV 2022;2022-11-01
Monthly;2022;JAN;;Professional, Scientific and Technical Activities;5883.49402101;JAN 2022;2022-01-01
Monthly;2022;AUG;;Professional, Scientific and Technical Activities;5702.71073774;AUG 2022;2022-08-01
Monthly;2022;DEC;;Administrative and Support Service Activities;46315.99752;DEC 2022;2022-12-01
Monthly;2022;MAY;;Education;5421.04123799;MAY 2022;2022-05-01
Monthly;2022;MAY;;Human Health and Social Work Activities;16513.98894352;MAY 2022;2022-05-01
Monthly;2022;JUL;;Human Health and Social Work Activities;17259.57425069;JUL 2022;2022-07-01
Monthly;2022;OCT;;Human Health and Social Work Activities;17222.336391;OCT 2022;2022-10-01
Monthly;2022;NOV;;Human Health and Social Work Activities;17454.804819;NOV 2022;2022-11-01
Monthly;2022;MAY;;Individuals' Loans;1086310.99899849;MAY 2022;2022-05-01
Monthly;2022;JUN;;Individuals' Loans;1109253.87570927;JUN 2022;2022-06-01
Monthly;2022;FEB;;Other Activities;79319.4937249601;FEB 2022;2022-02-01
Monthly;2022;DEC;;Other Activities;100393.3620537;DEC 2022;2022-12-01
Monthly;2022;NOV;;Total;2349296.594;NOV 2022;2022-11-01
Monthly;2022;SEP;;Transportation and Storage;41858.080283;SEP 2022;2022-09-01
Monthly;2022;MAR;;Accommodation and Food Service Activities;34471.20873907;MAR 2022;2022-03-01
Monthly;2022;APR;;Accommodation and Food Service Activities;34766.89466335;APR 2022;2022-04-01
Monthly;2022;MAY;;Accommodation and Food Service Activities;35419.61026909;MAY 2022;2022-05-01
Monthly;2022;JUL;;Accommodation and Food Service Activities;35866.75335505;JUL 2022;2022-07-01
Monthly;2022;DEC;;Accommodation and Food Service Activities;38181.539289;DEC 2022;2022-12-01
Monthly;2022;JUN;;Information and Communication;19405.93602204;JUN 2022;2022-06-01
Monthly;2022;JUL;;Information and Communication;19355.95514195;JUL 2022;2022-07-01
Monthly;2022;JAN;;Financial and Insurance Activities;80262.12526581;JAN 2022;2022-01-01
Monthly;2022;MAR;;Financial and Insurance Activities;88902.40576314;MAR 2022;2022-03-01
Monthly;2022;JAN;;Total;2076302.763;JAN 2022;2022-01-01
Annually;2022;;;Manufacturing;167641.133435;2022;2022-01-01
Annually;2022;;;Information and Communication;20094.48468586;2022;2022-01-01
Quarterly;2022;;Q1;Agriculture, Forestry and Fishing;13062.03683046;Q1 2022;2022-01-01
Quarterly;2022;;Q3;Agriculture, Forestry and Fishing;12274.876499;Q3 2022;2022-07-01
Quarterly;2022;;Q2;Mining and Quarrying;34026.28305955;Q2 2022;2022-04-01
Quarterly;2022;;Q2;Wholesale and Retail Trade;166520.5164116;Q2 2022;2022-04-01
Quarterly;2022;;Q3;Wholesale and Retail Trade;167882.596822;Q3 2022;2022-07-01
Quarterly;2022;;Q4;Wholesale and Retail Trade;167665.360438;Q4 2022;2022-10-01
Quarterly;2022;;Q2;Transportation and Storage;40580.85150974;Q2 2022;2022-04-01
Quarterly;2022;;Q2;Information and Communication;19405.93602204;Q2 2022;2022-04-01
Quarterly;2022;;Q4;Information and Communication;20094.48468586;Q4 2022;2022-10-01
Quarterly;2022;;Q4;Financial and Insurance Activities;102368.918244;Q4 2022;2022-10-01
Quarterly;2022;;Q1;Real Estate Activities;168508.64474386;Q1 2022;2022-01-01
Quarterly;2022;;Q4;Professional, Scientific and Technical Activities;5433.61245;Q4 2022;2022-10-01
Quarterly;2022;;Q3;Administrative and Support Service Activities;46485.419841;Q3 2022;2022-07-01
Quarterly;2022;;Q4;Administrative and Support Service Activities;46315.99752;Q4 2022;2022-10-01
Quarterly;2022;;Q3;Education;3766.819166;Q3 2022;2022-07-01
Quarterly;2022;;Q1;Other Activities;82537.4783382899;Q1 2022;2022-01-01
Quarterly;2022;;Q3;Other Activities;92303.9682149701;Q3 2022;2022-07-01
Quarterly;2022;;Q2;Total;2241917.864;Q2 2022;2022-04-01
Quarterly;2022;;Q3;Total;2315577.867;Q3 2022;2022-07-01
Monthly;2022;JUN;;Agriculture, Forestry and Fishing;12642.85410133;JUN 2022;2022-06-01
Monthly;2022;NOV;;Agriculture, Forestry and Fishing;11866.875483;NOV 2022;2022-11-01
Monthly;2022;DEC;;Agriculture, Forestry and Fishing;11241.084129;DEC 2022;2022-12-01
Monthly;2022;APR;;Mining and Quarrying;33337.92182564;APR 2022;2022-04-01
Monthly;2022;JUN;;Mining and Quarrying;34026.28305955;JUN 2022;2022-06-01
Monthly;2022;JUL;;Mining and Quarrying;36952.07486238;JUL 2022;2022-07-01
Monthly;2022;SEP;;Mining and Quarrying;37182.315497;SEP 2022;2022-09-01
Monthly;2022;JAN;;Manufacturing;169646.94456191;JAN 2022;2022-01-01
Monthly;2022;FEB;;Manufacturing;172238.69349237;FEB 2022;2022-02-01
Monthly;2022;MAR;;Manufacturing;174385.01807732;MAR 2022;2022-03-01
Monthly;2022;AUG;;Manufacturing;174302.18572531;AUG 2022;2022-08-01
Monthly;2022;SEP;;Manufacturing;175422.019601;SEP 2022;2022-09-01
Monthly;2022;JAN;;Electricity, Gas and Water Supplies;92081.54052803;JAN 2022;2022-01-01
Monthly;2022;MAY;;Electricity, Gas and Water Supplies;102830.10701062;MAY 2022;2022-05-01
Monthly;2022;JUN;;Electricity, Gas and Water Supplies;103942.8178155;JUN 2022;2022-06-01
Monthly;2022;OCT;;Electricity, Gas and Water Supplies;109444.058229;OCT 2022;2022-10-01
Monthly;2022;MAY;;Construction;108116.09351709;MAY 2022;2022-05-01
Monthly;2022;APR;;Wholesale and Retail Trade;166605.25654107;APR 2022;2022-04-01
Monthly;2022;NOV;;Wholesale and Retail Trade;170034.065227;NOV 2022;2022-11-01
Monthly;2022;JUL;;Transportation and Storage;40243.93935904;JUL 2022;2022-07-01
Monthly;2022;JAN;;Accommodation and Food Service Activities;32902.86632132;JAN 2022;2022-01-01
Monthly;2022;JUN;;Accommodation and Food Service Activities;35576.77598223;JUN 2022;2022-06-01
Monthly;2022;NOV;;Accommodation and Food Service Activities;38741.076647;NOV 2022;2022-11-01
Monthly;2022;FEB;;Information and Communication;19237.28622139;FEB 2022;2022-02-01
Monthly;2022;APR;;Information and Communication;19234.99123775;APR 2022;2022-04-01
Monthly;2022;NOV;;Information and Communication;20914.84902586;NOV 2022;2022-11-01
Monthly;2022;FEB;;Financial and Insurance Activities;83107.15823337;FEB 2022;2022-02-01
Monthly;2022;SEP;;Financial and Insurance Activities;102042.205371;SEP 2022;2022-09-01
Monthly;2022;MAR;;Real Estate Activities;168508.64474386;MAR 2022;2022-03-01
Monthly;2022;JUN;;Real Estate Activities;185838.82582339;JUN 2022;2022-06-01
Monthly;2022;JUL;;Real Estate Activities;187017.32201256;JUL 2022;2022-07-01
Monthly;2022;MAR;;Professional, Scientific and Technical Activities;5484.91885878;MAR 2022;2022-03-01
Monthly;2022;MAY;;Professional, Scientific and Technical Activities;5507.83277185;MAY 2022;2022-05-01
Monthly;2022;JUN;;Professional, Scientific and Technical Activities;5651.03193999;JUN 2022;2022-06-01
Monthly;2022;JUL;;Professional, Scientific and Technical Activities;5654.8093537;JUL 2022;2022-07-01
Monthly;2022;OCT;;Professional, Scientific and Technical Activities;5891.471329;OCT 2022;2022-10-01
Monthly;2022;DEC;;Professional, Scientific and Technical Activities;5433.61245;DEC 2022;2022-12-01
Monthly;2022;MAR;;Administrative and Support Service Activities;43417.55456614;MAR 2022;2022-03-01
Monthly;2022;JUN;;Administrative and Support Service Activities;42322.85738703;JUN 2022;2022-06-01
Monthly;2022;JUL;;Administrative and Support Service Activities;47884.4483558;JUL 2022;2022-07-01
Monthly;2022;AUG;;Administrative and Support Service Activities;48052.02680152;AUG 2022;2022-08-01
Monthly;2022;SEP;;Administrative and Support Service Activities;46485.419841;SEP 2022;2022-09-01
Monthly;2022;AUG;;Education;3962.5889382;AUG 2022;2022-08-01
Monthly;2022;OCT;;Education;3812.142876;OCT 2022;2022-10-01
Monthly;2022;NOV;;Education;4543.727791;NOV 2022;2022-11-01
Monthly;2022;APR;;Human Health and Social Work Activities;16389.75200192;APR 2022;2022-04-01
Monthly;2022;JUN;;Human Health and Social Work Activities;16965.37693993;JUN 2022;2022-06-01
Monthly;2022;AUG;;Human Health and Social Work Activities;17154.23362101;AUG 2022;2022-08-01
Monthly;2022;JAN;;Individuals' Loans;1034498.69323989;JAN 2022;2022-01-01
Monthly;2022;FEB;;Individuals' Loans;1039480.24006278;FEB 2022;2022-02-01
Monthly;2022;MAR;;Individuals' Loans;1059482.08713391;MAR 2022;2022-03-01
Monthly;2022;APR;;Individuals' Loans;1070805.28231052;APR 2022;2022-04-01
Monthly;2022;JUL;;Individuals' Loans;1113224.71123522;JUL 2022;2022-07-01
Monthly;2022;AUG;;Individuals' Loans;1127467.17276174;AUG 2022;2022-08-01
Monthly;2022;OCT;;Individuals' Loans;1154205.53772766;OCT 2022;2022-10-01
Monthly;2022;MAY;;Other Activities;84540.94648182;MAY 2022;2022-05-01
Monthly;2022;SEP;;Other Activities;92303.9682149701;SEP 2022;2022-09-01
Monthly;2022;MAY;;Total;2192892.085;MAY 2022;2022-05-01
Monthly;2022;JUN;;Total;2241917.864;JUN 2022;2022-06-01
Monthly;2022;DEC;;Total;2349071.015;DEC 2022;2022-12-01
Annually;2022;;;Agriculture, Forestry and Fishing;11241.084129;2022;2022-01-01
Annually;2022;;;Wholesale and Retail Trade;167665.360438;2022;2022-01-01
Quarterly;2022;;Q2;Agriculture, Forestry and Fishing;12642.85410133;Q2 2022;2022-04-01
Quarterly;2022;;Q1;Mining and Quarrying;32187.26938265;Q1 2022;2022-01-01
Quarterly;2022;;Q2;Manufacturing;174692.06717237;Q2 2022;2022-04-01
Quarterly;2022;;Q3;Manufacturing;175422.019601;Q3 2022;2022-07-01
Quarterly;2022;;Q1;Electricity, Gas and Water Supplies;98934.51151991;Q1 2022;2022-01-01
Quarterly;2022;;Q2;Electricity, Gas and Water Supplies;103942.8178155;Q2 2022;2022-04-01
Quarterly;2022;;Q2;Construction;109489.17507018;Q2 2022;2022-04-01
Quarterly;2022;;Q3;Construction;109369.775955;Q3 2022;2022-07-01
Quarterly;2022;;Q1;Wholesale and Retail Trade;164640.14524353;Q1 2022;2022-01-01
Quarterly;2022;;Q1;Transportation and Storage;41858.58618979;Q1 2022;2022-01-01
Quarterly;2022;;Q4;Transportation and Storage;43726.679305;Q4 2022;2022-10-01
Quarterly;2022;;Q2;Accommodation and Food Service Activities;35576.77598223;Q2 2022;2022-04-01
Quarterly;2022;;Q2;Professional, Scientific and Technical Activities;5651.03193999;Q2 2022;2022-04-01
Quarterly;2022;;Q1;Education;5219.91215039;Q1 2022;2022-01-01
Quarterly;2022;;Q1;Human Health and Social Work Activities;15901.72621447;Q1 2022;2022-01-01
Quarterly;2022;;Q3;Individuals' Loans;1139904.18082817;Q3 2022;2022-07-01
Quarterly;2022;;Q2;Other Activities;86446.892842192;Q2 2022;2022-04-01
Quarterly;2022;;Q1;Total;2155860.954;Q1 2022;2022-01-01
Monthly;2022;FEB;;Agriculture, Forestry and Fishing;12621.86976789;FEB 2022;2022-02-01
Monthly;2022;MAY;;Agriculture, Forestry and Fishing;12769.01013561;MAY 2022;2022-05-01
Monthly;2022;AUG;;Agriculture, Forestry and Fishing;12890.67025186;AUG 2022;2022-08-01
Monthly;2022;JAN;;Mining and Quarrying;31248.07462855;JAN 2022;2022-01-01
Monthly;2022;OCT;;Mining and Quarrying;37893.270005;OCT 2022;2022-10-01
Monthly;2022;NOV;;Mining and Quarrying;36456.89204;NOV 2022;2022-11-01
Monthly;2022;MAY;;Manufacturing;172388.77665511;MAY 2022;2022-05-01
Monthly;2022;SEP;;Electricity, Gas and Water Supplies;108056.992103;SEP 2022;2022-09-01
Monthly;2022;DEC;;Electricity, Gas and Water Supplies;112088.770341;DEC 2022;2022-12-01
Monthly;2022;FEB;;Construction;103567.42688535;FEB 2022;2022-02-01
Monthly;2022;JUL;;Construction;109925.37590027;JUL 2022;2022-07-01
Monthly;2022;NOV;;Construction;112733.258169;NOV 2022;2022-11-01
Monthly;2022;JAN;;Wholesale and Retail Trade;152825.03537182;JAN 2022;2022-01-01
Monthly;2022;SEP;;Wholesale and Retail Trade;167882.596822;SEP 2022;2022-09-01
Monthly;2022;FEB;;Transportation and Storage;42874.15467304;FEB 2022;2022-02-01
Monthly;2022;JUN;;Transportation and Storage;40580.85150974;JUN 2022;2022-06-01
Monthly;2022;OCT;;Transportation and Storage;42106.618985;OCT 2022;2022-10-01
Monthly;2022;NOV;;Transportation and Storage;42869.230963;NOV 2022;2022-11-01
Monthly;2022;SEP;;Accommodation and Food Service Activities;37627.716541;SEP 2022;2022-09-01
Monthly;2022;OCT;;Information and Communication;20599.78364386;OCT 2022;2022-10-01
Monthly;2022;JUN;;Financial and Insurance Activities;92697.89558161;JUN 2022;2022-06-01
Monthly;2022;JUL;;Financial and Insurance Activities;91153.91673457;JUL 2022;2022-07-01
Monthly;2022;AUG;;Financial and Insurance Activities;92095.87961055;AUG 2022;2022-08-01
Monthly;2022;OCT;;Financial and Insurance Activities;97586.157274;OCT 2022;2022-10-01
Monthly;2022;SEP;;Real Estate Activities;197717.797917;SEP 2022;2022-09-01
Monthly;2022;NOV;;Professional, Scientific and Technical Activities;5974.57516;NOV 2022;2022-11-01
Monthly;2022;FEB;;Administrative and Support Service Activities;44126.70775064;FEB 2022;2022-02-01
Monthly;2022;APR;;Administrative and Support Service Activities;47373.8319797;APR 2022;2022-04-01
Monthly;2022;DEC;;Education;4821.894439;DEC 2022;2022-12-01
Monthly;2022;FEB;;Human Health and Social Work Activities;16444.06179118;FEB 2022;2022-02-01
Monthly;2022;MAR;;Human Health and Social Work Activities;15901.72621447;MAR 2022;2022-03-01
Monthly;2022;SEP;;Human Health and Social Work Activities;16959.536411;SEP 2022;2022-09-01
Monthly;2022;NOV;;Individuals' Loans;1159061.24566297;NOV 2022;2022-11-01
Monthly;2022;MAR;;Total;2155860.954;MAR 2022;2022-03-01
Monthly;2022;SEP;;Total;2315577.867;SEP 2022;2022-09-01
Monthly;2022;AUG;;Transportation and Storage;41229.76072191;AUG 2022;2022-08-01
Annually;2022;;;Electricity, Gas and Water Supplies;112088.770341;2022;2022-01-01
Annually;2022;;;Construction;109333.25717;2022;2022-01-01
Annually;2022;;;Other Activities;100393.3620537;2022;2022-01-01
Quarterly;2022;;Q4;Agriculture, Forestry and Fishing;11241.084129;Q4 2022;2022-10-01
Quarterly;2022;;Q3;Mining and Quarrying;37182.315497;Q3 2022;2022-07-01
Quarterly;2022;;Q4;Accommodation and Food Service Activities;38181.539289;Q4 2022;2022-10-01
Quarterly;2022;;Q3;Information and Communication;20734.02563686;Q3 2022;2022-07-01
Quarterly;2022;;Q2;Real Estate Activities;185838.82582339;Q2 2022;2022-04-01
Quarterly;2022;;Q4;Real Estate Activities;203114.827772;Q4 2022;2022-10-01
Quarterly;2022;;Q3;Professional, Scientific and Technical Activities;5989.540313;Q3 2022;2022-07-01
Quarterly;2022;;Q2;Administrative and Support Service Activities;42322.85738703;Q2 2022;2022-04-01
Quarterly;2022;;Q4;Individuals' Loans;1162459.40003444;Q4 2022;2022-10-01
Monthly;2022;FEB;;Mining and Quarrying;32001.63260049;FEB 2022;2022-02-01
Monthly;2022;APR;;Manufacturing;175902.67644072;APR 2022;2022-04-01
Monthly;2022;DEC;;Manufacturing;167641.133435;DEC 2022;2022-12-01
Monthly;2022;FEB;;Electricity, Gas and Water Supplies;95178.16589059;FEB 2022;2022-02-01
Monthly;2022;AUG;;Electricity, Gas and Water Supplies;108244.39947668;AUG 2022;2022-08-01
Monthly;2022;MAR;;Construction;107138.34871584;MAR 2022;2022-03-01
Monthly;2022;APR;;Construction;106541.91242398;APR 2022;2022-04-01
Monthly;2022;AUG;;Construction;110187.9878396;AUG 2022;2022-08-01
Monthly;2022;MAY;;Wholesale and Retail Trade;165644.05486371;MAY 2022;2022-05-01
Monthly;2022;MAR;;Transportation and Storage;41858.58618979;MAR 2022;2022-03-01
Monthly;2022;APR;;Transportation and Storage;41259.07632666;APR 2022;2022-04-01
Monthly;2022;FEB;;Accommodation and Food Service Activities;33975.04073712;FEB 2022;2022-02-01
Monthly;2022;AUG;;Accommodation and Food Service Activities;37381.61022352;AUG 2022;2022-08-01
Monthly;2022;OCT;;Accommodation and Food Service Activities;37697.709404;OCT 2022;2022-10-01
Monthly;2022;JAN;;Information and Communication;19084.19619335;JAN 2022;2022-01-01
Monthly;2022;MAY;;Information and Communication;19473.8468359;MAY 2022;2022-05-01
Monthly;2022;NOV;;Financial and Insurance Activities;99363.6277;NOV 2022;2022-11-01
Monthly;2022;DEC;;Financial and Insurance Activities;102368.918244;DEC 2022;2022-12-01
Monthly;2022;FEB;;Real Estate Activities;164795.40620905;FEB 2022;2022-02-01
Monthly;2022;OCT;;Real Estate Activities;197103.728239;OCT 2022;2022-10-01
Monthly;2022;FEB;;Professional, Scientific and Technical Activities;5602.16431179;FEB 2022;2022-02-01
Monthly;2022;JAN;;Administrative and Support Service Activities;44119.40520231;JAN 2022;2022-01-01
Monthly;2022;MAY;;Administrative and Support Service Activities;46129.0114624;MAY 2022;2022-05-01
Monthly;2022;FEB;;Education;5054.35611513;FEB 2022;2022-02-01
Monthly;2022;MAR;;Education;5219.91215039;MAR 2022;2022-03-01
Monthly;2022;APR;;Education;5312.91904574;APR 2022;2022-04-01
Monthly;2022;JUN;;Education;5863.83063205;JUN 2022;2022-06-01
Monthly;2022;SEP;;Education;3766.819166;SEP 2022;2022-09-01
Monthly;2022;JAN;;Human Health and Social Work Activities;15644.2392163;JAN 2022;2022-01-01
Monthly;2022;SEP;;Individuals' Loans;1139904.18082817;SEP 2022;2022-09-01
Monthly;2022;MAR;;Other Activities;82537.4783382899;MAR 2022;2022-03-01
Monthly;2022;APR;;Other Activities;82512.4633781405;APR 2022;2022-04-01
Monthly;2022;JUN;;Other Activities;86446.892842192;JUN 2022;2022-06-01
Monthly;2022;JUL;;Other Activities;88914.4902493898;JUL 2022;2022-07-01
Monthly;2022;AUG;;Other Activities;91030.7975809398;AUG 2022;2022-08-01
Monthly;2022;APR;;Total;2176553.64;APR 2022;2022-04-01
Monthly;2022;OCT;;Total;2332039.967;OCT 2022;2022-10-01
Annually;2022;;;Accommodation and Food Service Activities;38181.539289;2022;2022-01-01
Annually;2022;;;Financial and Insurance Activities;102368.918244;2022;2022-01-01
Annually;2022;;;Human Health and Social Work Activities;17584.658658;2022;2022-01-01
Quarterly;2022;;Q4;Manufacturing;167641.133435;Q4 2022;2022-10-01
Quarterly;2022;;Q3;Electricity, Gas and Water Supplies;108056.992103;Q3 2022;2022-07-01
Quarterly;2022;;Q4;Construction;109333.25717;Q4 2022;2022-10-01
Quarterly;2022;;Q3;Transportation and Storage;41858.080283;Q3 2022;2022-07-01
Quarterly;2022;;Q1;Accommodation and Food Service Activities;34471.20873907;Q1 2022;2022-01-01
Quarterly;2022;;Q2;Financial and Insurance Activities;92697.89558161;Q2 2022;2022-04-01
Quarterly;2022;;Q3;Real Estate Activities;197717.797917;Q3 2022;2022-07-01
Quarterly;2022;;Q1;Professional, Scientific and Technical Activities;5484.91885878;Q1 2022;2022-01-01
Quarterly;2022;;Q1;Administrative and Support Service Activities;43417.55456614;Q1 2022;2022-01-01
Quarterly;2022;;Q2;Human Health and Social Work Activities;16965.37693993;Q2 2022;2022-04-01
Quarterly;2022;;Q3;Human Health and Social Work Activities;16959.536411;Q3 2022;2022-07-01
Quarterly;2022;;Q1;Individuals' Loans;1059482.08713391;Q1 2022;2022-01-01
Quarterly;2022;;Q4;Other Activities;100393.3620537;Q4 2022;2022-10-01
Quarterly;2022;;Q4;Total;2349071.015;Q4 2022;2022-10-01
Monthly;2022;JAN;;Agriculture, Forestry and Fishing;12308.51339498;JAN 2022;2022-01-01
Monthly;2022;MAR;;Agriculture, Forestry and Fishing;13062.03683046;MAR 2022;2022-03-01
Monthly;2022;JUL;;Agriculture, Forestry and Fishing;12589.46400711;JUL 2022;2022-07-01
Monthly;2022;SEP;;Agriculture, Forestry and Fishing;12274.876499;SEP 2022;2022-09-01
Monthly;2022;MAY;;Mining and Quarrying;32974.79228372;MAY 2022;2022-05-01
Monthly;2022;AUG;;Mining and Quarrying;36783.97305883;AUG 2022;2022-08-01
Monthly;2022;JUL;;Manufacturing;172380.26989214;JUL 2022;2022-07-01
Monthly;2022;JUL;;Electricity, Gas and Water Supplies;104769.36459907;JUL 2022;2022-07-01
Monthly;2022;JAN;;Construction;103317.16717635;JAN 2022;2022-01-01
Monthly;2022;SEP;;Construction;109369.775955;SEP 2022;2022-09-01
Monthly;2022;OCT;;Construction;112987.857682;OCT 2022;2022-10-01
Monthly;2022;JUN;;Wholesale and Retail Trade;166520.5164116;JUN 2022;2022-06-01
Monthly;2022;AUG;;Wholesale and Retail Trade;170011.37075616;AUG 2022;2022-08-01
Monthly;2022;DEC;;Wholesale and Retail Trade;167665.360438;DEC 2022;2022-12-01
Monthly;2022;JAN;;Transportation and Storage;42620.63029327;JAN 2022;2022-01-01
Monthly;2022;AUG;;Information and Communication;20816.76121724;AUG 2022;2022-08-01
Monthly;2022;APR;;Financial and Insurance Activities;86831.59785958;APR 2022;2022-04-01
Monthly;2022;MAY;;Financial and Insurance Activities;83792.98177667;MAY 2022;2022-05-01
Monthly;2022;JAN;;Real Estate Activities;161782.87983132;JAN 2022;2022-01-01
Monthly;2022;APR;;Real Estate Activities;170944.35859082;APR 2022;2022-04-01
Monthly;2022;AUG;;Real Estate Activities;193688.70167719;AUG 2022;2022-08-01
Monthly;2022;DEC;;Real Estate Activities;203114.827772;DEC 2022;2022-12-01
Monthly;2022;APR;;Professional, Scientific and Technical Activities;5447.65759475;APR 2022;2022-04-01
Monthly;2022;SEP;;Professional, Scientific and Technical Activities;5989.540313;SEP 2022;2022-09-01
Monthly;2022;OCT;;Administrative and Support Service Activities;46784.888347;OCT 2022;2022-10-01
Monthly;2022;NOV;;Administrative and Support Service Activities;47077.258825;NOV 2022;2022-11-01
Monthly;2022;JAN;;Education;4920.39001429;JAN 2022;2022-01-01
Monthly;2022;JUL;;Education;3912.51293411;JUL 2022;2022-07-01
Monthly;2022;DEC;;Human Health and Social Work Activities;17584.658658;DEC 2022;2022-12-01
Monthly;2022;DEC;;Individuals' Loans;1162459.40003444;DEC 2022;2022-12-01
Monthly;2022;JAN;;Other Activities;73156.56773949;JAN 2022;2022-01-01
Monthly;2022;OCT;;Other Activities;93157.5331204799;OCT 2022;2022-10-01
Monthly;2022;NOV;;Other Activities;99375.1053631698;NOV 2022;2022-11-01
Monthly;2022;FEB;;Total;2110186.761;FEB 2022;2022-02-01
Monthly;2022;JUL;;Total;2255909.671;JUL 2022;2022-07-01
Monthly;2022;AUG;;Total;2291002.831;AUG 2022;2022-08-01
Annually;2021;;;Manufacturing;170066.1720285;2021;2021-01-01
Annually;2021;;;Wholesale and Retail Trade;152880.55886625;2021;2021-01-01
Annually;2021;;;Information and Communication;18015.39829301;2021;2021-01-01
Annually;2021;;;Real Estate Activities;158721.69694626;2021;2021-01-01
Quarterly;2021;;Q4;Electricity, Gas and Water Supplies;92277.71099802;Q4 2021;2021-10-01
Quarterly;2021;;Q3;Information and Communication;18021.649867595;Q3 2021;2021-07-01
Quarterly;2021;;Q3;Financial and Insurance Activities;79604.6287728425;Q3 2021;2021-07-01
Quarterly;2021;;Q4;Financial and Insurance Activities;81313.87412892;Q4 2021;2021-10-01
Quarterly;2021;;Q3;Professional, Scientific and Technical Activities;5784.60703023;Q3 2021;2021-07-01
Quarterly;2021;;Q4;Human Health and Social Work Activities;15765.93561134;Q4 2021;2021-10-01
Quarterly;2021;;Q3;Individuals' Loans;963449.390488175;Q3 2021;2021-07-01
Quarterly;2021;;Q4;Total;2059219.988;Q4 2021;2021-10-01
Monthly;2021;AUG;;Agriculture, Forestry and Fishing;11076.96307682;AUG 2021;2021-08-01
Monthly;2021;AUG;;Mining and Quarrying;30629.62981927;AUG 2021;2021-08-01
Monthly;2021;OCT;;Manufacturing;173184.171965233;OCT 2021;2021-10-01
Monthly;2021;OCT;;Electricity, Gas and Water Supplies;85548.37066024;OCT 2021;2021-10-01
Monthly;2021;NOV;;Electricity, Gas and Water Supplies;87189.58723103;NOV 2021;2021-11-01
Monthly;2021;AUG;;Construction;107803.939653407;AUG 2021;2021-08-01
Monthly;2021;DEC;;Wholesale and Retail Trade;152880.55886625;DEC 2021;2021-12-01
Monthly;2021;NOV;;Transportation and Storage;48432.84248878;NOV 2021;2021-11-01
Monthly;2021;AUG;;Information and Communication;18461.22092698;AUG 2021;2021-08-01
Monthly;2021;DEC;;Information and Communication;18015.39829301;DEC 2021;2021-12-01
Monthly;2021;SEP;;Financial and Insurance Activities;79604.6287728425;SEP 2021;2021-09-01
Monthly;2021;OCT;;Financial and Insurance Activities;74990.2652787592;OCT 2021;2021-10-01
Monthly;2021;DEC;;Financial and Insurance Activities;81313.87412892;DEC 2021;2021-12-01
Monthly;2021;OCT;;Professional, Scientific and Technical Activities;5663.88507384;OCT 2021;2021-10-01
Monthly;2021;DEC;;Administrative and Support Service Activities;42826.44964668;DEC 2021;2021-12-01
Monthly;2021;NOV;;Individuals' Loans;1007233.50146431;NOV 2021;2021-11-01
Monthly;2021;DEC;;Individuals' Loans;1019084.39588829;DEC 2021;2021-12-01
Monthly;2021;OCT;;Total;2013459.035;OCT 2021;2021-10-01
Monthly;2021;OCT;;Transportation and Storage;47246.42773922;OCT 2021;2021-10-01
Monthly;2021;OCT;;Accommodation and Food Service Activities;31606.4467963792;OCT 2021;2021-10-01
Monthly;2021;NOV;;Information and Communication;19035.43007133;NOV 2021;2021-11-01
Annually;2021;;;Mining and Quarrying;31917.42016611;2021;2021-01-01
Annually;2021;;;Professional, Scientific and Technical Activities;5856.20270991;2021;2021-01-01
Annually;2021;;;Individuals' Loans;1019084.39588829;2021;2021-01-01
Quarterly;2021;;Q3;Agriculture, Forestry and Fishing;11292.46367782;Q3 2021;2021-07-01
Quarterly;2021;;Q4;Manufacturing;170066.1720285;Q4 2021;2021-10-01
Quarterly;2021;;Q3;Electricity, Gas and Water Supplies;82314.82367004;Q3 2021;2021-07-01
Quarterly;2021;;Q4;Accommodation and Food Service Activities;34214.59456284;Q4 2021;2021-10-01
Quarterly;2021;;Q3;Real Estate Activities;143611.342982807;Q3 2021;2021-07-01
Quarterly;2021;;Q4;Professional, Scientific and Technical Activities;5856.20270991;Q4 2021;2021-10-01
Quarterly;2021;;Q4;Administrative and Support Service Activities;42826.44964668;Q4 2021;2021-10-01
Quarterly;2021;;Q4;Other Activities;72860.97869615;Q4 2021;2021-10-01
Monthly;2021;OCT;;Agriculture, Forestry and Fishing;11292.75399547;OCT 2021;2021-10-01
Monthly;2021;NOV;;Agriculture, Forestry and Fishing;11877.13400931;NOV 2021;2021-11-01
Monthly;2021;DEC;;Agriculture, Forestry and Fishing;11588.52611396;DEC 2021;2021-12-01
Monthly;2021;DEC;;Mining and Quarrying;31917.42016611;DEC 2021;2021-12-01
Monthly;2021;AUG;;Electricity, Gas and Water Supplies;84973.65592305;AUG 2021;2021-08-01
Monthly;2021;DEC;;Electricity, Gas and Water Supplies;92277.71099802;DEC 2021;2021-12-01
Monthly;2021;SEP;;Construction;105217.79626996;SEP 2021;2021-09-01
Monthly;2021;AUG;;Transportation and Storage;45866.22468054;AUG 2021;2021-08-01
Monthly;2021;SEP;;Accommodation and Food Service Activities;30912.8600227208;SEP 2021;2021-09-01
Monthly;2021;OCT;;Information and Communication;17997.4911350629;OCT 2021;2021-10-01
Monthly;2021;AUG;;Professional, Scientific and Technical Activities;5871.48561933;AUG 2021;2021-08-01
Monthly;2021;SEP;;Professional, Scientific and Technical Activities;5784.60703023;SEP 2021;2021-09-01
Monthly;2021;NOV;;Professional, Scientific and Technical Activities;5670.6326788;NOV 2021;2021-11-01
Monthly;2021;SEP;;Administrative and Support Service Activities;38207.53568997;SEP 2021;2021-09-01
Monthly;2021;OCT;;Education;4789.02970337667;OCT 2021;2021-10-01
Monthly;2021;NOV;;Education;4795.44688876;NOV 2021;2021-11-01
Monthly;2021;NOV;;Human Health and Social Work Activities;14378.72620418;NOV 2021;2021-11-01
Monthly;2021;OCT;;Individuals' Loans;989844.870575241;OCT 2021;2021-10-01
Monthly;2021;NOV;;Other Activities;68633.28862746;NOV 2021;2021-11-01
Annually;2021;;;Other Activities;72860.97869615;2021;2021-01-01
Quarterly;2021;;Q3;Mining and Quarrying;30821.08492127;Q3 2021;2021-07-01
Quarterly;2021;;Q4;Mining and Quarrying;31917.42016611;Q4 2021;2021-10-01
Quarterly;2021;;Q3;Manufacturing;173831.596315274;Q3 2021;2021-07-01
Quarterly;2021;;Q4;Construction;100750.40152985;Q4 2021;2021-10-01
Quarterly;2021;;Q4;Wholesale and Retail Trade;152880.55886625;Q4 2021;2021-10-01
Quarterly;2021;;Q4;Information and Communication;18015.39829301;Q4 2021;2021-10-01
Quarterly;2021;;Q4;Real Estate Activities;158721.69694626;Q4 2021;2021-10-01
Quarterly;2021;;Q3;Administrative and Support Service Activities;38207.53568997;Q3 2021;2021-07-01
Quarterly;2021;;Q4;Education;4661.45707122;Q4 2021;2021-10-01
Quarterly;2021;;Q4;Individuals' Loans;1019084.39588829;Q4 2021;2021-10-01
Quarterly;2021;;Q3;Total;2009159.665;Q3 2021;2021-07-01
Monthly;2021;NOV;;Mining and Quarrying;31905.61682614;NOV 2021;2021-11-01
Monthly;2021;SEP;;Manufacturing;173831.596315274;SEP 2021;2021-09-01
Monthly;2021;DEC;;Manufacturing;170066.1720285;DEC 2021;2021-12-01
Monthly;2021;SEP;;Electricity, Gas and Water Supplies;82314.82367004;SEP 2021;2021-09-01
Monthly;2021;NOV;;Construction;106426.3225725;NOV 2021;2021-11-01
Monthly;2021;DEC;;Construction;100750.40152985;DEC 2021;2021-12-01
Monthly;2021;AUG;;Wholesale and Retail Trade;165190.624838263;AUG 2021;2021-08-01
Monthly;2021;DEC;;Transportation and Storage;46418.21474269;DEC 2021;2021-12-01
Monthly;2021;AUG;;Accommodation and Food Service Activities;30425.10258956;AUG 2021;2021-08-01
Monthly;2021;DEC;;Accommodation and Food Service Activities;34214.59456284;DEC 2021;2021-12-01
Monthly;2021;NOV;;Financial and Insurance Activities;80586.33618895;NOV 2021;2021-11-01
Monthly;2021;AUG;;Real Estate Activities;141078.74114335;AUG 2021;2021-08-01
Monthly;2021;OCT;;Real Estate Activities;147541.664280913;OCT 2021;2021-10-01
Monthly;2021;NOV;;Administrative and Support Service Activities;42067.84725465;NOV 2021;2021-11-01
Monthly;2021;SEP;;Education;2821.33473411333;SEP 2021;2021-09-01
Monthly;2021;DEC;;Education;4661.45707122;DEC 2021;2021-12-01
Monthly;2021;AUG;;Human Health and Social Work Activities;13250.5211314733;AUG 2021;2021-08-01
Monthly;2021;SEP;;Human Health and Social Work Activities;13973.28502672;SEP 2021;2021-09-01
Monthly;2021;SEP;;Individuals' Loans;963449.390488175;SEP 2021;2021-09-01
Monthly;2021;DEC;;Other Activities;72860.97869615;DEC 2021;2021-12-01
Monthly;2021;SEP;;Total;2009159.665;SEP 2021;2021-09-01
Annually;2021;;;Agriculture, Forestry and Fishing;11588.52611396;2021;2021-01-01
Annually;2021;;;Construction;100750.40152985;2021;2021-01-01
Annually;2021;;;Transportation and Storage;46418.21474269;2021;2021-01-01
Annually;2021;;;Accommodation and Food Service Activities;34214.59456284;2021;2021-01-01
Annually;2021;;;Financial and Insurance Activities;81313.87412892;2021;2021-01-01
Annually;2021;;;Education;4661.45707122;2021;2021-01-01
Quarterly;2021;;Q3;Construction;105217.79626996;Q3 2021;2021-07-01
Quarterly;2021;;Q3;Transportation and Storage;46620.54117816;Q3 2021;2021-07-01
Quarterly;2021;;Q3;Human Health and Social Work Activities;13973.28502672;Q3 2021;2021-07-01
Quarterly;2021;;Q3;Other Activities;95895.7798226128;Q3 2021;2021-07-01
Monthly;2021;SEP;;Mining and Quarrying;30821.08492127;SEP 2021;2021-09-01
Monthly;2021;AUG;;Manufacturing;175696.436065737;AUG 2021;2021-08-01
Monthly;2021;NOV;;Manufacturing;176327.23808257;NOV 2021;2021-11-01
Monthly;2021;OCT;;Wholesale and Retail Trade;157373.628464809;OCT 2021;2021-10-01
Monthly;2021;NOV;;Wholesale and Retail Trade;156474.67204522;NOV 2021;2021-11-01
Monthly;2021;SEP;;Transportation and Storage;46620.54117816;SEP 2021;2021-09-01
Monthly;2021;SEP;;Information and Communication;18021.649867595;SEP 2021;2021-09-01
Monthly;2021;AUG;;Financial and Insurance Activities;74424.4500396933;AUG 2021;2021-08-01
Monthly;2021;DEC;;Real Estate Activities;158721.69694626;DEC 2021;2021-12-01
Monthly;2021;DEC;;Professional, Scientific and Technical Activities;5856.20270991;DEC 2021;2021-12-01
Monthly;2021;OCT;;Administrative and Support Service Activities;40105.85395439;OCT 2021;2021-10-01
Monthly;2021;OCT;;Human Health and Social Work Activities;14528.5490185533;OCT 2021;2021-10-01
Monthly;2021;DEC;;Human Health and Social Work Activities;15765.93561134;DEC 2021;2021-12-01
Monthly;2021;AUG;;Individuals' Loans;940201.657252358;AUG 2021;2021-08-01
Monthly;2021;SEP;;Other Activities;95895.7798226128;SEP 2021;2021-09-01
Annually;2021;;;Electricity, Gas and Water Supplies;92277.71099802;2021;2021-01-01
Annually;2021;;;Administrative and Support Service Activities;42826.44964668;2021;2021-01-01
Annually;2021;;;Human Health and Social Work Activities;15765.93561134;2021;2021-01-01
Annually;2021;;;Total;2059219.988;2021;2021-01-01
Quarterly;2021;;Q4;Agriculture, Forestry and Fishing;11588.52611396;Q4 2021;2021-10-01
Quarterly;2021;;Q3;Wholesale and Retail Trade;166778.94452969;Q3 2021;2021-07-01
Quarterly;2021;;Q4;Transportation and Storage;46418.21474269;Q4 2021;2021-10-01
Quarterly;2021;;Q3;Accommodation and Food Service Activities;30912.8600227208;Q3 2021;2021-07-01
Quarterly;2021;;Q3;Education;2821.33473411333;Q3 2021;2021-07-01
Monthly;2021;SEP;;Agriculture, Forestry and Fishing;11292.46367782;SEP 2021;2021-09-01
Monthly;2021;OCT;;Mining and Quarrying;30577.22045281;OCT 2021;2021-10-01
Monthly;2021;OCT;;Construction;106929.424839107;OCT 2021;2021-10-01
Monthly;2021;SEP;;Wholesale and Retail Trade;166778.94452969;SEP 2021;2021-09-01
Monthly;2021;NOV;;Accommodation and Food Service Activities;33287.99767409;NOV 2021;2021-11-01
Monthly;2021;SEP;;Real Estate Activities;143611.342982807;SEP 2021;2021-09-01
Monthly;2021;NOV;;Real Estate Activities;156430.30869192;NOV 2021;2021-11-01
Monthly;2021;AUG;;Administrative and Support Service Activities;38429.18074353;AUG 2021;2021-08-01
Monthly;2021;AUG;;Education;2686.5898143;AUG 2021;2021-08-01
Monthly;2021;AUG;;Other Activities;92759.7366823386;AUG 2021;2021-08-01
Monthly;2021;OCT;;Other Activities;74238.9810665945;OCT 2021;2021-10-01
Monthly;2021;AUG;;Total;1978826.16;AUG 2021;2021-08-01
Monthly;2021;NOV;;Total;2050752.929;NOV 2021;2021-11-01
Monthly;2021;DEC;;Total;2059219.988;DEC 2021;2021-12-01
