Periodicity;Year;Month;Quarter;Transactions / Sales;Sector;Value in different units;Date_Object;Date;Name
Annually;2023;;;Hotels;Number of Transactions;34305.559;2023-01-01;2023;Hotels :  Number of Transactions
Annually;2023;;;Clothing and Footwear;Sales;43090980.4462169;2023-01-01;2023;Clothing and Footwear :  Sales
Annually;2023;;;Recreation and Culture;Sales;14956789.3628498;2023-01-01;2023;Recreation and Culture :  Sales
Annually;2023;;;Furniture;Number of Transactions;58624.597;2023-01-01;2023;Furniture :  Number of Transactions
Annually;2023;;;Telecommunication;Sales;5107118.51290994;2023-01-01;2023;Telecommunication :  Sales
Annually;2023;;;Education;Number of Transactions;6471.494;2023-01-01;2023;Education :  Number of Transactions
Annually;2023;;;Total;Number of Transactions;8971739.435;2023-01-01;2023;Total :  Number of Transactions
Annually;2023;;;Total;Sales;613956933.324021;2023-01-01;2023;Total :  Sales
Quarterly;2023;;Q2;Transportation;Number of Transactions;31707.02;2023-04-01;Q2 2023;Transportation :  Number of Transactions
Quarterly;2023;;Q3;Transportation;Number of Transactions;33957.139;2023-07-01;Q3 2023;Transportation :  Number of Transactions
Quarterly;2023;;Q1;Health;Number of Transactions;96525.537;2023-01-01;Q1 2023;Health :  Number of Transactions
Quarterly;2023;;Q2;Health;Number of Transactions;96498.952;2023-04-01;Q2 2023;Health :  Number of Transactions
Quarterly;2023;;Q3;Health;Number of Transactions;97190.016;2023-07-01;Q3 2023;Health :  Number of Transactions
Quarterly;2023;;Q1;Hotels;Number of Transactions;7834.327;2023-01-01;Q1 2023;Hotels :  Number of Transactions
Quarterly;2023;;Q3;Hotels;Sales;3461392.90047994;2023-07-01;Q3 2023;Hotels :  Sales
Quarterly;2023;;Q4;Hotels;Sales;3992318.23851994;2023-10-01;Q4 2023;Hotels :  Sales
Quarterly;2023;;Q1;Beverage and Food;Number of Transactions;471886.553;2023-01-01;Q1 2023;Beverage and Food :  Number of Transactions
Quarterly;2023;;Q1;Beverage and Food;Sales;23727218.2538722;2023-01-01;Q1 2023;Beverage and Food :  Sales
Quarterly;2023;;Q2;Clothing and Footwear;Number of Transactions;89791.794;2023-04-01;Q2 2023;Clothing and Footwear :  Number of Transactions
Quarterly;2023;;Q4;Clothing and Footwear;Sales;10139166.1555715;2023-10-01;Q4 2023;Clothing and Footwear :  Sales
Quarterly;2023;;Q1;Recreation and Culture;Sales;3597029.82223995;2023-01-01;Q1 2023;Recreation and Culture :  Sales
Quarterly;2023;;Q3;Miscellaneous Goods and Services;Sales;16995864.2471743;2023-07-01;Q3 2023;Miscellaneous Goods and Services :  Sales
Quarterly;2023;;Q4;Electronic & Electric Devices;Sales;2984170.34117998;2023-10-01;Q4 2023;Electronic & Electric Devices :  Sales
Quarterly;2023;;Q4;Furniture;Number of Transactions;15467.529;2023-10-01;Q4 2023;Furniture :  Number of Transactions
Quarterly;2023;;Q2;Construction & Building Materials;Sales;3928289.19397988;2023-04-01;Q2 2023;Construction & Building Materials :  Sales
Quarterly;2023;;Q3;Construction & Building Materials;Sales;4366677.25082987;2023-07-01;Q3 2023;Construction & Building Materials :  Sales
Quarterly;2023;;Q1;Jewelry;Number of Transactions;2904.606;2023-01-01;Q1 2023;Jewelry :  Number of Transactions
Quarterly;2023;;Q2;Jewelry;Sales;3616044.97086995;2023-04-01;Q2 2023;Jewelry :  Sales
Quarterly;2023;;Q3;Jewelry;Sales;2642690.60856997;2023-07-01;Q3 2023;Jewelry :  Sales
Quarterly;2023;;Q3;Telecommunication;Number of Transactions;9477.656;2023-07-01;Q3 2023;Telecommunication :  Number of Transactions
Quarterly;2023;;Q1;Telecommunication;Sales;1240532.71966;2023-01-01;Q1 2023;Telecommunication :  Sales
Quarterly;2023;;Q3;Education;Sales;3916659.20662001;2023-07-01;Q3 2023;Education :  Sales
Quarterly;2023;;Q4;Education;Sales;2004189.51459;2023-10-01;Q4 2023;Education :  Sales
Quarterly;2023;;Q1;Public Utilities;Number of Transactions;17215.965;2023-01-01;Q1 2023;Public Utilities :  Number of Transactions
Quarterly;2023;;Q1;Others;Sales;33089102.7388112;2023-01-01;Q1 2023;Others :  Sales
Quarterly;2023;;Q2;Total;Number of Transactions;2174009.305;2023-04-01;Q2 2023;Total :  Number of Transactions
Quarterly;2023;;Q3;Total;Number of Transactions;2318367.827;2023-07-01;Q3 2023;Total :  Number of Transactions
Monthly;2023;MAR;;Transportation;Number of Transactions;10573.024;2023-03-01;MAR 2023;Transportation :  Number of Transactions
Monthly;2023;DEC;;Transportation;Number of Transactions;11627.015;2023-12-01;DEC 2023;Transportation :  Number of Transactions
Monthly;2023;JAN;;Transportation;Sales;2666195.26261997;2023-01-01;JAN 2023;Transportation :  Sales
Monthly;2023;MAR;;Transportation;Sales;2955165.70025994;2023-03-01;MAR 2023;Transportation :  Sales
Monthly;2023;AUG;;Transportation;Sales;3214428.48821995;2023-08-01;AUG 2023;Transportation :  Sales
Monthly;2023;MAY;;Health;Number of Transactions;33789.432;2023-05-01;MAY 2023;Health :  Number of Transactions
Monthly;2023;DEC;;Health;Number of Transactions;35257.238;2023-12-01;DEC 2023;Health :  Number of Transactions
Monthly;2023;APR;;Health;Sales;3143608.67314;2023-04-01;APR 2023;Health :  Sales
Monthly;2023;JUN;;Health;Sales;3178405.37208001;2023-06-01;JUN 2023;Health :  Sales
Monthly;2023;DEC;;Health;Sales;3401099.55567003;2023-12-01;DEC 2023;Health :  Sales
Monthly;2023;FEB;;Restaurants & Café;Number of Transactions;187912.366;2023-02-01;FEB 2023;Restaurants & Café :  Number of Transactions
Monthly;2023;AUG;;Restaurants & Café;Number of Transactions;223519.701;2023-08-01;AUG 2023;Restaurants & Café :  Number of Transactions
Monthly;2023;SEP;;Restaurants & Café;Number of Transactions;219585.697;2023-09-01;SEP 2023;Restaurants & Café :  Number of Transactions
Monthly;2023;NOV;;Restaurants & Café;Number of Transactions;234746.682;2023-11-01;NOV 2023;Restaurants & Café :  Number of Transactions
Monthly;2023;APR;;Restaurants & Café;Sales;6870567.26372205;2023-04-01;APR 2023;Restaurants & Café :  Sales
Monthly;2023;NOV;;Restaurants & Café;Sales;7871791.3656733;2023-11-01;NOV 2023;Restaurants & Café :  Sales
Monthly;2023;APR;;Hotels;Number of Transactions;2579.461;2023-04-01;APR 2023;Hotels :  Number of Transactions
Monthly;2023;OCT;;Hotels;Number of Transactions;2843.809;2023-10-01;OCT 2023;Hotels :  Number of Transactions
Monthly;2023;DEC;;Hotels;Number of Transactions;3019.183;2023-12-01;DEC 2023;Hotels :  Number of Transactions
Monthly;2023;JAN;;Hotels;Sales;1217205.61256998;2023-01-01;JAN 2023;Hotels :  Sales
Monthly;2023;DEC;;Hotels;Sales;1409343.78203998;2023-12-01;DEC 2023;Hotels :  Sales
Monthly;2023;MAY;;Beverage and Food;Number of Transactions;180807.134;2023-05-01;MAY 2023;Beverage and Food :  Number of Transactions
Monthly;2023;MAR;;Beverage and Food;Sales;9387070.18778078;2023-03-01;MAR 2023;Beverage and Food :  Sales
Monthly;2023;JUL;;Beverage and Food;Sales;7577554.51474056;2023-07-01;JUL 2023;Beverage and Food :  Sales
Monthly;2023;AUG;;Beverage and Food;Sales;8168300.17231059;2023-08-01;AUG 2023;Beverage and Food :  Sales
Monthly;2023;JAN;;Clothing and Footwear;Number of Transactions;22718.194;2023-01-01;JAN 2023;Clothing and Footwear :  Number of Transactions
Monthly;2023;SEP;;Clothing and Footwear;Number of Transactions;23271.2;2023-09-01;SEP 2023;Clothing and Footwear :  Number of Transactions
Monthly;2023;OCT;;Clothing and Footwear;Number of Transactions;21823.334;2023-10-01;OCT 2023;Clothing and Footwear :  Number of Transactions
Monthly;2023;NOV;;Clothing and Footwear;Number of Transactions;25981.209;2023-11-01;NOV 2023;Clothing and Footwear :  Number of Transactions
Monthly;2023;NOV;;Clothing and Footwear;Sales;3594065.25534058;2023-11-01;NOV 2023;Clothing and Footwear :  Sales
Monthly;2023;JAN;;Recreation and Culture;Number of Transactions;9694.759;2023-01-01;JAN 2023;Recreation and Culture :  Number of Transactions
Monthly;2023;FEB;;Recreation and Culture;Number of Transactions;9355.776;2023-02-01;FEB 2023;Recreation and Culture :  Number of Transactions
Monthly;2023;APR;;Recreation and Culture;Number of Transactions;9147.96;2023-04-01;APR 2023;Recreation and Culture :  Number of Transactions
Monthly;2023;AUG;;Recreation and Culture;Number of Transactions;11528.727;2023-08-01;AUG 2023;Recreation and Culture :  Number of Transactions
Monthly;2023;AUG;;Recreation and Culture;Sales;1370962.23609998;2023-08-01;AUG 2023;Recreation and Culture :  Sales
Monthly;2023;OCT;;Miscellaneous Goods and Services;Number of Transactions;91062.196;2023-10-01;OCT 2023;Miscellaneous Goods and Services :  Number of Transactions
Monthly;2023;APR;;Miscellaneous Goods and Services;Sales;5313280.84715089;2023-04-01;APR 2023;Miscellaneous Goods and Services :  Sales
Monthly;2023;JUL;;Electronic & Electric Devices;Number of Transactions;4608.622;2023-07-01;JUL 2023;Electronic & Electric Devices :  Number of Transactions
Monthly;2023;AUG;;Electronic & Electric Devices;Number of Transactions;5071.091;2023-08-01;AUG 2023;Electronic & Electric Devices :  Number of Transactions
Monthly;2023;JAN;;Electronic & Electric Devices;Sales;985380.159489982;2023-01-01;JAN 2023;Electronic & Electric Devices :  Sales
Monthly;2023;MAY;;Electronic & Electric Devices;Sales;1112900.33551998;2023-05-01;MAY 2023;Electronic & Electric Devices :  Sales
Monthly;2023;JUN;;Electronic & Electric Devices;Sales;1179631.57220999;2023-06-01;JUN 2023;Electronic & Electric Devices :  Sales
Monthly;2023;OCT;;Electronic & Electric Devices;Sales;977549.483459991;2023-10-01;OCT 2023;Electronic & Electric Devices :  Sales
Monthly;2023;SEP;;Furniture;Number of Transactions;4797.162;2023-09-01;SEP 2023;Furniture :  Number of Transactions
Monthly;2023;OCT;;Furniture;Number of Transactions;4861.941;2023-10-01;OCT 2023;Furniture :  Number of Transactions
Monthly;2023;JAN;;Furniture;Sales;1260568.59760996;2023-01-01;JAN 2023;Furniture :  Sales
Monthly;2023;FEB;;Furniture;Sales;1311127.66164997;2023-02-01;FEB 2023;Furniture :  Sales
Monthly;2023;OCT;;Furniture;Sales;1202564.91709996;2023-10-01;OCT 2023;Furniture :  Sales
Monthly;2023;DEC;;Furniture;Sales;1468037.07184996;2023-12-01;DEC 2023;Furniture :  Sales
Monthly;2023;FEB;;Construction & Building Materials;Number of Transactions;5098.515;2023-02-01;FEB 2023;Construction & Building Materials :  Number of Transactions
Monthly;2023;MAR;;Construction & Building Materials;Sales;1591439.71366994;2023-03-01;MAR 2023;Construction & Building Materials :  Sales
Monthly;2023;OCT;;Construction & Building Materials;Sales;1537691.25690995;2023-10-01;OCT 2023;Construction & Building Materials :  Sales
Monthly;2023;NOV;;Construction & Building Materials;Sales;1515235.72160997;2023-11-01;NOV 2023;Construction & Building Materials :  Sales
Monthly;2023;FEB;;Jewelry;Number of Transactions;928.359;2023-02-01;FEB 2023;Jewelry :  Number of Transactions
Monthly;2023;MAR;;Jewelry;Number of Transactions;1094.112;2023-03-01;MAR 2023;Jewelry :  Number of Transactions
Monthly;2023;JUN;;Jewelry;Number of Transactions;1253.899;2023-06-01;JUN 2023;Jewelry :  Number of Transactions
Monthly;2023;FEB;;Jewelry;Sales;887819.988289988;2023-02-01;FEB 2023;Jewelry :  Sales
Monthly;2023;MAY;;Jewelry;Sales;943019.763489986;2023-05-01;MAY 2023;Jewelry :  Sales
Monthly;2023;DEC;;Jewelry;Sales;890466.876929989;2023-12-01;DEC 2023;Jewelry :  Sales
Monthly;2023;MAY;;Telecommunication;Number of Transactions;2574.503;2023-05-01;MAY 2023;Telecommunication :  Number of Transactions
Monthly;2023;NOV;;Telecommunication;Number of Transactions;3375.345;2023-11-01;NOV 2023;Telecommunication :  Number of Transactions
Monthly;2023;DEC;;Telecommunication;Number of Transactions;3470.939;2023-12-01;DEC 2023;Telecommunication :  Number of Transactions
Monthly;2023;MAY;;Telecommunication;Sales;414956.585949995;2023-05-01;MAY 2023;Telecommunication :  Sales
Monthly;2023;OCT;;Telecommunication;Sales;453029.486289991;2023-10-01;OCT 2023;Telecommunication :  Sales
Monthly;2023;JAN;;Education;Number of Transactions;528.978;2023-01-01;JAN 2023;Education :  Number of Transactions
Monthly;2023;APR;;Education;Number of Transactions;276.624;2023-04-01;APR 2023;Education :  Number of Transactions
Monthly;2023;JUN;;Education;Number of Transactions;416.451;2023-06-01;JUN 2023;Education :  Number of Transactions
Monthly;2023;NOV;;Education;Number of Transactions;573.454;2023-11-01;NOV 2023;Education :  Number of Transactions
Monthly;2023;JUN;;Education;Sales;767840.392329998;2023-06-01;JUN 2023;Education :  Sales
Monthly;2023;JUL;;Education;Sales;423962.941449998;2023-07-01;JUL 2023;Education :  Sales
Monthly;2023;NOV;;Education;Sales;740802.884259998;2023-11-01;NOV 2023;Education :  Sales
Monthly;2023;AUG;;Public Utilities;Number of Transactions;6697.588;2023-08-01;AUG 2023;Public Utilities :  Number of Transactions
Monthly;2023;SEP;;Public Utilities;Number of Transactions;6685.289;2023-09-01;SEP 2023;Public Utilities :  Number of Transactions
Monthly;2023;DEC;;Public Utilities;Number of Transactions;7505.143;2023-12-01;DEC 2023;Public Utilities :  Number of Transactions
Monthly;2023;MAR;;Public Utilities;Sales;501481.955619991;2023-03-01;MAR 2023;Public Utilities :  Sales
Monthly;2023;APR;;Public Utilities;Sales;410465.611819997;2023-04-01;APR 2023;Public Utilities :  Sales
Monthly;2023;JUL;;Public Utilities;Sales;470274.748059994;2023-07-01;JUL 2023;Public Utilities :  Sales
Monthly;2023;JAN;;Others;Number of Transactions;147697.224;2023-01-01;JAN 2023;Others :  Number of Transactions
Monthly;2023;AUG;;Others;Number of Transactions;178528.675;2023-08-01;AUG 2023;Others :  Number of Transactions
Monthly;2023;JUN;;Others;Sales;11789636.9076034;2023-06-01;JUN 2023;Others :  Sales
Monthly;2023;FEB;;Total;Number of Transactions;633160.279;2023-02-01;FEB 2023;Total :  Number of Transactions
Monthly;2023;MAR;;Total;Number of Transactions;720219.673;2023-03-01;MAR 2023;Total :  Number of Transactions
Monthly;2023;JUN;;Total;Number of Transactions;756421.827;2023-06-01;JUN 2023;Total :  Number of Transactions
Monthly;2023;SEP;;Total;Number of Transactions;780737.495;2023-09-01;SEP 2023;Total :  Number of Transactions
Monthly;2023;APR;;Total;Sales;51573332.1853981;2023-04-01;APR 2023;Total :  Sales
Monthly;2023;AUG;;Total;Sales;54643386.3466997;2023-08-01;AUG 2023;Total :  Sales
Monthly;2023;NOV;;Total;Sales;52370867.9748811;2023-11-01;NOV 2023;Total :  Sales
Annually;2023;;;Health;Sales;39456331.2449;2023-01-01;2023;Health :  Sales
Annually;2023;;;Restaurants & Café;Number of Transactions;2559795.968;2023-01-01;2023;Restaurants & Café :  Number of Transactions
Annually;2023;;;Hotels;Sales;14687791.8139898;2023-01-01;2023;Hotels :  Sales
Annually;2023;;;Miscellaneous Goods and Services;Number of Transactions;1005649.579;2023-01-01;2023;Miscellaneous Goods and Services :  Number of Transactions
Annually;2023;;;Miscellaneous Goods and Services;Sales;66903692.5115369;2023-01-01;2023;Miscellaneous Goods and Services :  Sales
Annually;2023;;;Electronic & Electric Devices;Sales;12430985.0628999;2023-01-01;2023;Electronic & Electric Devices :  Sales
Annually;2023;;;Furniture;Sales;15607921.3704195;2023-01-01;2023;Furniture :  Sales
Annually;2023;;;Construction & Building Materials;Number of Transactions;70193.611;2023-01-01;2023;Construction & Building Materials :  Number of Transactions
Annually;2023;;;Construction & Building Materials;Sales;17568334.7869695;2023-01-01;2023;Construction & Building Materials :  Sales
Annually;2023;;;Jewelry;Number of Transactions;12215.104;2023-01-01;2023;Jewelry :  Number of Transactions
Annually;2023;;;Education;Sales;9670324.06782;2023-01-01;2023;Education :  Sales
Quarterly;2023;;Q3;Transportation;Sales;9216324.52807986;2023-07-01;Q3 2023;Transportation :  Sales
Quarterly;2023;;Q4;Transportation;Sales;9389645.28007985;2023-10-01;Q4 2023;Transportation :  Sales
Quarterly;2023;;Q1;Restaurants & Café;Number of Transactions;585429.55;2023-01-01;Q1 2023;Restaurants & Café :  Number of Transactions
Quarterly;2023;;Q4;Restaurants & Café;Number of Transactions;709919.639;2023-10-01;Q4 2023;Restaurants & Café :  Number of Transactions
Quarterly;2023;;Q2;Hotels;Sales;3351454.47209996;2023-04-01;Q2 2023;Hotels :  Sales
Quarterly;2023;;Q3;Beverage and Food;Number of Transactions;555253.931;2023-07-01;Q3 2023;Beverage and Food :  Number of Transactions
Quarterly;2023;;Q3;Recreation and Culture;Number of Transactions;32190.943;2023-07-01;Q3 2023;Recreation and Culture :  Number of Transactions
Quarterly;2023;;Q4;Recreation and Culture;Sales;3931961.06238996;2023-10-01;Q4 2023;Recreation and Culture :  Sales
Quarterly;2023;;Q1;Miscellaneous Goods and Services;Sales;15552843.680934;2023-01-01;Q1 2023;Miscellaneous Goods and Services :  Sales
Quarterly;2023;;Q3;Electronic & Electric Devices;Number of Transactions;15074.559;2023-07-01;Q3 2023;Electronic & Electric Devices :  Number of Transactions
Quarterly;2023;;Q1;Electronic & Electric Devices;Sales;3176851.05940996;2023-01-01;Q1 2023;Electronic & Electric Devices :  Sales
Quarterly;2023;;Q2;Electronic & Electric Devices;Sales;3154209.00375996;2023-04-01;Q2 2023;Electronic & Electric Devices :  Sales
Quarterly;2023;;Q3;Furniture;Sales;3757782.10264989;2023-07-01;Q3 2023;Furniture :  Sales
Quarterly;2023;;Q1;Construction & Building Materials;Number of Transactions;16648.136;2023-01-01;Q1 2023;Construction & Building Materials :  Number of Transactions
Quarterly;2023;;Q2;Construction & Building Materials;Number of Transactions;16335.456;2023-04-01;Q2 2023;Construction & Building Materials :  Number of Transactions
Quarterly;2023;;Q1;Construction & Building Materials;Sales;4602906.92880986;2023-01-01;Q1 2023;Construction & Building Materials :  Sales
Quarterly;2023;;Q1;Jewelry;Sales;2655624.88997995;2023-01-01;Q1 2023;Jewelry :  Sales
Quarterly;2023;;Q1;Education;Sales;1938090.86894999;2023-01-01;Q1 2023;Education :  Sales
Quarterly;2023;;Q3;Public Utilities;Number of Transactions;19671.187;2023-07-01;Q3 2023;Public Utilities :  Number of Transactions
Quarterly;2023;;Q1;Public Utilities;Sales;1289303.39582998;2023-01-01;Q1 2023;Public Utilities :  Sales
Quarterly;2023;;Q2;Others;Number of Transactions;483976.151;2023-04-01;Q2 2023;Others :  Number of Transactions
Quarterly;2023;;Q3;Others;Sales;35127456.2596114;2023-07-01;Q3 2023;Others :  Sales
Monthly;2023;JAN;;Transportation;Number of Transactions;9614.367;2023-01-01;JAN 2023;Transportation :  Number of Transactions
Monthly;2023;APR;;Transportation;Number of Transactions;9923.141;2023-04-01;APR 2023;Transportation :  Number of Transactions
Monthly;2023;MAY;;Transportation;Number of Transactions;10884.591;2023-05-01;MAY 2023;Transportation :  Number of Transactions
Monthly;2023;OCT;;Transportation;Number of Transactions;11531.276;2023-10-01;OCT 2023;Transportation :  Number of Transactions
Monthly;2023;FEB;;Transportation;Sales;2448637.15316997;2023-02-01;FEB 2023;Transportation :  Sales
Monthly;2023;JUL;;Transportation;Sales;3080828.30266996;2023-07-01;JUL 2023;Transportation :  Sales
Monthly;2023;OCT;;Transportation;Sales;3162735.74784995;2023-10-01;OCT 2023;Transportation :  Sales
Monthly;2023;APR;;Health;Number of Transactions;31843.168;2023-04-01;APR 2023;Health :  Number of Transactions
Monthly;2023;MAY;;Health;Sales;3442461.53623;2023-05-01;MAY 2023;Health :  Sales
Monthly;2023;OCT;;Health;Sales;3501583.12962999;2023-10-01;OCT 2023;Health :  Sales
Monthly;2023;JAN;;Restaurants & Café;Number of Transactions;202323.694;2023-01-01;JAN 2023;Restaurants & Café :  Number of Transactions
Monthly;2023;OCT;;Restaurants & Café;Number of Transactions;234396.873;2023-10-01;OCT 2023;Restaurants & Café :  Number of Transactions
Monthly;2023;MAY;;Restaurants & Café;Sales;7619274.04296305;2023-05-01;MAY 2023;Restaurants & Café :  Sales
Monthly;2023;JUL;;Hotels;Sales;1137088.06775998;2023-07-01;JUL 2023;Hotels :  Sales
Monthly;2023;AUG;;Hotels;Sales;1264746.27485998;2023-08-01;AUG 2023;Hotels :  Sales
Monthly;2023;SEP;;Hotels;Sales;1059558.55785998;2023-09-01;SEP 2023;Hotels :  Sales
Monthly;2023;SEP;;Beverage and Food;Number of Transactions;186871.322;2023-09-01;SEP 2023;Beverage and Food :  Number of Transactions
Monthly;2023;NOV;;Beverage and Food;Number of Transactions;184049.631;2023-11-01;NOV 2023;Beverage and Food :  Number of Transactions
Monthly;2023;DEC;;Beverage and Food;Number of Transactions;192799.424;2023-12-01;DEC 2023;Beverage and Food :  Number of Transactions
Monthly;2023;MAY;;Beverage and Food;Sales;7827644.17297058;2023-05-01;MAY 2023;Beverage and Food :  Sales
Monthly;2023;JUN;;Beverage and Food;Sales;7768561.23232043;2023-06-01;JUN 2023;Beverage and Food :  Sales
Monthly;2023;MAY;;Clothing and Footwear;Number of Transactions;20553.459;2023-05-01;MAY 2023;Clothing and Footwear :  Number of Transactions
Monthly;2023;JAN;;Clothing and Footwear;Sales;3216834.90646046;2023-01-01;JAN 2023;Clothing and Footwear :  Sales
Monthly;2023;MAR;;Clothing and Footwear;Sales;4698612.89298134;2023-03-01;MAR 2023;Clothing and Footwear :  Sales
Monthly;2023;JUN;;Clothing and Footwear;Sales;4113983.11687069;2023-06-01;JUN 2023;Clothing and Footwear :  Sales
Monthly;2023;DEC;;Clothing and Footwear;Sales;3699367.60029061;2023-12-01;DEC 2023;Clothing and Footwear :  Sales
Monthly;2023;JUL;;Recreation and Culture;Number of Transactions;8678.899;2023-07-01;JUL 2023;Recreation and Culture :  Number of Transactions
Monthly;2023;OCT;;Recreation and Culture;Number of Transactions;11026.779;2023-10-01;OCT 2023;Recreation and Culture :  Number of Transactions
Monthly;2023;NOV;;Recreation and Culture;Number of Transactions;10955.871;2023-11-01;NOV 2023;Recreation and Culture :  Number of Transactions
Monthly;2023;DEC;;Recreation and Culture;Sales;1411033.52989998;2023-12-01;DEC 2023;Recreation and Culture :  Sales
Monthly;2023;MAR;;Miscellaneous Goods and Services;Number of Transactions;75586.091;2023-03-01;MAR 2023;Miscellaneous Goods and Services :  Number of Transactions
Monthly;2023;JUL;;Miscellaneous Goods and Services;Number of Transactions;82937.054;2023-07-01;JUL 2023;Miscellaneous Goods and Services :  Number of Transactions
Monthly;2023;AUG;;Miscellaneous Goods and Services;Number of Transactions;88655.11;2023-08-01;AUG 2023;Miscellaneous Goods and Services :  Number of Transactions
Monthly;2023;SEP;;Miscellaneous Goods and Services;Number of Transactions;88500.188;2023-09-01;SEP 2023;Miscellaneous Goods and Services :  Number of Transactions
Monthly;2023;DEC;;Miscellaneous Goods and Services;Sales;6384918.35784204;2023-12-01;DEC 2023;Miscellaneous Goods and Services :  Sales
Monthly;2023;FEB;;Electronic & Electric Devices;Number of Transactions;3254.337;2023-02-01;FEB 2023;Electronic & Electric Devices :  Number of Transactions
Monthly;2023;APR;;Electronic & Electric Devices;Number of Transactions;3752.008;2023-04-01;APR 2023;Electronic & Electric Devices :  Number of Transactions
Monthly;2023;MAY;;Electronic & Electric Devices;Number of Transactions;4345.25;2023-05-01;MAY 2023;Electronic & Electric Devices :  Number of Transactions
Monthly;2023;JUN;;Electronic & Electric Devices;Number of Transactions;4684.232;2023-06-01;JUN 2023;Electronic & Electric Devices :  Number of Transactions
Monthly;2023;NOV;;Electronic & Electric Devices;Number of Transactions;4700.451;2023-11-01;NOV 2023;Electronic & Electric Devices :  Number of Transactions
Monthly;2023;JAN;;Furniture;Number of Transactions;4472.763;2023-01-01;JAN 2023;Furniture :  Number of Transactions
Monthly;2023;FEB;;Furniture;Number of Transactions;4298.514;2023-02-01;FEB 2023;Furniture :  Number of Transactions
Monthly;2023;APR;;Furniture;Number of Transactions;5260.175;2023-04-01;APR 2023;Furniture :  Number of Transactions
Monthly;2023;JUL;;Furniture;Number of Transactions;4388.391;2023-07-01;JUL 2023;Furniture :  Number of Transactions
Monthly;2023;DEC;;Furniture;Number of Transactions;5517.111;2023-12-01;DEC 2023;Furniture :  Number of Transactions
Monthly;2023;MAY;;Furniture;Sales;1173781.63648997;2023-05-01;MAY 2023;Furniture :  Sales
Monthly;2023;AUG;;Furniture;Sales;1197723.49314996;2023-08-01;AUG 2023;Furniture :  Sales
Monthly;2023;JAN;;Construction & Building Materials;Number of Transactions;5381.946;2023-01-01;JAN 2023;Construction & Building Materials :  Number of Transactions
Monthly;2023;JUL;;Construction & Building Materials;Number of Transactions;5819.484;2023-07-01;JUL 2023;Construction & Building Materials :  Number of Transactions
Monthly;2023;AUG;;Construction & Building Materials;Number of Transactions;6008.562;2023-08-01;AUG 2023;Construction & Building Materials :  Number of Transactions
Monthly;2023;SEP;;Construction & Building Materials;Number of Transactions;5809.946;2023-09-01;SEP 2023;Construction & Building Materials :  Number of Transactions
Monthly;2023;OCT;;Construction & Building Materials;Number of Transactions;6384.501;2023-10-01;OCT 2023;Construction & Building Materials :  Number of Transactions
Monthly;2023;FEB;;Construction & Building Materials;Sales;1500612.26976996;2023-02-01;FEB 2023;Construction & Building Materials :  Sales
Monthly;2023;MAY;;Construction & Building Materials;Sales;1489350.09041995;2023-05-01;MAY 2023;Construction & Building Materials :  Sales
Monthly;2023;JUN;;Construction & Building Materials;Sales;1337391.65213996;2023-06-01;JUN 2023;Construction & Building Materials :  Sales
Monthly;2023;AUG;;Construction & Building Materials;Sales;1457004.42082996;2023-08-01;AUG 2023;Construction & Building Materials :  Sales
Monthly;2023;SEP;;Jewelry;Number of Transactions;923.112;2023-09-01;SEP 2023;Jewelry :  Number of Transactions
Monthly;2023;OCT;;Jewelry;Number of Transactions;927.079;2023-10-01;OCT 2023;Jewelry :  Number of Transactions
Monthly;2023;JUL;;Jewelry;Sales;922320.438019991;2023-07-01;JUL 2023;Jewelry :  Sales
Monthly;2023;NOV;;Jewelry;Sales;834576.310489991;2023-11-01;NOV 2023;Jewelry :  Sales
Monthly;2023;JUN;;Telecommunication;Number of Transactions;2723.955;2023-06-01;JUN 2023;Telecommunication :  Number of Transactions
Monthly;2023;AUG;;Telecommunication;Number of Transactions;3227.019;2023-08-01;AUG 2023;Telecommunication :  Number of Transactions
Monthly;2023;OCT;;Telecommunication;Number of Transactions;4033.975;2023-10-01;OCT 2023;Telecommunication :  Number of Transactions
Monthly;2023;JAN;;Telecommunication;Sales;432658.57186;2023-01-01;JAN 2023;Telecommunication :  Sales
Monthly;2023;APR;;Telecommunication;Sales;434314.746209996;2023-04-01;APR 2023;Telecommunication :  Sales
Monthly;2023;FEB;;Education;Number of Transactions;499.005;2023-02-01;FEB 2023;Education :  Number of Transactions
Monthly;2023;MAY;;Education;Number of Transactions;593.008;2023-05-01;MAY 2023;Education :  Number of Transactions
Monthly;2023;AUG;;Education;Number of Transactions;817.515;2023-08-01;AUG 2023;Education :  Number of Transactions
Monthly;2023;DEC;;Education;Number of Transactions;584.974;2023-12-01;DEC 2023;Education :  Number of Transactions
Monthly;2023;JAN;;Education;Sales;706987.868579996;2023-01-01;JAN 2023;Education :  Sales
Monthly;2023;FEB;;Education;Sales;513848.364759998;2023-02-01;FEB 2023;Education :  Sales
Monthly;2023;MAR;;Education;Sales;717254.635609997;2023-03-01;MAR 2023;Education :  Sales
Monthly;2023;APR;;Education;Sales;327634.67262;2023-04-01;APR 2023;Education :  Sales
Monthly;2023;MAY;;Education;Sales;715909.412709997;2023-05-01;MAY 2023;Education :  Sales
Monthly;2023;AUG;;Education;Sales;2766759.58020002;2023-08-01;AUG 2023;Education :  Sales
Monthly;2023;JAN;;Public Utilities;Sales;385394.840569995;2023-01-01;JAN 2023;Public Utilities :  Sales
Monthly;2023;OCT;;Public Utilities;Sales;530777.311399991;2023-10-01;OCT 2023;Public Utilities :  Sales
Monthly;2023;NOV;;Public Utilities;Sales;523812.731369993;2023-11-01;NOV 2023;Public Utilities :  Sales
Monthly;2023;MAR;;Others;Number of Transactions;162265.81;2023-03-01;MAR 2023;Others :  Number of Transactions
Monthly;2023;OCT;;Others;Number of Transactions;175155.914;2023-10-01;OCT 2023;Others :  Number of Transactions
Monthly;2023;NOV;;Others;Number of Transactions;173802.287;2023-11-01;NOV 2023;Others :  Number of Transactions
Monthly;2023;JAN;;Others;Sales;10650489.9168936;2023-01-01;JAN 2023;Others :  Sales
Monthly;2023;APR;;Others;Sales;11300975.4184236;2023-04-01;APR 2023;Others :  Sales
Monthly;2023;MAY;;Others;Sales;11258149.9307138;2023-05-01;MAY 2023;Others :  Sales
Monthly;2023;JUL;;Others;Sales;11394095.9904335;2023-07-01;JUL 2023;Others :  Sales
Monthly;2023;DEC;;Others;Sales;11678191.994344;2023-12-01;DEC 2023;Others :  Sales
Monthly;2023;APR;;Total;Number of Transactions;665430.187;2023-04-01;APR 2023;Total :  Number of Transactions
Monthly;2023;SEP;;Total;Sales;50498495.3183291;2023-09-01;SEP 2023;Total :  Sales
Monthly;2023;OCT;;Total;Sales;51103900.277679;2023-10-01;OCT 2023;Total :  Sales
Annually;2023;;;Health;Number of Transactions;395022.238;2023-01-01;2023;Health :  Number of Transactions
Annually;2023;;;Beverage and Food;Number of Transactions;2118152.961;2023-01-01;2023;Beverage and Food :  Number of Transactions
Annually;2023;;;Beverage and Food;Sales;95748918.1879971;2023-01-01;2023;Beverage and Food :  Sales
Annually;2023;;;Electronic & Electric Devices;Number of Transactions;52968.668;2023-01-01;2023;Electronic & Electric Devices :  Number of Transactions
Quarterly;2023;;Q4;Health;Number of Transactions;104807.733;2023-10-01;Q4 2023;Health :  Number of Transactions
Quarterly;2023;;Q1;Health;Sales;9581646.16396997;2023-01-01;Q1 2023;Health :  Sales
Quarterly;2023;;Q2;Health;Sales;9764475.58145001;2023-04-01;Q2 2023;Health :  Sales
Quarterly;2023;;Q3;Health;Sales;10018797.36986;2023-07-01;Q3 2023;Health :  Sales
Quarterly;2023;;Q4;Health;Sales;10091412.12962;2023-10-01;Q4 2023;Health :  Sales
Quarterly;2023;;Q1;Clothing and Footwear;Sales;10836195.7212621;2023-01-01;Q1 2023;Clothing and Footwear :  Sales
Quarterly;2023;;Q3;Clothing and Footwear;Sales;9143903.95987099;2023-07-01;Q3 2023;Clothing and Footwear :  Sales
Quarterly;2023;;Q1;Recreation and Culture;Number of Transactions;29532.989;2023-01-01;Q1 2023;Recreation and Culture :  Number of Transactions
Quarterly;2023;;Q3;Recreation and Culture;Sales;3734273.62680996;2023-07-01;Q3 2023;Recreation and Culture :  Sales
Quarterly;2023;;Q3;Miscellaneous Goods and Services;Number of Transactions;260092.352;2023-07-01;Q3 2023;Miscellaneous Goods and Services :  Number of Transactions
Quarterly;2023;;Q2;Miscellaneous Goods and Services;Sales;16063936.836253;2023-04-01;Q2 2023;Miscellaneous Goods and Services :  Sales
Quarterly;2023;;Q1;Electronic & Electric Devices;Number of Transactions;10701.907;2023-01-01;Q1 2023;Electronic & Electric Devices :  Number of Transactions
Quarterly;2023;;Q4;Electronic & Electric Devices;Number of Transactions;14410.712;2023-10-01;Q4 2023;Electronic & Electric Devices :  Number of Transactions
Quarterly;2023;;Q3;Furniture;Number of Transactions;13949.117;2023-07-01;Q3 2023;Furniture :  Number of Transactions
Quarterly;2023;;Q1;Furniture;Sales;4221687.88597987;2023-01-01;Q1 2023;Furniture :  Sales
Quarterly;2023;;Q4;Jewelry;Number of Transactions;2706.077;2023-10-01;Q4 2023;Jewelry :  Number of Transactions
Quarterly;2023;;Q2;Education;Number of Transactions;1286.083;2023-04-01;Q2 2023;Education :  Number of Transactions
Quarterly;2023;;Q4;Public Utilities;Number of Transactions;22318.881;2023-10-01;Q4 2023;Public Utilities :  Number of Transactions
Quarterly;2023;;Q3;Public Utilities;Sales;1464665.58449998;2023-07-01;Q3 2023;Public Utilities :  Sales
Quarterly;2023;;Q4;Public Utilities;Sales;1589169.29754998;2023-10-01;Q4 2023;Public Utilities :  Sales
Quarterly;2023;;Q2;Others;Sales;34348762.2567408;2023-04-01;Q2 2023;Others :  Sales
Quarterly;2023;;Q1;Total;Number of Transactions;2041747.796;2023-01-01;Q1 2023;Total :  Number of Transactions
Quarterly;2023;;Q1;Total;Sales;148538743.973838;2023-01-01;Q1 2023;Total :  Sales
Monthly;2023;JUN;;Transportation;Number of Transactions;10899.288;2023-06-01;JUN 2023;Transportation :  Number of Transactions
Monthly;2023;JUL;;Transportation;Number of Transactions;11207.863;2023-07-01;JUL 2023;Transportation :  Number of Transactions
Monthly;2023;APR;;Transportation;Sales;2673940.50844997;2023-04-01;APR 2023;Transportation :  Sales
Monthly;2023;SEP;;Transportation;Sales;2921067.73718995;2023-09-01;SEP 2023;Transportation :  Sales
Monthly;2023;NOV;;Transportation;Sales;3111001.82351995;2023-11-01;NOV 2023;Transportation :  Sales
Monthly;2023;MAR;;Health;Number of Transactions;32734.737;2023-03-01;MAR 2023;Health :  Number of Transactions
Monthly;2023;JUL;;Health;Number of Transactions;31382.865;2023-07-01;JUL 2023;Health :  Number of Transactions
Monthly;2023;MAR;;Health;Sales;3310925.45143999;2023-03-01;MAR 2023;Health :  Sales
Monthly;2023;MAR;;Restaurants & Café;Number of Transactions;195193.49;2023-03-01;MAR 2023;Restaurants & Café :  Number of Transactions
Monthly;2023;JAN;;Restaurants & Café;Sales;7249776.47620324;2023-01-01;JAN 2023;Restaurants & Café :  Sales
Monthly;2023;SEP;;Restaurants & Café;Sales;7307310.18980292;2023-09-01;SEP 2023;Restaurants & Café :  Sales
Monthly;2023;JAN;;Hotels;Number of Transactions;2563.478;2023-01-01;JAN 2023;Hotels :  Number of Transactions
Monthly;2023;FEB;;Hotels;Number of Transactions;2409.062;2023-02-01;FEB 2023;Hotels :  Number of Transactions
Monthly;2023;MAR;;Hotels;Number of Transactions;2861.787;2023-03-01;MAR 2023;Hotels :  Number of Transactions
Monthly;2023;MAY;;Hotels;Number of Transactions;2870.352;2023-05-01;MAY 2023;Hotels :  Number of Transactions
Monthly;2023;JUN;;Hotels;Number of Transactions;2509.763;2023-06-01;JUN 2023;Hotels :  Number of Transactions
Monthly;2023;FEB;;Hotels;Sales;1188820.55445999;2023-02-01;FEB 2023;Hotels :  Sales
Monthly;2023;JUN;;Hotels;Sales;852904.966539988;2023-06-01;JUN 2023;Hotels :  Sales
Monthly;2023;OCT;;Hotels;Sales;1207621.00754998;2023-10-01;OCT 2023;Hotels :  Sales
Monthly;2023;NOV;;Hotels;Sales;1375353.44892998;2023-11-01;NOV 2023;Hotels :  Sales
Monthly;2023;JAN;;Beverage and Food;Number of Transactions;153013.387;2023-01-01;JAN 2023;Beverage and Food :  Number of Transactions
Monthly;2023;APR;;Beverage and Food;Number of Transactions;157238.236;2023-04-01;APR 2023;Beverage and Food :  Number of Transactions
Monthly;2023;FEB;;Beverage and Food;Sales;6860193.97314064;2023-02-01;FEB 2023;Beverage and Food :  Sales
Monthly;2023;APR;;Beverage and Food;Sales;7633764.89210039;2023-04-01;APR 2023;Beverage and Food :  Sales
Monthly;2023;OCT;;Beverage and Food;Sales;8514267.73488048;2023-10-01;OCT 2023;Beverage and Food :  Sales
Monthly;2023;FEB;;Clothing and Footwear;Number of Transactions;21343.078;2023-02-01;FEB 2023;Clothing and Footwear :  Number of Transactions
Monthly;2023;MAR;;Clothing and Footwear;Number of Transactions;30176.562;2023-03-01;MAR 2023;Clothing and Footwear :  Number of Transactions
Monthly;2023;DEC;;Clothing and Footwear;Number of Transactions;27497.617;2023-12-01;DEC 2023;Clothing and Footwear :  Number of Transactions
Monthly;2023;FEB;;Clothing and Footwear;Sales;2920747.9218203;2023-02-01;FEB 2023;Clothing and Footwear :  Sales
Monthly;2023;APR;;Clothing and Footwear;Sales;6025769.08848139;2023-04-01;APR 2023;Clothing and Footwear :  Sales
Monthly;2023;JUL;;Clothing and Footwear;Sales;2901318.00919027;2023-07-01;JUL 2023;Clothing and Footwear :  Sales
Monthly;2023;SEP;;Clothing and Footwear;Sales;2838370.99549026;2023-09-01;SEP 2023;Clothing and Footwear :  Sales
Monthly;2023;OCT;;Clothing and Footwear;Sales;2845733.29994027;2023-10-01;OCT 2023;Clothing and Footwear :  Sales
Monthly;2023;MAR;;Recreation and Culture;Number of Transactions;10482.454;2023-03-01;MAR 2023;Recreation and Culture :  Number of Transactions
Monthly;2023;JAN;;Recreation and Culture;Sales;1217163.11460998;2023-01-01;JAN 2023;Recreation and Culture :  Sales
Monthly;2023;APR;;Recreation and Culture;Sales;1264742.82961998;2023-04-01;APR 2023;Recreation and Culture :  Sales
Monthly;2023;MAY;;Recreation and Culture;Sales;1099072.93746999;2023-05-01;MAY 2023;Recreation and Culture :  Sales
Monthly;2023;SEP;;Recreation and Culture;Sales;1227799.50980999;2023-09-01;SEP 2023;Recreation and Culture :  Sales
Monthly;2023;OCT;;Recreation and Culture;Sales;1169485.28242999;2023-10-01;OCT 2023;Recreation and Culture :  Sales
Monthly;2023;JAN;;Miscellaneous Goods and Services;Number of Transactions;85581.193;2023-01-01;JAN 2023;Miscellaneous Goods and Services :  Number of Transactions
Monthly;2023;APR;;Miscellaneous Goods and Services;Number of Transactions;73121.028;2023-04-01;APR 2023;Miscellaneous Goods and Services :  Number of Transactions
Monthly;2023;NOV;;Miscellaneous Goods and Services;Number of Transactions;93076.359;2023-11-01;NOV 2023;Miscellaneous Goods and Services :  Number of Transactions
Monthly;2023;DEC;;Miscellaneous Goods and Services;Number of Transactions;96387.346;2023-12-01;DEC 2023;Miscellaneous Goods and Services :  Number of Transactions
Monthly;2023;OCT;;Miscellaneous Goods and Services;Sales;5834322.74543159;2023-10-01;OCT 2023;Miscellaneous Goods and Services :  Sales
Monthly;2023;OCT;;Electronic & Electric Devices;Number of Transactions;4984.898;2023-10-01;OCT 2023;Electronic & Electric Devices :  Number of Transactions
Monthly;2023;FEB;;Electronic & Electric Devices;Sales;1015703.26881999;2023-02-01;FEB 2023;Electronic & Electric Devices :  Sales
Monthly;2023;MAR;;Electronic & Electric Devices;Sales;1175767.63109999;2023-03-01;MAR 2023;Electronic & Electric Devices :  Sales
Monthly;2023;AUG;;Electronic & Electric Devices;Sales;1029757.44314999;2023-08-01;AUG 2023;Electronic & Electric Devices :  Sales
Monthly;2023;MAR;;Furniture;Number of Transactions;5826.792;2023-03-01;MAR 2023;Furniture :  Number of Transactions
Monthly;2023;NOV;;Furniture;Sales;1284091.93006996;2023-11-01;NOV 2023;Furniture :  Sales
Monthly;2023;APR;;Construction & Building Materials;Number of Transactions;5071.832;2023-04-01;APR 2023;Construction & Building Materials :  Number of Transactions
Monthly;2023;NOV;;Construction & Building Materials;Number of Transactions;6504.434;2023-11-01;NOV 2023;Construction & Building Materials :  Number of Transactions
Monthly;2023;APR;;Jewelry;Number of Transactions;1578.605;2023-04-01;APR 2023;Jewelry :  Number of Transactions
Monthly;2023;MAR;;Jewelry;Sales;1015971.64773998;2023-03-01;MAR 2023;Jewelry :  Sales
Monthly;2023;APR;;Jewelry;Sales;1531960.98684998;2023-04-01;APR 2023;Jewelry :  Sales
Monthly;2023;AUG;;Jewelry;Sales;854306.892939988;2023-08-01;AUG 2023;Jewelry :  Sales
Monthly;2023;SEP;;Jewelry;Sales;866063.277609989;2023-09-01;SEP 2023;Jewelry :  Sales
Monthly;2023;JAN;;Telecommunication;Number of Transactions;2083.124;2023-01-01;JAN 2023;Telecommunication :  Number of Transactions
Monthly;2023;FEB;;Telecommunication;Number of Transactions;1961.903;2023-02-01;FEB 2023;Telecommunication :  Number of Transactions
Monthly;2023;SEP;;Telecommunication;Number of Transactions;3483.001;2023-09-01;SEP 2023;Telecommunication :  Number of Transactions
Monthly;2023;MAR;;Telecommunication;Sales;443208.346359998;2023-03-01;MAR 2023;Telecommunication :  Sales
Monthly;2023;JUN;;Telecommunication;Sales;433430.405679996;2023-06-01;JUN 2023;Telecommunication :  Sales
Monthly;2023;NOV;;Telecommunication;Sales;463122.01282999;2023-11-01;NOV 2023;Telecommunication :  Sales
Monthly;2023;DEC;;Telecommunication;Sales;452242.044419992;2023-12-01;DEC 2023;Telecommunication :  Sales
Monthly;2023;JUL;;Education;Number of Transactions;355.938;2023-07-01;JUL 2023;Education :  Number of Transactions
Monthly;2023;SEP;;Education;Sales;725936.684969995;2023-09-01;SEP 2023;Education :  Sales
Monthly;2023;OCT;;Education;Sales;552420.720099998;2023-10-01;OCT 2023;Education :  Sales
Monthly;2023;JAN;;Public Utilities;Number of Transactions;5129.584;2023-01-01;JAN 2023;Public Utilities :  Number of Transactions
Monthly;2023;FEB;;Public Utilities;Sales;402426.599639995;2023-02-01;FEB 2023;Public Utilities :  Sales
Monthly;2023;JUN;;Public Utilities;Sales;452161.978579996;2023-06-01;JUN 2023;Public Utilities :  Sales
Monthly;2023;AUG;;Public Utilities;Sales;499025.458519994;2023-08-01;AUG 2023;Public Utilities :  Sales
Monthly;2023;DEC;;Public Utilities;Sales;534579.254779992;2023-12-01;DEC 2023;Public Utilities :  Sales
Monthly;2023;MAY;;Others;Number of Transactions;164312.396;2023-05-01;MAY 2023;Others :  Number of Transactions
Monthly;2023;JUN;;Others;Number of Transactions;168728.315;2023-06-01;JUN 2023;Others :  Number of Transactions
Monthly;2023;JUL;;Others;Number of Transactions;166464.058;2023-07-01;JUL 2023;Others :  Number of Transactions
Monthly;2023;NOV;;Others;Sales;11398832.1717348;2023-11-01;NOV 2023;Others :  Sales
Monthly;2023;JAN;;Total;Sales;48326933.7758396;2023-01-01;JAN 2023;Total :  Sales
Monthly;2023;MAY;;Total;Sales;49796486.3460086;2023-05-01;MAY 2023;Total :  Sales
Monthly;2023;DEC;;Total;Sales;54228803.1133406;2023-12-01;DEC 2023;Total :  Sales
Annually;2023;;;Transportation;Sales;35286138.6331995;2023-01-01;2023;Transportation :  Sales
Annually;2023;;;Clothing and Footwear;Number of Transactions;310914.068;2023-01-01;2023;Clothing and Footwear :  Number of Transactions
Annually;2023;;;Recreation and Culture;Number of Transactions;126303.234;2023-01-01;2023;Recreation and Culture :  Number of Transactions
Annually;2023;;;Jewelry;Sales;11669073.9203298;2023-01-01;2023;Jewelry :  Sales
Annually;2023;;;Public Utilities;Sales;5666982.16229992;2023-01-01;2023;Public Utilities :  Sales
Annually;2023;;;Others;Number of Transactions;1979662.535;2023-01-01;2023;Others :  Number of Transactions
Quarterly;2023;;Q4;Transportation;Number of Transactions;34864.432;2023-10-01;Q4 2023;Transportation :  Number of Transactions
Quarterly;2023;;Q1;Transportation;Sales;8069998.11604988;2023-01-01;Q1 2023;Transportation :  Sales
Quarterly;2023;;Q1;Restaurants & Café;Sales;21077085.5251888;2023-01-01;Q1 2023;Restaurants & Café :  Sales
Quarterly;2023;;Q2;Restaurants & Café;Sales;22398305.3804579;2023-04-01;Q2 2023;Restaurants & Café :  Sales
Quarterly;2023;;Q4;Hotels;Number of Transactions;9029.361;2023-10-01;Q4 2023;Hotels :  Number of Transactions
Quarterly;2023;;Q2;Beverage and Food;Number of Transactions;517744.812;2023-04-01;Q2 2023;Beverage and Food :  Number of Transactions
Quarterly;2023;;Q4;Beverage and Food;Number of Transactions;573267.665;2023-10-01;Q4 2023;Beverage and Food :  Number of Transactions
Quarterly;2023;;Q3;Beverage and Food;Sales;23785925.5515618;2023-07-01;Q3 2023;Beverage and Food :  Sales
Quarterly;2023;;Q3;Clothing and Footwear;Number of Transactions;71582.28;2023-07-01;Q3 2023;Clothing and Footwear :  Number of Transactions
Quarterly;2023;;Q4;Clothing and Footwear;Number of Transactions;75302.16;2023-10-01;Q4 2023;Clothing and Footwear :  Number of Transactions
Quarterly;2023;;Q2;Clothing and Footwear;Sales;12971714.6095124;2023-04-01;Q2 2023;Clothing and Footwear :  Sales
Quarterly;2023;;Q2;Miscellaneous Goods and Services;Number of Transactions;235228.166;2023-04-01;Q2 2023;Miscellaneous Goods and Services :  Number of Transactions
Quarterly;2023;;Q4;Miscellaneous Goods and Services;Number of Transactions;280525.901;2023-10-01;Q4 2023;Miscellaneous Goods and Services :  Number of Transactions
Quarterly;2023;;Q3;Electronic & Electric Devices;Sales;3115754.65854998;2023-07-01;Q3 2023;Electronic & Electric Devices :  Sales
Quarterly;2023;;Q1;Furniture;Number of Transactions;14598.069;2023-01-01;Q1 2023;Furniture :  Number of Transactions
Quarterly;2023;;Q2;Furniture;Number of Transactions;14609.882;2023-04-01;Q2 2023;Furniture :  Number of Transactions
Quarterly;2023;;Q4;Construction & Building Materials;Number of Transactions;19572.027;2023-10-01;Q4 2023;Construction & Building Materials :  Number of Transactions
Quarterly;2023;;Q4;Construction & Building Materials;Sales;4670461.41334987;2023-10-01;Q4 2023;Construction & Building Materials :  Sales
Quarterly;2023;;Q1;Telecommunication;Number of Transactions;6396.047;2023-01-01;Q1 2023;Telecommunication :  Number of Transactions
Quarterly;2023;;Q2;Telecommunication;Sales;1282701.73783999;2023-04-01;Q2 2023;Telecommunication :  Sales
Quarterly;2023;;Q3;Telecommunication;Sales;1215490.51186998;2023-07-01;Q3 2023;Telecommunication :  Sales
Quarterly;2023;;Q4;Telecommunication;Sales;1368393.54353997;2023-10-01;Q4 2023;Telecommunication :  Sales
Quarterly;2023;;Q1;Education;Number of Transactions;1566.693;2023-01-01;Q1 2023;Education :  Number of Transactions
Quarterly;2023;;Q4;Education;Number of Transactions;1815.661;2023-10-01;Q4 2023;Education :  Number of Transactions
Quarterly;2023;;Q2;Education;Sales;1811384.47766;2023-04-01;Q2 2023;Education :  Sales
Quarterly;2023;;Q2;Public Utilities;Sales;1323843.88441998;2023-04-01;Q2 2023;Public Utilities :  Sales
Quarterly;2023;;Q4;Total;Number of Transactions;2437614.507;2023-10-01;Q4 2023;Total :  Number of Transactions
Quarterly;2023;;Q2;Total;Sales;153222545.725605;2023-04-01;Q2 2023;Total :  Sales
Quarterly;2023;;Q3;Total;Sales;154492072.258677;2023-07-01;Q3 2023;Total :  Sales
Monthly;2023;AUG;;Transportation;Number of Transactions;11707.184;2023-08-01;AUG 2023;Transportation :  Number of Transactions
Monthly;2023;NOV;;Transportation;Number of Transactions;11706.141;2023-11-01;NOV 2023;Transportation :  Number of Transactions
Monthly;2023;MAY;;Transportation;Sales;3073150.16110995;2023-05-01;MAY 2023;Transportation :  Sales
Monthly;2023;DEC;;Transportation;Sales;3115907.70870995;2023-12-01;DEC 2023;Transportation :  Sales
Monthly;2023;JAN;;Health;Number of Transactions;33266.697;2023-01-01;JAN 2023;Health :  Number of Transactions
Monthly;2023;FEB;;Health;Number of Transactions;30524.103;2023-02-01;FEB 2023;Health :  Number of Transactions
Monthly;2023;JAN;;Health;Sales;3235984.491;2023-01-01;JAN 2023;Health :  Sales
Monthly;2023;FEB;;Health;Sales;3034736.22152998;2023-02-01;FEB 2023;Health :  Sales
Monthly;2023;JUL;;Health;Sales;3235846.32197002;2023-07-01;JUL 2023;Health :  Sales
Monthly;2023;SEP;;Health;Sales;3463024.84182001;2023-09-01;SEP 2023;Health :  Sales
Monthly;2023;NOV;;Health;Sales;3188729.44432;2023-11-01;NOV 2023;Health :  Sales
Monthly;2023;MAY;;Restaurants & Café;Number of Transactions;224208.245;2023-05-01;MAY 2023;Restaurants & Café :  Number of Transactions
Monthly;2023;JUN;;Restaurants & Café;Number of Transactions;215299.05;2023-06-01;JUN 2023;Restaurants & Café :  Number of Transactions
Monthly;2023;DEC;;Restaurants & Café;Number of Transactions;240776.084;2023-12-01;DEC 2023;Restaurants & Café :  Number of Transactions
Monthly;2023;MAR;;Restaurants & Café;Sales;7161285.31277302;2023-03-01;MAR 2023;Restaurants & Café :  Sales
Monthly;2023;JUL;;Restaurants & Café;Sales;7586549.86503316;2023-07-01;JUL 2023;Restaurants & Café :  Sales
Monthly;2023;OCT;;Restaurants & Café;Sales;7495693.04853322;2023-10-01;OCT 2023;Restaurants & Café :  Sales
Monthly;2023;JUL;;Hotels;Number of Transactions;3284.048;2023-07-01;JUL 2023;Hotels :  Number of Transactions
Monthly;2023;AUG;;Hotels;Number of Transactions;3417.783;2023-08-01;AUG 2023;Hotels :  Number of Transactions
Monthly;2023;SEP;;Hotels;Number of Transactions;2780.464;2023-09-01;SEP 2023;Hotels :  Number of Transactions
Monthly;2023;MAR;;Hotels;Sales;1476600.03585998;2023-03-01;MAR 2023;Hotels :  Sales
Monthly;2023;JUN;;Beverage and Food;Number of Transactions;179699.442;2023-06-01;JUN 2023;Beverage and Food :  Number of Transactions
Monthly;2023;JUL;;Beverage and Food;Number of Transactions;180040.089;2023-07-01;JUL 2023;Beverage and Food :  Number of Transactions
Monthly;2023;AUG;;Beverage and Food;Number of Transactions;188342.52;2023-08-01;AUG 2023;Beverage and Food :  Number of Transactions
Monthly;2023;OCT;;Beverage and Food;Number of Transactions;196418.61;2023-10-01;OCT 2023;Beverage and Food :  Number of Transactions
Monthly;2023;JAN;;Beverage and Food;Sales;7479954.09295081;2023-01-01;JAN 2023;Beverage and Food :  Sales
Monthly;2023;SEP;;Beverage and Food;Sales;8040070.86451066;2023-09-01;SEP 2023;Beverage and Food :  Sales
Monthly;2023;NOV;;Beverage and Food;Sales;8060425.54391066;2023-11-01;NOV 2023;Beverage and Food :  Sales
Monthly;2023;DEC;;Beverage and Food;Sales;8431110.80638059;2023-12-01;DEC 2023;Beverage and Food :  Sales
Monthly;2023;JUN;;Clothing and Footwear;Number of Transactions;29662.8;2023-06-01;JUN 2023;Clothing and Footwear :  Number of Transactions
Monthly;2023;JUL;;Clothing and Footwear;Number of Transactions;21822.852;2023-07-01;JUL 2023;Clothing and Footwear :  Number of Transactions
Monthly;2023;AUG;;Clothing and Footwear;Number of Transactions;26488.228;2023-08-01;AUG 2023;Clothing and Footwear :  Number of Transactions
Monthly;2023;MAY;;Clothing and Footwear;Sales;2831962.40416029;2023-05-01;MAY 2023;Clothing and Footwear :  Sales
Monthly;2023;AUG;;Clothing and Footwear;Sales;3404214.95519046;2023-08-01;AUG 2023;Clothing and Footwear :  Sales
Monthly;2023;MAY;;Recreation and Culture;Number of Transactions;10167.166;2023-05-01;MAY 2023;Recreation and Culture :  Number of Transactions
Monthly;2023;SEP;;Recreation and Culture;Number of Transactions;11983.317;2023-09-01;SEP 2023;Recreation and Culture :  Number of Transactions
Monthly;2023;DEC;;Recreation and Culture;Number of Transactions;12716.234;2023-12-01;DEC 2023;Recreation and Culture :  Number of Transactions
Monthly;2023;FEB;;Recreation and Culture;Sales;1066188.02518999;2023-02-01;FEB 2023;Recreation and Culture :  Sales
Monthly;2023;MAR;;Recreation and Culture;Sales;1313678.68243998;2023-03-01;MAR 2023;Recreation and Culture :  Sales
Monthly;2023;JUN;;Recreation and Culture;Sales;1329709.08431999;2023-06-01;JUN 2023;Recreation and Culture :  Sales
Monthly;2023;NOV;;Recreation and Culture;Sales;1351442.25005999;2023-11-01;NOV 2023;Recreation and Culture :  Sales
Monthly;2023;MAY;;Miscellaneous Goods and Services;Number of Transactions;79738.029;2023-05-01;MAY 2023;Miscellaneous Goods and Services :  Number of Transactions
Monthly;2023;JAN;;Miscellaneous Goods and Services;Sales;5359651.66510164;2023-01-01;JAN 2023;Miscellaneous Goods and Services :  Sales
Monthly;2023;FEB;;Miscellaneous Goods and Services;Sales;4678361.61623094;2023-02-01;FEB 2023;Miscellaneous Goods and Services :  Sales
Monthly;2023;JUN;;Miscellaneous Goods and Services;Sales;5511307.24553104;2023-06-01;JUN 2023;Miscellaneous Goods and Services :  Sales
Monthly;2023;JUL;;Miscellaneous Goods and Services;Sales;5505670.00255124;2023-07-01;JUL 2023;Miscellaneous Goods and Services :  Sales
Monthly;2023;AUG;;Miscellaneous Goods and Services;Sales;5842938.98824168;2023-08-01;AUG 2023;Miscellaneous Goods and Services :  Sales
Monthly;2023;APR;;Electronic & Electric Devices;Sales;861677.09602999;2023-04-01;APR 2023;Electronic & Electric Devices :  Sales
Monthly;2023;SEP;;Electronic & Electric Devices;Sales;1093733.85478;2023-09-01;SEP 2023;Electronic & Electric Devices :  Sales
Monthly;2023;NOV;;Electronic & Electric Devices;Sales;985778.436859993;2023-11-01;NOV 2023;Electronic & Electric Devices :  Sales
Monthly;2023;MAY;;Furniture;Number of Transactions;4426.72;2023-05-01;MAY 2023;Furniture :  Number of Transactions
Monthly;2023;JUN;;Furniture;Number of Transactions;4922.987;2023-06-01;JUN 2023;Furniture :  Number of Transactions
Monthly;2023;AUG;;Furniture;Number of Transactions;4763.564;2023-08-01;AUG 2023;Furniture :  Number of Transactions
Monthly;2023;MAR;;Furniture;Sales;1649991.62671994;2023-03-01;MAR 2023;Furniture :  Sales
Monthly;2023;JUN;;Furniture;Sales;1225154.93425997;2023-06-01;JUN 2023;Furniture :  Sales
Monthly;2023;JUL;;Furniture;Sales;1157007.05018997;2023-07-01;JUL 2023;Furniture :  Sales
Monthly;2023;MAY;;Construction & Building Materials;Number of Transactions;5652.074;2023-05-01;MAY 2023;Construction & Building Materials :  Number of Transactions
Monthly;2023;DEC;;Construction & Building Materials;Number of Transactions;6683.092;2023-12-01;DEC 2023;Construction & Building Materials :  Number of Transactions
Monthly;2023;DEC;;Construction & Building Materials;Sales;1617534.43482995;2023-12-01;DEC 2023;Construction & Building Materials :  Sales
Monthly;2023;JAN;;Jewelry;Number of Transactions;882.135;2023-01-01;JAN 2023;Jewelry :  Number of Transactions
Monthly;2023;MAY;;Jewelry;Number of Transactions;936.566;2023-05-01;MAY 2023;Jewelry :  Number of Transactions
Monthly;2023;NOV;;Jewelry;Number of Transactions;875.879;2023-11-01;NOV 2023;Jewelry :  Number of Transactions
Monthly;2023;JUN;;Jewelry;Sales;1141064.22052998;2023-06-01;JUN 2023;Jewelry :  Sales
Monthly;2023;OCT;;Jewelry;Sales;1029670.26348998;2023-10-01;OCT 2023;Jewelry :  Sales
Monthly;2023;MAR;;Telecommunication;Number of Transactions;2351.02;2023-03-01;MAR 2023;Telecommunication :  Number of Transactions
Monthly;2023;APR;;Telecommunication;Number of Transactions;2364.606;2023-04-01;APR 2023;Telecommunication :  Number of Transactions
Monthly;2023;JUL;;Telecommunication;Number of Transactions;2767.636;2023-07-01;JUL 2023;Telecommunication :  Number of Transactions
Monthly;2023;AUG;;Telecommunication;Sales;431523.402319994;2023-08-01;AUG 2023;Telecommunication :  Sales
Monthly;2023;MAR;;Education;Number of Transactions;538.71;2023-03-01;MAR 2023;Education :  Number of Transactions
Monthly;2023;DEC;;Education;Sales;710965.910230001;2023-12-01;DEC 2023;Education :  Sales
Monthly;2023;APR;;Public Utilities;Number of Transactions;5792.342;2023-04-01;APR 2023;Public Utilities :  Number of Transactions
Monthly;2023;OCT;;Public Utilities;Number of Transactions;7491.791;2023-10-01;OCT 2023;Public Utilities :  Number of Transactions
Monthly;2023;NOV;;Public Utilities;Number of Transactions;7321.947;2023-11-01;NOV 2023;Public Utilities :  Number of Transactions
Monthly;2023;FEB;;Others;Number of Transactions;137495.27;2023-02-01;FEB 2023;Others :  Number of Transactions
Monthly;2023;SEP;;Others;Number of Transactions;175207.761;2023-09-01;SEP 2023;Others :  Number of Transactions
Monthly;2023;DEC;;Others;Number of Transactions;179069.385;2023-12-01;DEC 2023;Others :  Number of Transactions
Monthly;2023;AUG;;Others;Sales;12187214.4977939;2023-08-01;AUG 2023;Others :  Sales
Monthly;2023;SEP;;Others;Sales;11546145.771384;2023-09-01;SEP 2023;Others :  Sales
Monthly;2023;MAY;;Total;Number of Transactions;752157.291;2023-05-01;MAY 2023;Total :  Number of Transactions
Monthly;2023;JUL;;Total;Number of Transactions;745901.591;2023-07-01;JUL 2023;Total :  Number of Transactions
Monthly;2023;AUG;;Total;Number of Transactions;791728.741;2023-08-01;AUG 2023;Total :  Number of Transactions
Monthly;2023;OCT;;Total;Number of Transactions;810414.477;2023-10-01;OCT 2023;Total :  Number of Transactions
Monthly;2023;DEC;;Total;Number of Transactions;828539.267;2023-12-01;DEC 2023;Total :  Number of Transactions
Annually;2023;;;Transportation;Number of Transactions;129536.71;2023-01-01;2023;Transportation :  Number of Transactions
Annually;2023;;;Restaurants & Café;Sales;89374450.975756;2023-01-01;2023;Restaurants & Café :  Sales
Annually;2023;;;Telecommunication;Number of Transactions;34417.026;2023-01-01;2023;Telecommunication :  Number of Transactions
Annually;2023;;;Public Utilities;Number of Transactions;77506.083;2023-01-01;2023;Public Utilities :  Number of Transactions
Annually;2023;;;Others;Sales;136731100.263926;2023-01-01;2023;Others :  Sales
Quarterly;2023;;Q1;Transportation;Number of Transactions;29008.119;2023-01-01;Q1 2023;Transportation :  Number of Transactions
Quarterly;2023;;Q2;Transportation;Sales;8610170.70898988;2023-04-01;Q2 2023;Transportation :  Sales
Quarterly;2023;;Q2;Restaurants & Café;Number of Transactions;606477.321;2023-04-01;Q2 2023;Restaurants & Café :  Number of Transactions
Quarterly;2023;;Q3;Restaurants & Café;Number of Transactions;657969.458;2023-07-01;Q3 2023;Restaurants & Café :  Number of Transactions
Quarterly;2023;;Q3;Restaurants & Café;Sales;22528413.8916394;2023-07-01;Q3 2023;Restaurants & Café :  Sales
Quarterly;2023;;Q4;Restaurants & Café;Sales;23370646.17847;2023-10-01;Q4 2023;Restaurants & Café :  Sales
Quarterly;2023;;Q2;Hotels;Number of Transactions;7959.576;2023-04-01;Q2 2023;Hotels :  Number of Transactions
Quarterly;2023;;Q3;Hotels;Number of Transactions;9482.295;2023-07-01;Q3 2023;Hotels :  Number of Transactions
Quarterly;2023;;Q1;Hotels;Sales;3882626.20288995;2023-01-01;Q1 2023;Hotels :  Sales
Quarterly;2023;;Q2;Beverage and Food;Sales;23229970.2973914;2023-04-01;Q2 2023;Beverage and Food :  Sales
Quarterly;2023;;Q4;Beverage and Food;Sales;25005804.0851717;2023-10-01;Q4 2023;Beverage and Food :  Sales
Quarterly;2023;;Q1;Clothing and Footwear;Number of Transactions;74237.834;2023-01-01;Q1 2023;Clothing and Footwear :  Number of Transactions
Quarterly;2023;;Q2;Recreation and Culture;Number of Transactions;29880.418;2023-04-01;Q2 2023;Recreation and Culture :  Number of Transactions
Quarterly;2023;;Q4;Recreation and Culture;Number of Transactions;34698.884;2023-10-01;Q4 2023;Recreation and Culture :  Number of Transactions
Quarterly;2023;;Q2;Recreation and Culture;Sales;3693524.85140996;2023-04-01;Q2 2023;Recreation and Culture :  Sales
Quarterly;2023;;Q1;Miscellaneous Goods and Services;Number of Transactions;229803.16;2023-01-01;Q1 2023;Miscellaneous Goods and Services :  Number of Transactions
Quarterly;2023;;Q4;Miscellaneous Goods and Services;Sales;18291047.7471755;2023-10-01;Q4 2023;Miscellaneous Goods and Services :  Sales
Quarterly;2023;;Q2;Electronic & Electric Devices;Number of Transactions;12781.49;2023-04-01;Q2 2023;Electronic & Electric Devices :  Number of Transactions
Quarterly;2023;;Q2;Furniture;Sales;3673757.4627699;2023-04-01;Q2 2023;Furniture :  Sales
Quarterly;2023;;Q4;Furniture;Sales;3954693.91901988;2023-10-01;Q4 2023;Furniture :  Sales
Quarterly;2023;;Q3;Construction & Building Materials;Number of Transactions;17637.992;2023-07-01;Q3 2023;Construction & Building Materials :  Number of Transactions
Quarterly;2023;;Q2;Jewelry;Number of Transactions;3769.07;2023-04-01;Q2 2023;Jewelry :  Number of Transactions
Quarterly;2023;;Q3;Jewelry;Number of Transactions;2835.351;2023-07-01;Q3 2023;Jewelry :  Number of Transactions
Quarterly;2023;;Q4;Jewelry;Sales;2754713.45090996;2023-10-01;Q4 2023;Jewelry :  Sales
Quarterly;2023;;Q2;Telecommunication;Number of Transactions;7663.064;2023-04-01;Q2 2023;Telecommunication :  Number of Transactions
Quarterly;2023;;Q4;Telecommunication;Number of Transactions;10880.259;2023-10-01;Q4 2023;Telecommunication :  Number of Transactions
Quarterly;2023;;Q3;Education;Number of Transactions;1803.057;2023-07-01;Q3 2023;Education :  Number of Transactions
Quarterly;2023;;Q2;Public Utilities;Number of Transactions;18300.05;2023-04-01;Q2 2023;Public Utilities :  Number of Transactions
Quarterly;2023;;Q1;Others;Number of Transactions;447458.304;2023-01-01;Q1 2023;Others :  Number of Transactions
Quarterly;2023;;Q3;Others;Number of Transactions;520200.494;2023-07-01;Q3 2023;Others :  Number of Transactions
Quarterly;2023;;Q4;Others;Number of Transactions;528027.586;2023-10-01;Q4 2023;Others :  Number of Transactions
Quarterly;2023;;Q4;Others;Sales;34165779.0087625;2023-10-01;Q4 2023;Others :  Sales
Quarterly;2023;;Q4;Total;Sales;157703571.365901;2023-10-01;Q4 2023;Total :  Sales
Monthly;2023;FEB;;Transportation;Number of Transactions;8820.728;2023-02-01;FEB 2023;Transportation :  Number of Transactions
Monthly;2023;SEP;;Transportation;Number of Transactions;11042.092;2023-09-01;SEP 2023;Transportation :  Number of Transactions
Monthly;2023;JUN;;Transportation;Sales;2863080.03942996;2023-06-01;JUN 2023;Transportation :  Sales
Monthly;2023;JUN;;Health;Number of Transactions;30866.352;2023-06-01;JUN 2023;Health :  Number of Transactions
Monthly;2023;AUG;;Health;Number of Transactions;32034.657;2023-08-01;AUG 2023;Health :  Number of Transactions
Monthly;2023;SEP;;Health;Number of Transactions;33772.494;2023-09-01;SEP 2023;Health :  Number of Transactions
Monthly;2023;OCT;;Health;Number of Transactions;36814.268;2023-10-01;OCT 2023;Health :  Number of Transactions
Monthly;2023;NOV;;Health;Number of Transactions;32736.227;2023-11-01;NOV 2023;Health :  Number of Transactions
Monthly;2023;AUG;;Health;Sales;3319926.20607001;2023-08-01;AUG 2023;Health :  Sales
Monthly;2023;APR;;Restaurants & Café;Number of Transactions;166970.026;2023-04-01;APR 2023;Restaurants & Café :  Number of Transactions
Monthly;2023;JUL;;Restaurants & Café;Number of Transactions;214864.06;2023-07-01;JUL 2023;Restaurants & Café :  Number of Transactions
Monthly;2023;FEB;;Restaurants & Café;Sales;6666023.73621251;2023-02-01;FEB 2023;Restaurants & Café :  Sales
Monthly;2023;JUN;;Restaurants & Café;Sales;7908464.07377275;2023-06-01;JUN 2023;Restaurants & Café :  Sales
Monthly;2023;AUG;;Restaurants & Café;Sales;7634553.83680328;2023-08-01;AUG 2023;Restaurants & Café :  Sales
Monthly;2023;DEC;;Restaurants & Café;Sales;8003161.76426349;2023-12-01;DEC 2023;Restaurants & Café :  Sales
Monthly;2023;NOV;;Hotels;Number of Transactions;3166.369;2023-11-01;NOV 2023;Hotels :  Number of Transactions
Monthly;2023;APR;;Hotels;Sales;1404261.20733998;2023-04-01;APR 2023;Hotels :  Sales
Monthly;2023;MAY;;Hotels;Sales;1094288.29821999;2023-05-01;MAY 2023;Hotels :  Sales
Monthly;2023;FEB;;Beverage and Food;Number of Transactions;145273.834;2023-02-01;FEB 2023;Beverage and Food :  Number of Transactions
Monthly;2023;MAR;;Beverage and Food;Number of Transactions;173599.332;2023-03-01;MAR 2023;Beverage and Food :  Number of Transactions
Monthly;2023;APR;;Clothing and Footwear;Number of Transactions;39575.535;2023-04-01;APR 2023;Clothing and Footwear :  Number of Transactions
Monthly;2023;JUN;;Recreation and Culture;Number of Transactions;10565.292;2023-06-01;JUN 2023;Recreation and Culture :  Number of Transactions
Monthly;2023;JUL;;Recreation and Culture;Sales;1135511.88089999;2023-07-01;JUL 2023;Recreation and Culture :  Sales
Monthly;2023;FEB;;Miscellaneous Goods and Services;Number of Transactions;68635.876;2023-02-01;FEB 2023;Miscellaneous Goods and Services :  Number of Transactions
Monthly;2023;JUN;;Miscellaneous Goods and Services;Number of Transactions;82369.109;2023-06-01;JUN 2023;Miscellaneous Goods and Services :  Number of Transactions
Monthly;2023;MAR;;Miscellaneous Goods and Services;Sales;5514830.39960142;2023-03-01;MAR 2023;Miscellaneous Goods and Services :  Sales
Monthly;2023;MAY;;Miscellaneous Goods and Services;Sales;5239348.74357105;2023-05-01;MAY 2023;Miscellaneous Goods and Services :  Sales
Monthly;2023;SEP;;Miscellaneous Goods and Services;Sales;5647255.25638143;2023-09-01;SEP 2023;Miscellaneous Goods and Services :  Sales
Monthly;2023;NOV;;Miscellaneous Goods and Services;Sales;6071806.64390191;2023-11-01;NOV 2023;Miscellaneous Goods and Services :  Sales
Monthly;2023;JAN;;Electronic & Electric Devices;Number of Transactions;3416.321;2023-01-01;JAN 2023;Electronic & Electric Devices :  Number of Transactions
Monthly;2023;MAR;;Electronic & Electric Devices;Number of Transactions;4031.249;2023-03-01;MAR 2023;Electronic & Electric Devices :  Number of Transactions
Monthly;2023;SEP;;Electronic & Electric Devices;Number of Transactions;5394.846;2023-09-01;SEP 2023;Electronic & Electric Devices :  Number of Transactions
Monthly;2023;DEC;;Electronic & Electric Devices;Number of Transactions;4725.363;2023-12-01;DEC 2023;Electronic & Electric Devices :  Number of Transactions
Monthly;2023;JUL;;Electronic & Electric Devices;Sales;992263.360619986;2023-07-01;JUL 2023;Electronic & Electric Devices :  Sales
Monthly;2023;DEC;;Electronic & Electric Devices;Sales;1020842.42086;2023-12-01;DEC 2023;Electronic & Electric Devices :  Sales
Monthly;2023;NOV;;Furniture;Number of Transactions;5088.477;2023-11-01;NOV 2023;Furniture :  Number of Transactions
Monthly;2023;APR;;Furniture;Sales;1274820.89201996;2023-04-01;APR 2023;Furniture :  Sales
Monthly;2023;SEP;;Furniture;Sales;1403051.55930996;2023-09-01;SEP 2023;Furniture :  Sales
Monthly;2023;MAR;;Construction & Building Materials;Number of Transactions;6167.675;2023-03-01;MAR 2023;Construction & Building Materials :  Number of Transactions
Monthly;2023;JUN;;Construction & Building Materials;Number of Transactions;5611.55;2023-06-01;JUN 2023;Construction & Building Materials :  Number of Transactions
Monthly;2023;JAN;;Construction & Building Materials;Sales;1510854.94536996;2023-01-01;JAN 2023;Construction & Building Materials :  Sales
Monthly;2023;APR;;Construction & Building Materials;Sales;1101547.45141997;2023-04-01;APR 2023;Construction & Building Materials :  Sales
Monthly;2023;JUL;;Construction & Building Materials;Sales;1443612.12720996;2023-07-01;JUL 2023;Construction & Building Materials :  Sales
Monthly;2023;SEP;;Construction & Building Materials;Sales;1466060.70278995;2023-09-01;SEP 2023;Construction & Building Materials :  Sales
Monthly;2023;JUL;;Jewelry;Number of Transactions;991.422;2023-07-01;JUL 2023;Jewelry :  Number of Transactions
Monthly;2023;AUG;;Jewelry;Number of Transactions;920.817;2023-08-01;AUG 2023;Jewelry :  Number of Transactions
Monthly;2023;DEC;;Jewelry;Number of Transactions;903.119;2023-12-01;DEC 2023;Jewelry :  Number of Transactions
Monthly;2023;JAN;;Jewelry;Sales;751833.253949987;2023-01-01;JAN 2023;Jewelry :  Sales
Monthly;2023;FEB;;Telecommunication;Sales;364665.801439999;2023-02-01;FEB 2023;Telecommunication :  Sales
Monthly;2023;JUL;;Telecommunication;Sales;386286.972849993;2023-07-01;JUL 2023;Telecommunication :  Sales
Monthly;2023;SEP;;Telecommunication;Sales;397680.136699993;2023-09-01;SEP 2023;Telecommunication :  Sales
Monthly;2023;SEP;;Education;Number of Transactions;629.604;2023-09-01;SEP 2023;Education :  Number of Transactions
Monthly;2023;OCT;;Education;Number of Transactions;657.233;2023-10-01;OCT 2023;Education :  Number of Transactions
Monthly;2023;FEB;;Public Utilities;Number of Transactions;5349.553;2023-02-01;FEB 2023;Public Utilities :  Number of Transactions
Monthly;2023;MAR;;Public Utilities;Number of Transactions;6736.828;2023-03-01;MAR 2023;Public Utilities :  Number of Transactions
Monthly;2023;MAY;;Public Utilities;Number of Transactions;6298.366;2023-05-01;MAY 2023;Public Utilities :  Number of Transactions
Monthly;2023;JUN;;Public Utilities;Number of Transactions;6209.342;2023-06-01;JUN 2023;Public Utilities :  Number of Transactions
Monthly;2023;JUL;;Public Utilities;Number of Transactions;6288.31;2023-07-01;JUL 2023;Public Utilities :  Number of Transactions
Monthly;2023;MAY;;Public Utilities;Sales;461216.294019992;2023-05-01;MAY 2023;Public Utilities :  Sales
Monthly;2023;SEP;;Public Utilities;Sales;495365.377919994;2023-09-01;SEP 2023;Public Utilities :  Sales
Monthly;2023;APR;;Others;Number of Transactions;150935.44;2023-04-01;APR 2023;Others :  Number of Transactions
Monthly;2023;FEB;;Others;Sales;9939223.43438304;2023-02-01;FEB 2023;Others :  Sales
Monthly;2023;MAR;;Others;Sales;12499389.3875346;2023-03-01;MAR 2023;Others :  Sales
Monthly;2023;OCT;;Others;Sales;11088754.8426837;2023-10-01;OCT 2023;Others :  Sales
Monthly;2023;JAN;;Total;Number of Transactions;688367.844;2023-01-01;JAN 2023;Total :  Number of Transactions
Monthly;2023;NOV;;Total;Number of Transactions;798660.763;2023-11-01;NOV 2023;Total :  Number of Transactions
Monthly;2023;FEB;;Total;Sales;44799136.5905073;2023-02-01;FEB 2023;Total :  Sales
Monthly;2023;MAR;;Total;Sales;55412673.6074909;2023-03-01;MAR 2023;Total :  Sales
Monthly;2023;JUN;;Total;Sales;51852727.1941982;2023-06-01;JUN 2023;Total :  Sales
Monthly;2023;JUL;;Total;Sales;49350190.5936486;2023-07-01;JUL 2023;Total :  Sales
Annually;2022;;;Furniture;Sales;16609402.9847096;2022-01-01;2022;Furniture :  Sales
Annually;2022;;;Jewelry;Sales;12231671.0385899;2022-01-01;2022;Jewelry :  Sales
Annually;2022;;;Education;Sales;8457588.83271997;2022-01-01;2022;Education :  Sales
Annually;2022;;;Others;Number of Transactions;1545131.604;2022-01-01;2022;Others :  Number of Transactions
Quarterly;2022;;Q3;Transportation;Sales;7964285.13878989;2022-07-01;Q3 2022;Transportation :  Sales
Quarterly;2022;;Q3;Health;Number of Transactions;89063.266;2022-07-01;Q3 2022;Health :  Number of Transactions
Quarterly;2022;;Q4;Health;Sales;9788139.70860997;2022-10-01;Q4 2022;Health :  Sales
Quarterly;2022;;Q2;Restaurants & Café;Number of Transactions;456587.697;2022-04-01;Q2 2022;Restaurants & Café :  Number of Transactions
Quarterly;2022;;Q4;Restaurants & Café;Number of Transactions;579561.145;2022-10-01;Q4 2022;Restaurants & Café :  Number of Transactions
Quarterly;2022;;Q3;Hotels;Sales;3056037.63711995;2022-07-01;Q3 2022;Hotels :  Sales
Quarterly;2022;;Q1;Beverage and Food;Number of Transactions;378599.236;2022-01-01;Q1 2022;Beverage and Food :  Number of Transactions
Quarterly;2022;;Q3;Beverage and Food;Number of Transactions;444064.224;2022-07-01;Q3 2022;Beverage and Food :  Number of Transactions
Quarterly;2022;;Q4;Beverage and Food;Number of Transactions;460475.16;2022-10-01;Q4 2022;Beverage and Food :  Number of Transactions
Quarterly;2022;;Q2;Clothing and Footwear;Sales;12267867.1823519;2022-04-01;Q2 2022;Clothing and Footwear :  Sales
Quarterly;2022;;Q1;Miscellaneous Goods and Services;Sales;13518647.2653006;2022-01-01;Q1 2022;Miscellaneous Goods and Services :  Sales
Quarterly;2022;;Q3;Miscellaneous Goods and Services;Sales;15699409.3361224;2022-07-01;Q3 2022;Miscellaneous Goods and Services :  Sales
Quarterly;2022;;Q3;Electronic & Electric Devices;Number of Transactions;10004.986;2022-07-01;Q3 2022;Electronic & Electric Devices :  Number of Transactions
Quarterly;2022;;Q1;Furniture;Number of Transactions;13260.556;2022-01-01;Q1 2022;Furniture :  Number of Transactions
Quarterly;2022;;Q4;Furniture;Number of Transactions;13432.685;2022-10-01;Q4 2022;Furniture :  Number of Transactions
Quarterly;2022;;Q3;Furniture;Sales;4062415.95425991;2022-07-01;Q3 2022;Furniture :  Sales
Quarterly;2022;;Q2;Construction & Building Materials;Sales;4368627.75987988;2022-04-01;Q2 2022;Construction & Building Materials :  Sales
Quarterly;2022;;Q3;Telecommunication;Number of Transactions;5772.172;2022-07-01;Q3 2022;Telecommunication :  Number of Transactions
Quarterly;2022;;Q4;Telecommunication;Sales;1288968.28409999;2022-10-01;Q4 2022;Telecommunication :  Sales
Quarterly;2022;;Q2;Education;Number of Transactions;1027.851;2022-04-01;Q2 2022;Education :  Number of Transactions
Quarterly;2022;;Q2;Education;Sales;1462759.17635999;2022-04-01;Q2 2022;Education :  Sales
Quarterly;2022;;Q3;Education;Sales;3431820.25477999;2022-07-01;Q3 2022;Education :  Sales
Quarterly;2022;;Q3;Public Utilities;Number of Transactions;15776.588;2022-07-01;Q3 2022;Public Utilities :  Number of Transactions
Quarterly;2022;;Q1;Public Utilities;Sales;956560.217349996;2022-01-01;Q1 2022;Public Utilities :  Sales
Quarterly;2022;;Q4;Total;Number of Transactions;2017279.371;2022-10-01;Q4 2022;Total :  Number of Transactions
Quarterly;2022;;Q4;Total;Sales;145040170.925552;2022-10-01;Q4 2022;Total :  Sales
Monthly;2022;MAR;;Transportation;Number of Transactions;8086.545;2022-03-01;MAR 2022;Transportation :  Number of Transactions
Monthly;2022;JUN;;Transportation;Number of Transactions;8272.015;2022-06-01;JUN 2022;Transportation :  Number of Transactions
Monthly;2022;SEP;;Transportation;Sales;2637013.21884996;2022-09-01;SEP 2022;Transportation :  Sales
Monthly;2022;MAY;;Health;Number of Transactions;30384.174;2022-05-01;MAY 2022;Health :  Number of Transactions
Monthly;2022;NOV;;Health;Sales;3157508.49585999;2022-11-01;NOV 2022;Health :  Sales
Monthly;2022;AUG;;Restaurants & Café;Number of Transactions;181750.555;2022-08-01;AUG 2022;Restaurants & Café :  Number of Transactions
Monthly;2022;NOV;;Restaurants & Café;Number of Transactions;189546.391;2022-11-01;NOV 2022;Restaurants & Café :  Number of Transactions
Monthly;2022;JAN;;Restaurants & Café;Sales;6166568.37401209;2022-01-01;JAN 2022;Restaurants & Café :  Sales
Monthly;2022;MAR;;Restaurants & Café;Sales;6930176.407;2022-03-01;MAR 2022;Restaurants & Café :  Sales
Monthly;2022;JUN;;Restaurants & Café;Sales;6538545.86484258;2022-06-01;JUN 2022;Restaurants & Café :  Sales
Monthly;2022;AUG;;Restaurants & Café;Sales;6854678.0290027;2022-08-01;AUG 2022;Restaurants & Café :  Sales
Monthly;2022;AUG;;Hotels;Number of Transactions;3316.536;2022-08-01;AUG 2022;Hotels :  Number of Transactions
Monthly;2022;SEP;;Hotels;Number of Transactions;2424.416;2022-09-01;SEP 2022;Hotels :  Number of Transactions
Monthly;2022;NOV;;Hotels;Number of Transactions;2671.953;2022-11-01;NOV 2022;Hotels :  Number of Transactions
Monthly;2022;DEC;;Hotels;Number of Transactions;2659.508;2022-12-01;DEC 2022;Hotels :  Number of Transactions
Monthly;2022;JAN;;Hotels;Sales;878418.504399986;2022-01-01;JAN 2022;Hotels :  Sales
Monthly;2022;OCT;;Hotels;Sales;1025709.01046998;2022-10-01;OCT 2022;Hotels :  Sales
Monthly;2022;APR;;Beverage and Food;Number of Transactions;128108.614;2022-04-01;APR 2022;Beverage and Food :  Number of Transactions
Monthly;2022;MAY;;Beverage and Food;Sales;6560375.94824854;2022-05-01;MAY 2022;Beverage and Food :  Sales
Monthly;2022;JUN;;Beverage and Food;Sales;6612568.93743059;2022-06-01;JUN 2022;Beverage and Food :  Sales
Monthly;2022;DEC;;Beverage and Food;Sales;7599772.75357072;2022-12-01;DEC 2022;Beverage and Food :  Sales
Monthly;2022;FEB;;Clothing and Footwear;Number of Transactions;15964.22;2022-02-01;FEB 2022;Clothing and Footwear :  Number of Transactions
Monthly;2022;JUN;;Clothing and Footwear;Number of Transactions;19325.501;2022-06-01;JUN 2022;Clothing and Footwear :  Number of Transactions
Monthly;2022;SEP;;Clothing and Footwear;Number of Transactions;19764.455;2022-09-01;SEP 2022;Clothing and Footwear :  Number of Transactions
Monthly;2022;OCT;;Clothing and Footwear;Sales;2889010.83493031;2022-10-01;OCT 2022;Clothing and Footwear :  Sales
Monthly;2022;MAR;;Recreation and Culture;Number of Transactions;10238.935;2022-03-01;MAR 2022;Recreation and Culture :  Number of Transactions
Monthly;2022;MAY;;Recreation and Culture;Number of Transactions;8547.841;2022-05-01;MAY 2022;Recreation and Culture :  Number of Transactions
Monthly;2022;JUN;;Recreation and Culture;Number of Transactions;9075.489;2022-06-01;JUN 2022;Recreation and Culture :  Number of Transactions
Monthly;2022;DEC;;Recreation and Culture;Number of Transactions;11115.78;2022-12-01;DEC 2022;Recreation and Culture :  Number of Transactions
Monthly;2022;MAR;;Recreation and Culture;Sales;1393757.722;2022-03-01;MAR 2022;Recreation and Culture :  Sales
Monthly;2022;APR;;Recreation and Culture;Sales;1279712.71514999;2022-04-01;APR 2022;Recreation and Culture :  Sales
Monthly;2022;MAY;;Miscellaneous Goods and Services;Number of Transactions;65491.819;2022-05-01;MAY 2022;Miscellaneous Goods and Services :  Number of Transactions
Monthly;2022;NOV;;Miscellaneous Goods and Services;Sales;5179960.6036413;2022-11-01;NOV 2022;Miscellaneous Goods and Services :  Sales
Monthly;2022;FEB;;Electronic & Electric Devices;Number of Transactions;2840.857;2022-02-01;FEB 2022;Electronic & Electric Devices :  Number of Transactions
Monthly;2022;OCT;;Electronic & Electric Devices;Sales;1081225.59071999;2022-10-01;OCT 2022;Electronic & Electric Devices :  Sales
Monthly;2022;DEC;;Electronic & Electric Devices;Sales;1064911.61602998;2022-12-01;DEC 2022;Electronic & Electric Devices :  Sales
Monthly;2022;SEP;;Furniture;Number of Transactions;4320.341;2022-09-01;SEP 2022;Furniture :  Number of Transactions
Monthly;2022;NOV;;Furniture;Sales;1350108.54922996;2022-11-01;NOV 2022;Furniture :  Sales
Monthly;2022;DEC;;Furniture;Sales;1487913.31354995;2022-12-01;DEC 2022;Furniture :  Sales
Monthly;2022;JAN;;Construction & Building Materials;Number of Transactions;4682.557;2022-01-01;JAN 2022;Construction & Building Materials :  Number of Transactions
Monthly;2022;MAY;;Construction & Building Materials;Number of Transactions;4064.833;2022-05-01;MAY 2022;Construction & Building Materials :  Number of Transactions
Monthly;2022;JUL;;Construction & Building Materials;Number of Transactions;4494.191;2022-07-01;JUL 2022;Construction & Building Materials :  Number of Transactions
Monthly;2022;SEP;;Construction & Building Materials;Number of Transactions;4607.281;2022-09-01;SEP 2022;Construction & Building Materials :  Number of Transactions
Monthly;2022;FEB;;Construction & Building Materials;Sales;1505566.85902995;2022-02-01;FEB 2022;Construction & Building Materials :  Sales
Monthly;2022;MAY;;Construction & Building Materials;Sales;1398566.37094996;2022-05-01;MAY 2022;Construction & Building Materials :  Sales
Monthly;2022;APR;;Jewelry;Sales;1607308.16537998;2022-04-01;APR 2022;Jewelry :  Sales
Monthly;2022;JUN;;Jewelry;Sales;1033480.89229999;2022-06-01;JUN 2022;Jewelry :  Sales
Monthly;2022;DEC;;Jewelry;Sales;893823.655739983;2022-12-01;DEC 2022;Jewelry :  Sales
Monthly;2022;JUN;;Telecommunication;Number of Transactions;1889.719;2022-06-01;JUN 2022;Telecommunication :  Number of Transactions
Monthly;2022;MAY;;Telecommunication;Sales;350227.541589997;2022-05-01;MAY 2022;Telecommunication :  Sales
Monthly;2022;JAN;;Education;Number of Transactions;433.25;2022-01-01;JAN 2022;Education :  Number of Transactions
Monthly;2022;NOV;;Education;Number of Transactions;471.487;2022-11-01;NOV 2022;Education :  Number of Transactions
Monthly;2022;FEB;;Education;Sales;375636.223859998;2022-02-01;FEB 2022;Education :  Sales
Monthly;2022;AUG;;Education;Sales;2150147.81032999;2022-08-01;AUG 2022;Education :  Sales
Monthly;2022;DEC;;Education;Sales;901305.299289995;2022-12-01;DEC 2022;Education :  Sales
Monthly;2022;MAR;;Public Utilities;Sales;361581.386;2022-03-01;MAR 2022;Public Utilities :  Sales
Monthly;2022;OCT;;Public Utilities;Sales;389416.333809997;2022-10-01;OCT 2022;Public Utilities :  Sales
Monthly;2022;SEP;;Others;Number of Transactions;137561.816;2022-09-01;SEP 2022;Others :  Number of Transactions
Monthly;2022;MAY;;Others;Sales;9011839.66037304;2022-05-01;MAY 2022;Others :  Sales
Monthly;2022;FEB;;Total;Number of Transactions;496263.284;2022-02-01;FEB 2022;Total :  Number of Transactions
Monthly;2022;NOV;;Total;Number of Transactions;656246.635;2022-11-01;NOV 2022;Total :  Number of Transactions
Monthly;2022;SEP;;Total;Sales;47449394.9780465;2022-09-01;SEP 2022;Total :  Sales
Annually;2022;;;Hotels;Sales;12337655.2740198;2022-01-01;2022;Hotels :  Sales
Annually;2022;;;Clothing and Footwear;Number of Transactions;264425.274;2022-01-01;2022;Clothing and Footwear :  Number of Transactions
Annually;2022;;;Recreation and Culture;Number of Transactions;114332.064;2022-01-01;2022;Recreation and Culture :  Number of Transactions
Annually;2022;;;Recreation and Culture;Sales;14812749.4761399;2022-01-01;2022;Recreation and Culture :  Sales
Annually;2022;;;Jewelry;Number of Transactions;11742.253;2022-01-01;2022;Jewelry :  Number of Transactions
Annually;2022;;;Education;Number of Transactions;5758.808;2022-01-01;2022;Education :  Number of Transactions
Quarterly;2022;;Q1;Health;Number of Transactions;85784.973;2022-01-01;Q1 2022;Health :  Number of Transactions
Quarterly;2022;;Q2;Health;Number of Transactions;90966.127;2022-04-01;Q2 2022;Health :  Number of Transactions
Quarterly;2022;;Q1;Restaurants & Café;Number of Transactions;476761.512;2022-01-01;Q1 2022;Restaurants & Café :  Number of Transactions
Quarterly;2022;;Q2;Restaurants & Café;Sales;18335590.4614312;2022-04-01;Q2 2022;Restaurants & Café :  Sales
Quarterly;2022;;Q4;Hotels;Number of Transactions;7837.892;2022-10-01;Q4 2022;Hotels :  Number of Transactions
Quarterly;2022;;Q1;Hotels;Sales;2828751.81396997;2022-01-01;Q1 2022;Hotels :  Sales
Quarterly;2022;;Q3;Beverage and Food;Sales;21102348.7879519;2022-07-01;Q3 2022;Beverage and Food :  Sales
Quarterly;2022;;Q4;Beverage and Food;Sales;22070648.7495721;2022-10-01;Q4 2022;Beverage and Food :  Sales
Quarterly;2022;;Q1;Clothing and Footwear;Number of Transactions;60875.39;2022-01-01;Q1 2022;Clothing and Footwear :  Number of Transactions
Quarterly;2022;;Q2;Clothing and Footwear;Number of Transactions;72359.122;2022-04-01;Q2 2022;Clothing and Footwear :  Number of Transactions
Quarterly;2022;;Q3;Clothing and Footwear;Number of Transactions;65778.097;2022-07-01;Q3 2022;Clothing and Footwear :  Number of Transactions
Quarterly;2022;;Q3;Clothing and Footwear;Sales;9846394.61542129;2022-07-01;Q3 2022;Clothing and Footwear :  Sales
Quarterly;2022;;Q2;Miscellaneous Goods and Services;Number of Transactions;199191.599;2022-04-01;Q2 2022;Miscellaneous Goods and Services :  Number of Transactions
Quarterly;2022;;Q4;Furniture;Sales;4124425.60459988;2022-10-01;Q4 2022;Furniture :  Sales
Quarterly;2022;;Q1;Construction & Building Materials;Sales;5114570.41192991;2022-01-01;Q1 2022;Construction & Building Materials :  Sales
Quarterly;2022;;Q2;Jewelry;Number of Transactions;3379.508;2022-04-01;Q2 2022;Jewelry :  Number of Transactions
Quarterly;2022;;Q4;Jewelry;Number of Transactions;2829.456;2022-10-01;Q4 2022;Jewelry :  Number of Transactions
Quarterly;2022;;Q1;Jewelry;Sales;2682096.45015997;2022-01-01;Q1 2022;Jewelry :  Sales
Quarterly;2022;;Q4;Jewelry;Sales;2751282.84770996;2022-10-01;Q4 2022;Jewelry :  Sales
Quarterly;2022;;Q4;Telecommunication;Number of Transactions;5890.748;2022-10-01;Q4 2022;Telecommunication :  Number of Transactions
Quarterly;2022;;Q3;Telecommunication;Sales;1209851.10121999;2022-07-01;Q3 2022;Telecommunication :  Sales
Quarterly;2022;;Q1;Education;Sales;1721632.25552;2022-01-01;Q1 2022;Education :  Sales
Quarterly;2022;;Q4;Public Utilities;Sales;1149318.46365999;2022-10-01;Q4 2022;Public Utilities :  Sales
Quarterly;2022;;Q2;Others;Number of Transactions;369650.83;2022-04-01;Q2 2022;Others :  Number of Transactions
Quarterly;2022;;Q3;Others;Number of Transactions;404247.637;2022-07-01;Q3 2022;Others :  Number of Transactions
Quarterly;2022;;Q3;Total;Number of Transactions;1900816.276;2022-07-01;Q3 2022;Total :  Number of Transactions
Quarterly;2022;;Q2;Total;Sales;137785786.342659;2022-04-01;Q2 2022;Total :  Sales
Monthly;2022;AUG;;Transportation;Number of Transactions;9086.947;2022-08-01;AUG 2022;Transportation :  Number of Transactions
Monthly;2022;DEC;;Transportation;Number of Transactions;9368.812;2022-12-01;DEC 2022;Transportation :  Number of Transactions
Monthly;2022;JAN;;Transportation;Sales;2270512.87456997;2022-01-01;JAN 2022;Transportation :  Sales
Monthly;2022;MAR;;Transportation;Sales;2575464.188;2022-03-01;MAR 2022;Transportation :  Sales
Monthly;2022;JUL;;Transportation;Sales;2409803.89000997;2022-07-01;JUL 2022;Transportation :  Sales
Monthly;2022;DEC;;Transportation;Sales;2677492.29527996;2022-12-01;DEC 2022;Transportation :  Sales
Monthly;2022;JAN;;Health;Number of Transactions;30689.707;2022-01-01;JAN 2022;Health :  Number of Transactions
Monthly;2022;FEB;;Health;Number of Transactions;26030.139;2022-02-01;FEB 2022;Health :  Number of Transactions
Monthly;2022;APR;;Health;Number of Transactions;29061.329;2022-04-01;APR 2022;Health :  Number of Transactions
Monthly;2022;JUL;;Health;Number of Transactions;28655.489;2022-07-01;JUL 2022;Health :  Number of Transactions
Monthly;2022;JAN;;Health;Sales;3249792.784874;2022-01-01;JAN 2022;Health :  Sales
Monthly;2022;JUL;;Health;Sales;2933433.81714998;2022-07-01;JUL 2022;Health :  Sales
Monthly;2022;AUG;;Health;Sales;3166487.37155001;2022-08-01;AUG 2022;Health :  Sales
Monthly;2022;SEP;;Restaurants & Café;Number of Transactions;181102.396;2022-09-01;SEP 2022;Restaurants & Café :  Number of Transactions
Monthly;2022;SEP;;Restaurants & Café;Sales;6600527.46150219;2022-09-01;SEP 2022;Restaurants & Café :  Sales
Monthly;2022;OCT;;Restaurants & Café;Sales;6761498.62856275;2022-10-01;OCT 2022;Restaurants & Café :  Sales
Monthly;2022;JAN;;Hotels;Number of Transactions;2249.725;2022-01-01;JAN 2022;Hotels :  Number of Transactions
Monthly;2022;JUL;;Hotels;Number of Transactions;2664.833;2022-07-01;JUL 2022;Hotels :  Number of Transactions
Monthly;2022;FEB;;Hotels;Sales;812917.425569987;2022-02-01;FEB 2022;Hotels :  Sales
Monthly;2022;MAY;;Hotels;Sales;993294.501799979;2022-05-01;MAY 2022;Hotels :  Sales
Monthly;2022;JUN;;Hotels;Sales;762538.556269989;2022-06-01;JUN 2022;Hotels :  Sales
Monthly;2022;DEC;;Hotels;Sales;1218130.48832998;2022-12-01;DEC 2022;Hotels :  Sales
Monthly;2022;MAR;;Beverage and Food;Number of Transactions;139325.843;2022-03-01;MAR 2022;Beverage and Food :  Number of Transactions
Monthly;2022;OCT;;Beverage and Food;Number of Transactions;156366.486;2022-10-01;OCT 2022;Beverage and Food :  Number of Transactions
Monthly;2022;JAN;;Beverage and Food;Sales;6547484.30006066;2022-01-01;JAN 2022;Beverage and Food :  Sales
Monthly;2022;FEB;;Beverage and Food;Sales;6005408.43199357;2022-02-01;FEB 2022;Beverage and Food :  Sales
Monthly;2022;MAY;;Clothing and Footwear;Number of Transactions;15951.068;2022-05-01;MAY 2022;Clothing and Footwear :  Number of Transactions
Monthly;2022;AUG;;Clothing and Footwear;Number of Transactions;22322.954;2022-08-01;AUG 2022;Clothing and Footwear :  Number of Transactions
Monthly;2022;DEC;;Clothing and Footwear;Number of Transactions;25159.873;2022-12-01;DEC 2022;Clothing and Footwear :  Number of Transactions
Monthly;2022;SEP;;Clothing and Footwear;Sales;2841989.62943024;2022-09-01;SEP 2022;Clothing and Footwear :  Sales
Monthly;2022;NOV;;Clothing and Footwear;Sales;3428137.58182064;2022-11-01;NOV 2022;Clothing and Footwear :  Sales
Monthly;2022;DEC;;Clothing and Footwear;Sales;3812908.84841067;2022-12-01;DEC 2022;Clothing and Footwear :  Sales
Monthly;2022;JUL;;Recreation and Culture;Number of Transactions;8244.199;2022-07-01;JUL 2022;Recreation and Culture :  Number of Transactions
Monthly;2022;OCT;;Recreation and Culture;Number of Transactions;10667.661;2022-10-01;OCT 2022;Recreation and Culture :  Number of Transactions
Monthly;2022;FEB;;Recreation and Culture;Sales;1106120.26196999;2022-02-01;FEB 2022;Recreation and Culture :  Sales
Monthly;2022;AUG;;Recreation and Culture;Sales;1311247.66869998;2022-08-01;AUG 2022;Recreation and Culture :  Sales
Monthly;2022;NOV;;Recreation and Culture;Sales;1099624.35327999;2022-11-01;NOV 2022;Recreation and Culture :  Sales
Monthly;2022;FEB;;Miscellaneous Goods and Services;Number of Transactions;52750.683;2022-02-01;FEB 2022;Miscellaneous Goods and Services :  Number of Transactions
Monthly;2022;MAR;;Miscellaneous Goods and Services;Number of Transactions;65895.241;2022-03-01;MAR 2022;Miscellaneous Goods and Services :  Number of Transactions
Monthly;2022;APR;;Miscellaneous Goods and Services;Number of Transactions;62562.851;2022-04-01;APR 2022;Miscellaneous Goods and Services :  Number of Transactions
Monthly;2022;FEB;;Miscellaneous Goods and Services;Sales;3995376.68372024;2022-02-01;FEB 2022;Miscellaneous Goods and Services :  Sales
Monthly;2022;JUN;;Miscellaneous Goods and Services;Sales;5024267.62233067;2022-06-01;JUN 2022;Miscellaneous Goods and Services :  Sales
Monthly;2022;AUG;;Miscellaneous Goods and Services;Sales;5395001.59122093;2022-08-01;AUG 2022;Miscellaneous Goods and Services :  Sales
Monthly;2022;OCT;;Miscellaneous Goods and Services;Sales;5323799.0919211;2022-10-01;OCT 2022;Miscellaneous Goods and Services :  Sales
Monthly;2022;JUN;;Electronic & Electric Devices;Number of Transactions;3343.798;2022-06-01;JUN 2022;Electronic & Electric Devices :  Number of Transactions
Monthly;2022;SEP;;Electronic & Electric Devices;Number of Transactions;3451.877;2022-09-01;SEP 2022;Electronic & Electric Devices :  Number of Transactions
Monthly;2022;APR;;Electronic & Electric Devices;Sales;1074110.26767998;2022-04-01;APR 2022;Electronic & Electric Devices :  Sales
Monthly;2022;MAY;;Electronic & Electric Devices;Sales;1092579.13667998;2022-05-01;MAY 2022;Electronic & Electric Devices :  Sales
Monthly;2022;NOV;;Electronic & Electric Devices;Sales;1109095.00940998;2022-11-01;NOV 2022;Electronic & Electric Devices :  Sales
Monthly;2022;FEB;;Furniture;Number of Transactions;3717.019;2022-02-01;FEB 2022;Furniture :  Number of Transactions
Monthly;2022;OCT;;Furniture;Number of Transactions;4175.317;2022-10-01;OCT 2022;Furniture :  Number of Transactions
Monthly;2022;FEB;;Furniture;Sales;1306640.32089997;2022-02-01;FEB 2022;Furniture :  Sales
Monthly;2022;MAR;;Furniture;Sales;1783045.558;2022-03-01;MAR 2022;Furniture :  Sales
Monthly;2022;AUG;;Furniture;Sales;1311476.79794997;2022-08-01;AUG 2022;Furniture :  Sales
Monthly;2022;MAR;;Construction & Building Materials;Number of Transactions;5086.948;2022-03-01;MAR 2022;Construction & Building Materials :  Number of Transactions
Monthly;2022;APR;;Construction & Building Materials;Number of Transactions;4397.886;2022-04-01;APR 2022;Construction & Building Materials :  Number of Transactions
Monthly;2022;OCT;;Construction & Building Materials;Number of Transactions;5026.083;2022-10-01;OCT 2022;Construction & Building Materials :  Number of Transactions
Monthly;2022;DEC;;Construction & Building Materials;Number of Transactions;5279.731;2022-12-01;DEC 2022;Construction & Building Materials :  Number of Transactions
Monthly;2022;MAR;;Construction & Building Materials;Sales;1924174.237;2022-03-01;MAR 2022;Construction & Building Materials :  Sales
Monthly;2022;OCT;;Construction & Building Materials;Sales;1648244.77020995;2022-10-01;OCT 2022;Construction & Building Materials :  Sales
Monthly;2022;NOV;;Construction & Building Materials;Sales;1559717.06555995;2022-11-01;NOV 2022;Construction & Building Materials :  Sales
Monthly;2022;MAY;;Jewelry;Number of Transactions;875.358;2022-05-01;MAY 2022;Jewelry :  Number of Transactions
Monthly;2022;NOV;;Jewelry;Number of Transactions;921.107;2022-11-01;NOV 2022;Jewelry :  Number of Transactions
Monthly;2022;DEC;;Jewelry;Number of Transactions;947.837;2022-12-01;DEC 2022;Jewelry :  Number of Transactions
Monthly;2022;JAN;;Jewelry;Sales;895886.302769986;2022-01-01;JAN 2022;Jewelry :  Sales
Monthly;2022;JUL;;Telecommunication;Number of Transactions;1850.526;2022-07-01;JUL 2022;Telecommunication :  Number of Transactions
Monthly;2022;AUG;;Telecommunication;Number of Transactions;1978.527;2022-08-01;AUG 2022;Telecommunication :  Number of Transactions
Monthly;2022;OCT;;Telecommunication;Number of Transactions;1963.959;2022-10-01;OCT 2022;Telecommunication :  Number of Transactions
Monthly;2022;FEB;;Telecommunication;Sales;355352.213699998;2022-02-01;FEB 2022;Telecommunication :  Sales
Monthly;2022;MAR;;Telecommunication;Sales;457102.428;2022-03-01;MAR 2022;Telecommunication :  Sales
Monthly;2022;APR;;Telecommunication;Sales;500314.505779997;2022-04-01;APR 2022;Telecommunication :  Sales
Monthly;2022;JUN;;Telecommunication;Sales;434546.661869995;2022-06-01;JUN 2022;Telecommunication :  Sales
Monthly;2022;FEB;;Education;Number of Transactions;431.242;2022-02-01;FEB 2022;Education :  Number of Transactions
Monthly;2022;JUL;;Education;Sales;277116.53261;2022-07-01;JUL 2022;Education :  Sales
Monthly;2022;OCT;;Education;Sales;483821.668189998;2022-10-01;OCT 2022;Education :  Sales
Monthly;2022;NOV;;Education;Sales;456250.178579998;2022-11-01;NOV 2022;Education :  Sales
Monthly;2022;FEB;;Public Utilities;Number of Transactions;3376.338;2022-02-01;FEB 2022;Public Utilities :  Number of Transactions
Monthly;2022;SEP;;Public Utilities;Number of Transactions;5459.238;2022-09-01;SEP 2022;Public Utilities :  Number of Transactions
Monthly;2022;APR;;Public Utilities;Sales;331380.270329997;2022-04-01;APR 2022;Public Utilities :  Sales
Monthly;2022;MAY;;Public Utilities;Sales;341167.472059996;2022-05-01;MAY 2022;Public Utilities :  Sales
Monthly;2022;APR;;Others;Number of Transactions;121260.495;2022-04-01;APR 2022;Others :  Number of Transactions
Monthly;2022;AUG;;Others;Number of Transactions;136876.767;2022-08-01;AUG 2022;Others :  Number of Transactions
Monthly;2022;DEC;;Others;Number of Transactions;148076.218;2022-12-01;DEC 2022;Others :  Number of Transactions
Monthly;2022;JAN;;Others;Sales;8963586.99486924;2022-01-01;JAN 2022;Others :  Sales
Monthly;2022;APR;;Others;Sales;10457004.6849885;2022-04-01;APR 2022;Others :  Sales
Monthly;2022;SEP;;Others;Sales;10258976.6525127;2022-09-01;SEP 2022;Others :  Sales
Monthly;2022;DEC;;Others;Sales;11029787.3730868;2022-12-01;DEC 2022;Others :  Sales
Monthly;2022;MAY;;Total;Number of Transactions;572909.598;2022-05-01;MAY 2022;Total :  Number of Transactions
Monthly;2022;JUL;;Total;Number of Transactions;611498.426;2022-07-01;JUL 2022;Total :  Number of Transactions
Monthly;2022;AUG;;Total;Number of Transactions;644903.589;2022-08-01;AUG 2022;Total :  Number of Transactions
Monthly;2022;MAY;;Total;Sales;42376281.7116664;2022-05-01;MAY 2022;Total :  Sales
Monthly;2022;JUL;;Total;Sales;45749334.6188664;2022-07-01;JUL 2022;Total :  Sales
Monthly;2022;DEC;;Total;Sales;50511863.6517125;2022-12-01;DEC 2022;Total :  Sales
Annually;2022;;;Health;Sales;38166351.178974;2022-01-01;2022;Health :  Sales
Annually;2022;;;Clothing and Footwear;Sales;42148047.1629353;2022-01-01;2022;Clothing and Footwear :  Sales
Annually;2022;;;Miscellaneous Goods and Services;Number of Transactions;862617.417;2022-01-01;2022;Miscellaneous Goods and Services :  Number of Transactions
Annually;2022;;;Construction & Building Materials;Sales;18866167.1950695;2022-01-01;2022;Construction & Building Materials :  Sales
Annually;2022;;;Public Utilities;Sales;4398512.51254996;2022-01-01;2022;Public Utilities :  Sales
Annually;2022;;;Others;Sales;119093623.556746;2022-01-01;2022;Others :  Sales
Annually;2022;;;Total;Sales;559134945.356944;2022-01-01;2022;Total :  Sales
Quarterly;2022;;Q2;Transportation;Number of Transactions;23387.545;2022-04-01;Q2 2022;Transportation :  Number of Transactions
Quarterly;2022;;Q1;Transportation;Sales;6905559.48564995;2022-01-01;Q1 2022;Transportation :  Sales
Quarterly;2022;;Q2;Transportation;Sales;7664893.2405599;2022-04-01;Q2 2022;Transportation :  Sales
Quarterly;2022;;Q2;Health;Sales;9537195.56577002;2022-04-01;Q2 2022;Health :  Sales
Quarterly;2022;;Q3;Health;Sales;9416956.52261999;2022-07-01;Q3 2022;Health :  Sales
Quarterly;2022;;Q1;Restaurants & Café;Sales;18880738.4242038;2022-01-01;Q1 2022;Restaurants & Café :  Sales
Quarterly;2022;;Q3;Hotels;Number of Transactions;8405.785;2022-07-01;Q3 2022;Hotels :  Number of Transactions
Quarterly;2022;;Q2;Hotels;Sales;3051248.53521995;2022-04-01;Q2 2022;Hotels :  Sales
Quarterly;2022;;Q1;Beverage and Food;Sales;20729778.7240542;2022-01-01;Q1 2022;Beverage and Food :  Sales
Quarterly;2022;;Q2;Beverage and Food;Sales;20316936.3762827;2022-04-01;Q2 2022;Beverage and Food :  Sales
Quarterly;2022;;Q4;Clothing and Footwear;Number of Transactions;65412.665;2022-10-01;Q4 2022;Clothing and Footwear :  Number of Transactions
Quarterly;2022;;Q1;Miscellaneous Goods and Services;Number of Transactions;175035.653;2022-01-01;Q1 2022;Miscellaneous Goods and Services :  Number of Transactions
Quarterly;2022;;Q1;Electronic & Electric Devices;Number of Transactions;9516.624;2022-01-01;Q1 2022;Electronic & Electric Devices :  Number of Transactions
Quarterly;2022;;Q2;Electronic & Electric Devices;Number of Transactions;9493.553;2022-04-01;Q2 2022;Electronic & Electric Devices :  Number of Transactions
Quarterly;2022;;Q1;Furniture;Sales;4480466.04235993;2022-01-01;Q1 2022;Furniture :  Sales
Quarterly;2022;;Q2;Furniture;Sales;3942095.3834899;2022-04-01;Q2 2022;Furniture :  Sales
Quarterly;2022;;Q3;Jewelry;Number of Transactions;3034.037;2022-07-01;Q3 2022;Jewelry :  Number of Transactions
Quarterly;2022;;Q1;Telecommunication;Sales;1233748.23795999;2022-01-01;Q1 2022;Telecommunication :  Sales
Quarterly;2022;;Q1;Public Utilities;Number of Transactions;11064.812;2022-01-01;Q1 2022;Public Utilities :  Number of Transactions
Quarterly;2022;;Q2;Public Utilities;Number of Transactions;13138.031;2022-04-01;Q2 2022;Public Utilities :  Number of Transactions
Quarterly;2022;;Q2;Public Utilities;Sales;1062395.88025999;2022-04-01;Q2 2022;Public Utilities :  Sales
Quarterly;2022;;Q1;Others;Number of Transactions;343827.454;2022-01-01;Q1 2022;Others :  Number of Transactions
Quarterly;2022;;Q1;Others;Sales;27810979.88174;2022-01-01;Q1 2022;Others :  Sales
Quarterly;2022;;Q1;Total;Number of Transactions;1634182.021;2022-01-01;Q1 2022;Total :  Number of Transactions
Quarterly;2022;;Q2;Total;Number of Transactions;1709226.854;2022-04-01;Q2 2022;Total :  Number of Transactions
Quarterly;2022;;Q1;Total;Sales;133438206.341953;2022-01-01;Q1 2022;Total :  Sales
Monthly;2022;JAN;;Transportation;Number of Transactions;7246.056;2022-01-01;JAN 2022;Transportation :  Number of Transactions
Monthly;2022;FEB;;Transportation;Number of Transactions;6524.513;2022-02-01;FEB 2022;Transportation :  Number of Transactions
Monthly;2022;MAY;;Transportation;Number of Transactions;7366.89;2022-05-01;MAY 2022;Transportation :  Number of Transactions
Monthly;2022;APR;;Transportation;Sales;2549937.40689997;2022-04-01;APR 2022;Transportation :  Sales
Monthly;2022;MAY;;Transportation;Sales;2351362.84453997;2022-05-01;MAY 2022;Transportation :  Sales
Monthly;2022;JUN;;Transportation;Sales;2763592.98911996;2022-06-01;JUN 2022;Transportation :  Sales
Monthly;2022;JUN;;Health;Number of Transactions;31520.624;2022-06-01;JUN 2022;Health :  Number of Transactions
Monthly;2022;SEP;;Health;Number of Transactions;31262.954;2022-09-01;SEP 2022;Health :  Number of Transactions
Monthly;2022;OCT;;Health;Number of Transactions;35449.514;2022-10-01;OCT 2022;Health :  Number of Transactions
Monthly;2022;NOV;;Health;Number of Transactions;32672.006;2022-11-01;NOV 2022;Health :  Number of Transactions
Monthly;2022;FEB;;Health;Sales;2865726.43609999;2022-02-01;FEB 2022;Health :  Sales
Monthly;2022;MAR;;Health;Sales;3308540.161;2022-03-01;MAR 2022;Health :  Sales
Monthly;2022;JUN;;Health;Sales;3342285.12955001;2022-06-01;JUN 2022;Health :  Sales
Monthly;2022;SEP;;Health;Sales;3317035.33392;2022-09-01;SEP 2022;Health :  Sales
Monthly;2022;APR;;Restaurants & Café;Number of Transactions;114091.074;2022-04-01;APR 2022;Restaurants & Café :  Number of Transactions
Monthly;2022;OCT;;Restaurants & Café;Number of Transactions;189664.917;2022-10-01;OCT 2022;Restaurants & Café :  Number of Transactions
Monthly;2022;MAY;;Restaurants & Café;Sales;6783304.87598441;2022-05-01;MAY 2022;Restaurants & Café :  Sales
Monthly;2022;NOV;;Restaurants & Café;Sales;6918131.57877284;2022-11-01;NOV 2022;Restaurants & Café :  Sales
Monthly;2022;MAR;;Hotels;Sales;1137415.884;2022-03-01;MAR 2022;Hotels :  Sales
Monthly;2022;JUL;;Hotels;Sales;930640.128489979;2022-07-01;JUL 2022;Hotels :  Sales
Monthly;2022;AUG;;Hotels;Sales;1217892.60364998;2022-08-01;AUG 2022;Hotels :  Sales
Monthly;2022;NOV;;Hotels;Sales;1157777.78890999;2022-11-01;NOV 2022;Hotels :  Sales
Monthly;2022;AUG;;Beverage and Food;Number of Transactions;150658.029;2022-08-01;AUG 2022;Beverage and Food :  Number of Transactions
Monthly;2022;MAR;;Beverage and Food;Sales;8176885.992;2022-03-01;MAR 2022;Beverage and Food :  Sales
Monthly;2022;JUL;;Beverage and Food;Sales;6773734.78264065;2022-07-01;JUL 2022;Beverage and Food :  Sales
Monthly;2022;AUG;;Beverage and Food;Sales;7148149.82975063;2022-08-01;AUG 2022;Beverage and Food :  Sales
Monthly;2022;JAN;;Clothing and Footwear;Number of Transactions;21912.542;2022-01-01;JAN 2022;Clothing and Footwear :  Number of Transactions
Monthly;2022;JUL;;Clothing and Footwear;Number of Transactions;23690.688;2022-07-01;JUL 2022;Clothing and Footwear :  Number of Transactions
Monthly;2022;FEB;;Clothing and Footwear;Sales;2508967.70479001;2022-02-01;FEB 2022;Clothing and Footwear :  Sales
Monthly;2022;JAN;;Recreation and Culture;Number of Transactions;8831.775;2022-01-01;JAN 2022;Recreation and Culture :  Number of Transactions
Monthly;2022;AUG;;Recreation and Culture;Number of Transactions;9608.566;2022-08-01;AUG 2022;Recreation and Culture :  Number of Transactions
Monthly;2022;OCT;;Recreation and Culture;Sales;1203441.13030998;2022-10-01;OCT 2022;Recreation and Culture :  Sales
Monthly;2022;DEC;;Recreation and Culture;Sales;1355367.14719998;2022-12-01;DEC 2022;Recreation and Culture :  Sales
Monthly;2022;JUL;;Miscellaneous Goods and Services;Number of Transactions;75167.141;2022-07-01;JUL 2022;Miscellaneous Goods and Services :  Number of Transactions
Monthly;2022;SEP;;Miscellaneous Goods and Services;Number of Transactions;79601.629;2022-09-01;SEP 2022;Miscellaneous Goods and Services :  Number of Transactions
Monthly;2022;APR;;Miscellaneous Goods and Services;Sales;5150433.05404056;2022-04-01;APR 2022;Miscellaneous Goods and Services :  Sales
Monthly;2022;MAY;;Miscellaneous Goods and Services;Sales;4456269.8605705;2022-05-01;MAY 2022;Miscellaneous Goods and Services :  Sales
Monthly;2022;JUL;;Miscellaneous Goods and Services;Sales;5069774.68906061;2022-07-01;JUL 2022;Miscellaneous Goods and Services :  Sales
Monthly;2022;SEP;;Miscellaneous Goods and Services;Sales;5234633.05584091;2022-09-01;SEP 2022;Miscellaneous Goods and Services :  Sales
Monthly;2022;DEC;;Miscellaneous Goods and Services;Sales;5554103.51937146;2022-12-01;DEC 2022;Miscellaneous Goods and Services :  Sales
Monthly;2022;MAR;;Electronic & Electric Devices;Number of Transactions;3488.012;2022-03-01;MAR 2022;Electronic & Electric Devices :  Number of Transactions
Monthly;2022;OCT;;Electronic & Electric Devices;Number of Transactions;3440.942;2022-10-01;OCT 2022;Electronic & Electric Devices :  Number of Transactions
Monthly;2022;DEC;;Electronic & Electric Devices;Number of Transactions;3486.312;2022-12-01;DEC 2022;Electronic & Electric Devices :  Number of Transactions
Monthly;2022;JAN;;Furniture;Number of Transactions;4333.571;2022-01-01;JAN 2022;Furniture :  Number of Transactions
Monthly;2022;APR;;Furniture;Number of Transactions;5269.124;2022-04-01;APR 2022;Furniture :  Number of Transactions
Monthly;2022;FEB;;Construction & Building Materials;Number of Transactions;4091.122;2022-02-01;FEB 2022;Construction & Building Materials :  Number of Transactions
Monthly;2022;AUG;;Construction & Building Materials;Number of Transactions;4908.51;2022-08-01;AUG 2022;Construction & Building Materials :  Number of Transactions
Monthly;2022;JAN;;Construction & Building Materials;Sales;1684829.31589996;2022-01-01;JAN 2022;Construction & Building Materials :  Sales
Monthly;2022;APR;;Construction & Building Materials;Sales;1308761.93922996;2022-04-01;APR 2022;Construction & Building Materials :  Sales
Monthly;2022;JUN;;Construction & Building Materials;Sales;1661299.44969996;2022-06-01;JUN 2022;Construction & Building Materials :  Sales
Monthly;2022;SEP;;Construction & Building Materials;Sales;1575123.63019996;2022-09-01;SEP 2022;Construction & Building Materials :  Sales
Monthly;2022;APR;;Jewelry;Number of Transactions;1523.687;2022-04-01;APR 2022;Jewelry :  Number of Transactions
Monthly;2022;JUN;;Jewelry;Number of Transactions;980.463;2022-06-01;JUN 2022;Jewelry :  Number of Transactions
Monthly;2022;JUL;;Jewelry;Number of Transactions;1160.726;2022-07-01;JUL 2022;Jewelry :  Number of Transactions
Monthly;2022;AUG;;Jewelry;Number of Transactions;894.153;2022-08-01;AUG 2022;Jewelry :  Number of Transactions
Monthly;2022;FEB;;Jewelry;Sales;825402.905389989;2022-02-01;FEB 2022;Jewelry :  Sales
Monthly;2022;MAR;;Jewelry;Sales;960807.242;2022-03-01;MAR 2022;Jewelry :  Sales
Monthly;2022;MAY;;Jewelry;Sales;996019.417319988;2022-05-01;MAY 2022;Jewelry :  Sales
Monthly;2022;AUG;;Jewelry;Sales;827608.19430999;2022-08-01;AUG 2022;Jewelry :  Sales
Monthly;2022;FEB;;Telecommunication;Number of Transactions;1628.895;2022-02-01;FEB 2022;Telecommunication :  Number of Transactions
Monthly;2022;MAR;;Telecommunication;Number of Transactions;1962.217;2022-03-01;MAR 2022;Telecommunication :  Number of Transactions
Monthly;2022;NOV;;Telecommunication;Number of Transactions;1898.963;2022-11-01;NOV 2022;Telecommunication :  Number of Transactions
Monthly;2022;OCT;;Telecommunication;Sales;461039.593009996;2022-10-01;OCT 2022;Telecommunication :  Sales
Monthly;2022;SEP;;Education;Number of Transactions;723.408;2022-09-01;SEP 2022;Education :  Number of Transactions
Monthly;2022;MAY;;Education;Sales;463901.905159998;2022-05-01;MAY 2022;Education :  Sales
Monthly;2022;JUN;;Education;Sales;724582.551679996;2022-06-01;JUN 2022;Education :  Sales
Monthly;2022;AUG;;Public Utilities;Number of Transactions;5446.575;2022-08-01;AUG 2022;Public Utilities :  Number of Transactions
Monthly;2022;DEC;;Public Utilities;Number of Transactions;5074.515;2022-12-01;DEC 2022;Public Utilities :  Number of Transactions
Monthly;2022;FEB;;Public Utilities;Sales;284212.628249999;2022-02-01;FEB 2022;Public Utilities :  Sales
Monthly;2022;JUN;;Public Utilities;Sales;389848.137869995;2022-06-01;JUN 2022;Public Utilities :  Sales
Monthly;2022;MAR;;Others;Number of Transactions;127353.478;2022-03-01;MAR 2022;Others :  Number of Transactions
Monthly;2022;JUL;;Others;Number of Transactions;129809.054;2022-07-01;JUL 2022;Others :  Number of Transactions
Monthly;2022;OCT;;Others;Sales;10353367.0868532;2022-10-01;OCT 2022;Others :  Sales
Monthly;2022;MAR;;Total;Number of Transactions;602242.92;2022-03-01;MAR 2022;Total :  Number of Transactions
Monthly;2022;APR;;Total;Number of Transactions;531299.278;2022-04-01;APR 2022;Total :  Number of Transactions
Monthly;2022;SEP;;Total;Number of Transactions;644414.261;2022-09-01;SEP 2022;Total :  Number of Transactions
Monthly;2022;JAN;;Total;Sales;43558930.6504967;2022-01-01;JAN 2022;Total :  Sales
Monthly;2022;APR;;Total;Sales;49443844.5752981;2022-04-01;APR 2022;Total :  Sales
Monthly;2022;OCT;;Total;Sales;47655167.4889779;2022-10-01;OCT 2022;Total :  Sales
Annually;2022;;;Transportation;Sales;30736727.9437196;2022-01-01;2022;Transportation :  Sales
Annually;2022;;;Electronic & Electric Devices;Number of Transactions;39403.394;2022-01-01;2022;Electronic & Electric Devices :  Number of Transactions
Annually;2022;;;Electronic & Electric Devices;Sales;13500746.0750398;2022-01-01;2022;Electronic & Electric Devices :  Sales
Annually;2022;;;Public Utilities;Number of Transactions;54884.748;2022-01-01;2022;Public Utilities :  Number of Transactions
Annually;2022;;;Total;Number of Transactions;7261504.522;2022-01-01;2022;Total :  Number of Transactions
Quarterly;2022;;Q3;Transportation;Number of Transactions;25719.207;2022-07-01;Q3 2022;Transportation :  Number of Transactions
Quarterly;2022;;Q4;Transportation;Number of Transactions;27384.386;2022-10-01;Q4 2022;Transportation :  Number of Transactions
Quarterly;2022;;Q4;Transportation;Sales;8201990.07871988;2022-10-01;Q4 2022;Transportation :  Sales
Quarterly;2022;;Q1;Health;Sales;9424059.38197399;2022-01-01;Q1 2022;Health :  Sales
Quarterly;2022;;Q3;Restaurants & Café;Sales;20433937.7641572;2022-07-01;Q3 2022;Restaurants & Café :  Sales
Quarterly;2022;;Q4;Restaurants & Café;Sales;20981176.1522587;2022-10-01;Q4 2022;Restaurants & Café :  Sales
Quarterly;2022;;Q1;Hotels;Number of Transactions;7019.733;2022-01-01;Q1 2022;Hotels :  Number of Transactions
Quarterly;2022;;Q2;Hotels;Number of Transactions;6864.619;2022-04-01;Q2 2022;Hotels :  Number of Transactions
Quarterly;2022;;Q4;Hotels;Sales;3401617.28770995;2022-10-01;Q4 2022;Hotels :  Sales
Quarterly;2022;;Q2;Beverage and Food;Number of Transactions;405513.887;2022-04-01;Q2 2022;Beverage and Food :  Number of Transactions
Quarterly;2022;;Q4;Clothing and Footwear;Sales;10130057.2651616;2022-10-01;Q4 2022;Clothing and Footwear :  Sales
Quarterly;2022;;Q3;Recreation and Culture;Number of Transactions;29673.526;2022-07-01;Q3 2022;Recreation and Culture :  Number of Transactions
Quarterly;2022;;Q4;Recreation and Culture;Sales;3658432.63078995;2022-10-01;Q4 2022;Recreation and Culture :  Sales
Quarterly;2022;;Q4;Miscellaneous Goods and Services;Number of Transactions;253249.837;2022-10-01;Q4 2022;Miscellaneous Goods and Services :  Number of Transactions
Quarterly;2022;;Q2;Miscellaneous Goods and Services;Sales;14630970.5369417;2022-04-01;Q2 2022;Miscellaneous Goods and Services :  Sales
Quarterly;2022;;Q4;Electronic & Electric Devices;Number of Transactions;10388.231;2022-10-01;Q4 2022;Electronic & Electric Devices :  Number of Transactions
Quarterly;2022;;Q2;Electronic & Electric Devices;Sales;3467829.88674994;2022-04-01;Q2 2022;Electronic & Electric Devices :  Sales
Quarterly;2022;;Q2;Furniture;Number of Transactions;12714.849;2022-04-01;Q2 2022;Furniture :  Number of Transactions
Quarterly;2022;;Q2;Construction & Building Materials;Number of Transactions;13085.513;2022-04-01;Q2 2022;Construction & Building Materials :  Number of Transactions
Quarterly;2022;;Q4;Construction & Building Materials;Sales;4818625.73193984;2022-10-01;Q4 2022;Construction & Building Materials :  Sales
Quarterly;2022;;Q1;Jewelry;Number of Transactions;2499.252;2022-01-01;Q1 2022;Jewelry :  Number of Transactions
Quarterly;2022;;Q3;Jewelry;Sales;3161483.26571996;2022-07-01;Q3 2022;Jewelry :  Sales
Quarterly;2022;;Q1;Telecommunication;Number of Transactions;5463.191;2022-01-01;Q1 2022;Telecommunication :  Number of Transactions
Quarterly;2022;;Q2;Telecommunication;Number of Transactions;5562.989;2022-04-01;Q2 2022;Telecommunication :  Number of Transactions
Quarterly;2022;;Q2;Telecommunication;Sales;1285088.70923999;2022-04-01;Q2 2022;Telecommunication :  Sales
Quarterly;2022;;Q3;Education;Number of Transactions;1636.016;2022-07-01;Q3 2022;Education :  Number of Transactions
Quarterly;2022;;Q4;Education;Number of Transactions;1663.626;2022-10-01;Q4 2022;Education :  Number of Transactions
Quarterly;2022;;Q3;Public Utilities;Sales;1230237.95127998;2022-07-01;Q3 2022;Public Utilities :  Sales
Quarterly;2022;;Q3;Others;Sales;30520241.2959379;2022-07-01;Q3 2022;Others :  Sales
Quarterly;2022;;Q4;Others;Sales;31521015.5435659;2022-10-01;Q4 2022;Others :  Sales
Quarterly;2022;;Q3;Total;Sales;142870781.74678;2022-07-01;Q3 2022;Total :  Sales
Monthly;2022;AUG;;Transportation;Sales;2917468.02992996;2022-08-01;AUG 2022;Transportation :  Sales
Monthly;2022;OCT;;Transportation;Sales;2824971.30977995;2022-10-01;OCT 2022;Transportation :  Sales
Monthly;2022;NOV;;Transportation;Sales;2699526.47365997;2022-11-01;NOV 2022;Transportation :  Sales
Monthly;2022;AUG;;Health;Number of Transactions;29144.823;2022-08-01;AUG 2022;Health :  Number of Transactions
Monthly;2022;APR;;Health;Sales;3207032.87483;2022-04-01;APR 2022;Health :  Sales
Monthly;2022;OCT;;Health;Sales;3432822.82621999;2022-10-01;OCT 2022;Health :  Sales
Monthly;2022;DEC;;Health;Sales;3197808.38652999;2022-12-01;DEC 2022;Health :  Sales
Monthly;2022;JAN;;Restaurants & Café;Number of Transactions;154489.515;2022-01-01;JAN 2022;Restaurants & Café :  Number of Transactions
Monthly;2022;MAR;;Restaurants & Café;Number of Transactions;175337.93;2022-03-01;MAR 2022;Restaurants & Café :  Number of Transactions
Monthly;2022;MAY;;Restaurants & Café;Number of Transactions;168546.859;2022-05-01;MAY 2022;Restaurants & Café :  Number of Transactions
Monthly;2022;JUN;;Restaurants & Café;Number of Transactions;173949.764;2022-06-01;JUN 2022;Restaurants & Café :  Number of Transactions
Monthly;2022;DEC;;Restaurants & Café;Number of Transactions;200349.837;2022-12-01;DEC 2022;Restaurants & Café :  Number of Transactions
Monthly;2022;FEB;;Restaurants & Café;Sales;5783993.64319167;2022-02-01;FEB 2022;Restaurants & Café :  Sales
Monthly;2022;JUL;;Restaurants & Café;Sales;6978732.27365233;2022-07-01;JUL 2022;Restaurants & Café :  Sales
Monthly;2022;MAR;;Hotels;Number of Transactions;2688.464;2022-03-01;MAR 2022;Hotels :  Number of Transactions
Monthly;2022;APR;;Hotels;Number of Transactions;2019.509;2022-04-01;APR 2022;Hotels :  Number of Transactions
Monthly;2022;OCT;;Hotels;Number of Transactions;2506.431;2022-10-01;OCT 2022;Hotels :  Number of Transactions
Monthly;2022;SEP;;Hotels;Sales;907504.904979986;2022-09-01;SEP 2022;Hotels :  Sales
Monthly;2022;FEB;;Beverage and Food;Number of Transactions;116527.839;2022-02-01;FEB 2022;Beverage and Food :  Number of Transactions
Monthly;2022;MAY;;Beverage and Food;Number of Transactions;135425.934;2022-05-01;MAY 2022;Beverage and Food :  Number of Transactions
Monthly;2022;JUN;;Beverage and Food;Number of Transactions;141979.339;2022-06-01;JUN 2022;Beverage and Food :  Number of Transactions
Monthly;2022;JUL;;Beverage and Food;Number of Transactions;142588.303;2022-07-01;JUL 2022;Beverage and Food :  Number of Transactions
Monthly;2022;SEP;;Beverage and Food;Number of Transactions;150817.892;2022-09-01;SEP 2022;Beverage and Food :  Number of Transactions
Monthly;2022;NOV;;Beverage and Food;Number of Transactions;149958.128;2022-11-01;NOV 2022;Beverage and Food :  Number of Transactions
Monthly;2022;DEC;;Beverage and Food;Number of Transactions;154150.546;2022-12-01;DEC 2022;Beverage and Food :  Number of Transactions
Monthly;2022;SEP;;Beverage and Food;Sales;7180464.17556058;2022-09-01;SEP 2022;Beverage and Food :  Sales
Monthly;2022;NOV;;Beverage and Food;Sales;6995299.22010064;2022-11-01;NOV 2022;Beverage and Food :  Sales
Monthly;2022;OCT;;Clothing and Footwear;Number of Transactions;18781.012;2022-10-01;OCT 2022;Clothing and Footwear :  Number of Transactions
Monthly;2022;NOV;;Clothing and Footwear;Number of Transactions;21471.78;2022-11-01;NOV 2022;Clothing and Footwear :  Number of Transactions
Monthly;2022;MAR;;Clothing and Footwear;Sales;4034945.921;2022-03-01;MAR 2022;Clothing and Footwear :  Sales
Monthly;2022;APR;;Clothing and Footwear;Sales;6641693.34644147;2022-04-01;APR 2022;Clothing and Footwear :  Sales
Monthly;2022;JUN;;Clothing and Footwear;Sales;3137363.59126039;2022-06-01;JUN 2022;Clothing and Footwear :  Sales
Monthly;2022;FEB;;Recreation and Culture;Number of Transactions;8253.869;2022-02-01;FEB 2022;Recreation and Culture :  Number of Transactions
Monthly;2022;SEP;;Recreation and Culture;Number of Transactions;11820.761;2022-09-01;SEP 2022;Recreation and Culture :  Number of Transactions
Monthly;2022;JAN;;Recreation and Culture;Sales;1303791.24606999;2022-01-01;JAN 2022;Recreation and Culture :  Sales
Monthly;2022;JUL;;Recreation and Culture;Sales;1209437.99976999;2022-07-01;JUL 2022;Recreation and Culture :  Sales
Monthly;2022;SEP;;Recreation and Culture;Sales;1315869.60921999;2022-09-01;SEP 2022;Recreation and Culture :  Sales
Monthly;2022;JAN;;Miscellaneous Goods and Services;Number of Transactions;56389.729;2022-01-01;JAN 2022;Miscellaneous Goods and Services :  Number of Transactions
Monthly;2022;JUN;;Miscellaneous Goods and Services;Number of Transactions;71136.929;2022-06-01;JUN 2022;Miscellaneous Goods and Services :  Number of Transactions
Monthly;2022;DEC;;Miscellaneous Goods and Services;Number of Transactions;86503.976;2022-12-01;DEC 2022;Miscellaneous Goods and Services :  Number of Transactions
Monthly;2022;JAN;;Miscellaneous Goods and Services;Sales;4354955.31258037;2022-01-01;JAN 2022;Miscellaneous Goods and Services :  Sales
Monthly;2022;JAN;;Electronic & Electric Devices;Number of Transactions;3187.755;2022-01-01;JAN 2022;Electronic & Electric Devices :  Number of Transactions
Monthly;2022;APR;;Electronic & Electric Devices;Number of Transactions;3173.497;2022-04-01;APR 2022;Electronic & Electric Devices :  Number of Transactions
Monthly;2022;JUL;;Electronic & Electric Devices;Number of Transactions;3129.506;2022-07-01;JUL 2022;Electronic & Electric Devices :  Number of Transactions
Monthly;2022;JAN;;Electronic & Electric Devices;Sales;1103201.37169998;2022-01-01;JAN 2022;Electronic & Electric Devices :  Sales
Monthly;2022;FEB;;Electronic & Electric Devices;Sales;1012951.03703999;2022-02-01;FEB 2022;Electronic & Electric Devices :  Sales
Monthly;2022;JUL;;Electronic & Electric Devices;Sales;1017288.18043999;2022-07-01;JUL 2022;Electronic & Electric Devices :  Sales
Monthly;2022;SEP;;Electronic & Electric Devices;Sales;1191566.58602999;2022-09-01;SEP 2022;Electronic & Electric Devices :  Sales
Monthly;2022;JUN;;Furniture;Number of Transactions;3927.893;2022-06-01;JUN 2022;Furniture :  Number of Transactions
Monthly;2022;JUL;;Furniture;Number of Transactions;4256.376;2022-07-01;JUL 2022;Furniture :  Number of Transactions
Monthly;2022;AUG;;Furniture;Number of Transactions;4456.118;2022-08-01;AUG 2022;Furniture :  Number of Transactions
Monthly;2022;NOV;;Furniture;Number of Transactions;4427.983;2022-11-01;NOV 2022;Furniture :  Number of Transactions
Monthly;2022;DEC;;Furniture;Number of Transactions;4829.385;2022-12-01;DEC 2022;Furniture :  Number of Transactions
Monthly;2022;JAN;;Furniture;Sales;1390780.16345996;2022-01-01;JAN 2022;Furniture :  Sales
Monthly;2022;MAY;;Furniture;Sales;1052305.35305998;2022-05-01;MAY 2022;Furniture :  Sales
Monthly;2022;JUN;;Furniture;Sales;1281056.09375996;2022-06-01;JUN 2022;Furniture :  Sales
Monthly;2022;OCT;;Furniture;Sales;1286403.74181997;2022-10-01;OCT 2022;Furniture :  Sales
Monthly;2022;NOV;;Construction & Building Materials;Number of Transactions;5076.868;2022-11-01;NOV 2022;Construction & Building Materials :  Number of Transactions
Monthly;2022;JUL;;Construction & Building Materials;Sales;1385170.72993997;2022-07-01;JUL 2022;Construction & Building Materials :  Sales
Monthly;2022;AUG;;Construction & Building Materials;Sales;1604048.93117995;2022-08-01;AUG 2022;Construction & Building Materials :  Sales
Monthly;2022;JAN;;Jewelry;Number of Transactions;824.307;2022-01-01;JAN 2022;Jewelry :  Number of Transactions
Monthly;2022;MAR;;Jewelry;Number of Transactions;913.006;2022-03-01;MAR 2022;Jewelry :  Number of Transactions
Monthly;2022;JUL;;Jewelry;Sales;1289310.66835998;2022-07-01;JUL 2022;Jewelry :  Sales
Monthly;2022;OCT;;Jewelry;Sales;1014819.09626999;2022-10-01;OCT 2022;Jewelry :  Sales
Monthly;2022;NOV;;Jewelry;Sales;842640.095699989;2022-11-01;NOV 2022;Jewelry :  Sales
Monthly;2022;JAN;;Telecommunication;Number of Transactions;1872.079;2022-01-01;JAN 2022;Telecommunication :  Number of Transactions
Monthly;2022;APR;;Telecommunication;Number of Transactions;2058.185;2022-04-01;APR 2022;Telecommunication :  Number of Transactions
Monthly;2022;MAY;;Telecommunication;Number of Transactions;1615.085;2022-05-01;MAY 2022;Telecommunication :  Number of Transactions
Monthly;2022;SEP;;Telecommunication;Number of Transactions;1943.119;2022-09-01;SEP 2022;Telecommunication :  Number of Transactions
Monthly;2022;JAN;;Telecommunication;Sales;421293.596259996;2022-01-01;JAN 2022;Telecommunication :  Sales
Monthly;2022;JUN;;Education;Number of Transactions;427.452;2022-06-01;JUN 2022;Education :  Number of Transactions
Monthly;2022;AUG;;Education;Number of Transactions;659.368;2022-08-01;AUG 2022;Education :  Number of Transactions
Monthly;2022;JUN;;Public Utilities;Number of Transactions;4781.675;2022-06-01;JUN 2022;Public Utilities :  Number of Transactions
Monthly;2022;OCT;;Public Utilities;Number of Transactions;5011.426;2022-10-01;OCT 2022;Public Utilities :  Number of Transactions
Monthly;2022;NOV;;Public Utilities;Number of Transactions;4819.376;2022-11-01;NOV 2022;Public Utilities :  Number of Transactions
Monthly;2022;JUL;;Public Utilities;Sales;384690.657779995;2022-07-01;JUL 2022;Public Utilities :  Sales
Monthly;2022;NOV;;Public Utilities;Sales;368287.208449996;2022-11-01;NOV 2022;Public Utilities :  Sales
Monthly;2022;FEB;;Others;Number of Transactions;104348.998;2022-02-01;FEB 2022;Others :  Number of Transactions
Monthly;2022;JUN;;Others;Number of Transactions;127532.041;2022-06-01;JUN 2022;Others :  Number of Transactions
Monthly;2022;OCT;;Others;Number of Transactions;140952.521;2022-10-01;OCT 2022;Others :  Number of Transactions
Monthly;2022;NOV;;Others;Number of Transactions;138376.944;2022-11-01;NOV 2022;Others :  Number of Transactions
Monthly;2022;JUL;;Others;Sales;9851966.32323245;2022-07-01;JUL 2022;Others :  Sales
Monthly;2022;AUG;;Others;Sales;10409298.3201927;2022-08-01;AUG 2022;Others :  Sales
Monthly;2022;NOV;;Others;Sales;10137861.0836259;2022-11-01;NOV 2022;Others :  Sales
Monthly;2022;JUN;;Total;Number of Transactions;605017.978;2022-06-01;JUN 2022;Total :  Number of Transactions
Monthly;2022;DEC;;Total;Number of Transactions;691923.897;2022-12-01;DEC 2022;Total :  Number of Transactions
Monthly;2022;FEB;;Total;Sales;38882211.3124561;2022-02-01;FEB 2022;Total :  Sales
Monthly;2022;JUN;;Total;Sales;45965660.0556947;2022-06-01;JUN 2022;Total :  Sales
Monthly;2022;AUG;;Total;Sales;49672052.1498673;2022-08-01;AUG 2022;Total :  Sales
Monthly;2022;NOV;;Total;Sales;46873139.7848611;2022-11-01;NOV 2022;Total :  Sales
Annually;2022;;;Transportation;Number of Transactions;98348.252;2022-01-01;2022;Transportation :  Number of Transactions
Annually;2022;;;Health;Number of Transactions;366243.399;2022-01-01;2022;Health :  Number of Transactions
Annually;2022;;;Restaurants & Café;Number of Transactions;2048367.944;2022-01-01;2022;Restaurants & Café :  Number of Transactions
Annually;2022;;;Restaurants & Café;Sales;78631442.8020508;2022-01-01;2022;Restaurants & Café :  Sales
Annually;2022;;;Hotels;Number of Transactions;30128.029;2022-01-01;2022;Hotels :  Number of Transactions
Annually;2022;;;Beverage and Food;Number of Transactions;1688652.507;2022-01-01;2022;Beverage and Food :  Number of Transactions
Annually;2022;;;Beverage and Food;Sales;84219712.6378609;2022-01-01;2022;Beverage and Food :  Sales
Annually;2022;;;Miscellaneous Goods and Services;Sales;59906890.3532986;2022-01-01;2022;Miscellaneous Goods and Services :  Sales
Annually;2022;;;Furniture;Number of Transactions;52440.925;2022-01-01;2022;Furniture :  Number of Transactions
Annually;2022;;;Construction & Building Materials;Number of Transactions;56338.804;2022-01-01;2022;Construction & Building Materials :  Number of Transactions
Annually;2022;;;Telecommunication;Number of Transactions;22689.1;2022-01-01;2022;Telecommunication :  Number of Transactions
Annually;2022;;;Telecommunication;Sales;5017656.33251996;2022-01-01;2022;Telecommunication :  Sales
Quarterly;2022;;Q1;Transportation;Number of Transactions;21857.114;2022-01-01;Q1 2022;Transportation :  Number of Transactions
Quarterly;2022;;Q4;Health;Number of Transactions;100429.033;2022-10-01;Q4 2022;Health :  Number of Transactions
Quarterly;2022;;Q3;Restaurants & Café;Number of Transactions;535457.59;2022-07-01;Q3 2022;Restaurants & Café :  Number of Transactions
Quarterly;2022;;Q1;Clothing and Footwear;Sales;9903728.10000048;2022-01-01;Q1 2022;Clothing and Footwear :  Sales
Quarterly;2022;;Q1;Recreation and Culture;Number of Transactions;27324.579;2022-01-01;Q1 2022;Recreation and Culture :  Number of Transactions
Quarterly;2022;;Q2;Recreation and Culture;Number of Transactions;26303.134;2022-04-01;Q2 2022;Recreation and Culture :  Number of Transactions
Quarterly;2022;;Q4;Recreation and Culture;Number of Transactions;31030.825;2022-10-01;Q4 2022;Recreation and Culture :  Number of Transactions
Quarterly;2022;;Q1;Recreation and Culture;Sales;3803669.23003998;2022-01-01;Q1 2022;Recreation and Culture :  Sales
Quarterly;2022;;Q2;Recreation and Culture;Sales;3514092.33761997;2022-04-01;Q2 2022;Recreation and Culture :  Sales
Quarterly;2022;;Q3;Recreation and Culture;Sales;3836555.27768996;2022-07-01;Q3 2022;Recreation and Culture :  Sales
Quarterly;2022;;Q3;Miscellaneous Goods and Services;Number of Transactions;235140.328;2022-07-01;Q3 2022;Miscellaneous Goods and Services :  Number of Transactions
Quarterly;2022;;Q4;Miscellaneous Goods and Services;Sales;16057863.2149339;2022-10-01;Q4 2022;Miscellaneous Goods and Services :  Sales
Quarterly;2022;;Q1;Electronic & Electric Devices;Sales;3443220.41973997;2022-01-01;Q1 2022;Electronic & Electric Devices :  Sales
Quarterly;2022;;Q3;Electronic & Electric Devices;Sales;3334463.55238997;2022-07-01;Q3 2022;Electronic & Electric Devices :  Sales
Quarterly;2022;;Q4;Electronic & Electric Devices;Sales;3255232.21615995;2022-10-01;Q4 2022;Electronic & Electric Devices :  Sales
Quarterly;2022;;Q3;Furniture;Number of Transactions;13032.835;2022-07-01;Q3 2022;Furniture :  Number of Transactions
Quarterly;2022;;Q1;Construction & Building Materials;Number of Transactions;13860.627;2022-01-01;Q1 2022;Construction & Building Materials :  Number of Transactions
Quarterly;2022;;Q3;Construction & Building Materials;Number of Transactions;14009.982;2022-07-01;Q3 2022;Construction & Building Materials :  Number of Transactions
Quarterly;2022;;Q4;Construction & Building Materials;Number of Transactions;15382.682;2022-10-01;Q4 2022;Construction & Building Materials :  Number of Transactions
Quarterly;2022;;Q3;Construction & Building Materials;Sales;4564343.29131988;2022-07-01;Q3 2022;Construction & Building Materials :  Sales
Quarterly;2022;;Q2;Jewelry;Sales;3636808.47499996;2022-04-01;Q2 2022;Jewelry :  Sales
Quarterly;2022;;Q1;Education;Number of Transactions;1431.315;2022-01-01;Q1 2022;Education :  Number of Transactions
Quarterly;2022;;Q4;Education;Sales;1841377.14605999;2022-10-01;Q4 2022;Education :  Sales
Quarterly;2022;;Q4;Public Utilities;Number of Transactions;14905.317;2022-10-01;Q4 2022;Public Utilities :  Number of Transactions
Quarterly;2022;;Q4;Others;Number of Transactions;427405.683;2022-10-01;Q4 2022;Others :  Number of Transactions
Quarterly;2022;;Q2;Others;Sales;29241386.8355022;2022-04-01;Q2 2022;Others :  Sales
Monthly;2022;APR;;Transportation;Number of Transactions;7748.64;2022-04-01;APR 2022;Transportation :  Number of Transactions
Monthly;2022;JUL;;Transportation;Number of Transactions;8058.74;2022-07-01;JUL 2022;Transportation :  Number of Transactions
Monthly;2022;SEP;;Transportation;Number of Transactions;8573.52;2022-09-01;SEP 2022;Transportation :  Number of Transactions
Monthly;2022;OCT;;Transportation;Number of Transactions;8985.56;2022-10-01;OCT 2022;Transportation :  Number of Transactions
Monthly;2022;NOV;;Transportation;Number of Transactions;9030.014;2022-11-01;NOV 2022;Transportation :  Number of Transactions
Monthly;2022;FEB;;Transportation;Sales;2059582.42307998;2022-02-01;FEB 2022;Transportation :  Sales
Monthly;2022;MAR;;Health;Number of Transactions;29065.127;2022-03-01;MAR 2022;Health :  Number of Transactions
Monthly;2022;DEC;;Health;Number of Transactions;32307.513;2022-12-01;DEC 2022;Health :  Number of Transactions
Monthly;2022;MAY;;Health;Sales;2987877.56139001;2022-05-01;MAY 2022;Health :  Sales
Monthly;2022;FEB;;Restaurants & Café;Number of Transactions;146934.067;2022-02-01;FEB 2022;Restaurants & Café :  Number of Transactions
Monthly;2022;JUL;;Restaurants & Café;Number of Transactions;172604.639;2022-07-01;JUL 2022;Restaurants & Café :  Number of Transactions
Monthly;2022;APR;;Restaurants & Café;Sales;5013739.72060418;2022-04-01;APR 2022;Restaurants & Café :  Sales
Monthly;2022;DEC;;Restaurants & Café;Sales;7301545.94492309;2022-12-01;DEC 2022;Restaurants & Café :  Sales
Monthly;2022;FEB;;Hotels;Number of Transactions;2081.544;2022-02-01;FEB 2022;Hotels :  Number of Transactions
Monthly;2022;MAY;;Hotels;Number of Transactions;2592.628;2022-05-01;MAY 2022;Hotels :  Number of Transactions
Monthly;2022;JUN;;Hotels;Number of Transactions;2252.482;2022-06-01;JUN 2022;Hotels :  Number of Transactions
Monthly;2022;APR;;Hotels;Sales;1295415.47714998;2022-04-01;APR 2022;Hotels :  Sales
Monthly;2022;JAN;;Beverage and Food;Number of Transactions;122745.554;2022-01-01;JAN 2022;Beverage and Food :  Number of Transactions
Monthly;2022;APR;;Beverage and Food;Sales;7143991.49060357;2022-04-01;APR 2022;Beverage and Food :  Sales
Monthly;2022;OCT;;Beverage and Food;Sales;7475576.77590073;2022-10-01;OCT 2022;Beverage and Food :  Sales
Monthly;2022;MAR;;Clothing and Footwear;Number of Transactions;22998.628;2022-03-01;MAR 2022;Clothing and Footwear :  Number of Transactions
Monthly;2022;APR;;Clothing and Footwear;Number of Transactions;37082.553;2022-04-01;APR 2022;Clothing and Footwear :  Number of Transactions
Monthly;2022;JAN;;Clothing and Footwear;Sales;3359814.47421047;2022-01-01;JAN 2022;Clothing and Footwear :  Sales
Monthly;2022;MAY;;Clothing and Footwear;Sales;2488810.24465004;2022-05-01;MAY 2022;Clothing and Footwear :  Sales
Monthly;2022;JUL;;Clothing and Footwear;Sales;3610652.71693053;2022-07-01;JUL 2022;Clothing and Footwear :  Sales
Monthly;2022;AUG;;Clothing and Footwear;Sales;3393752.26906052;2022-08-01;AUG 2022;Clothing and Footwear :  Sales
Monthly;2022;APR;;Recreation and Culture;Number of Transactions;8679.804;2022-04-01;APR 2022;Recreation and Culture :  Number of Transactions
Monthly;2022;NOV;;Recreation and Culture;Number of Transactions;9247.384;2022-11-01;NOV 2022;Recreation and Culture :  Number of Transactions
Monthly;2022;MAY;;Recreation and Culture;Sales;1048379.01728999;2022-05-01;MAY 2022;Recreation and Culture :  Sales
Monthly;2022;JUN;;Recreation and Culture;Sales;1186000.60517999;2022-06-01;JUN 2022;Recreation and Culture :  Sales
Monthly;2022;AUG;;Miscellaneous Goods and Services;Number of Transactions;80371.558;2022-08-01;AUG 2022;Miscellaneous Goods and Services :  Number of Transactions
Monthly;2022;OCT;;Miscellaneous Goods and Services;Number of Transactions;84550.587;2022-10-01;OCT 2022;Miscellaneous Goods and Services :  Number of Transactions
Monthly;2022;NOV;;Miscellaneous Goods and Services;Number of Transactions;82195.274;2022-11-01;NOV 2022;Miscellaneous Goods and Services :  Number of Transactions
Monthly;2022;MAR;;Miscellaneous Goods and Services;Sales;5168315.269;2022-03-01;MAR 2022;Miscellaneous Goods and Services :  Sales
Monthly;2022;MAY;;Electronic & Electric Devices;Number of Transactions;2976.258;2022-05-01;MAY 2022;Electronic & Electric Devices :  Number of Transactions
Monthly;2022;AUG;;Electronic & Electric Devices;Number of Transactions;3423.603;2022-08-01;AUG 2022;Electronic & Electric Devices :  Number of Transactions
Monthly;2022;NOV;;Electronic & Electric Devices;Number of Transactions;3460.977;2022-11-01;NOV 2022;Electronic & Electric Devices :  Number of Transactions
Monthly;2022;MAR;;Electronic & Electric Devices;Sales;1327068.011;2022-03-01;MAR 2022;Electronic & Electric Devices :  Sales
Monthly;2022;JUN;;Electronic & Electric Devices;Sales;1301140.48238998;2022-06-01;JUN 2022;Electronic & Electric Devices :  Sales
Monthly;2022;AUG;;Electronic & Electric Devices;Sales;1125608.78591999;2022-08-01;AUG 2022;Electronic & Electric Devices :  Sales
Monthly;2022;MAR;;Furniture;Number of Transactions;5209.966;2022-03-01;MAR 2022;Furniture :  Number of Transactions
Monthly;2022;MAY;;Furniture;Number of Transactions;3517.832;2022-05-01;MAY 2022;Furniture :  Number of Transactions
Monthly;2022;APR;;Furniture;Sales;1608733.93666996;2022-04-01;APR 2022;Furniture :  Sales
Monthly;2022;JUL;;Furniture;Sales;1237341.69743997;2022-07-01;JUL 2022;Furniture :  Sales
Monthly;2022;SEP;;Furniture;Sales;1513597.45886997;2022-09-01;SEP 2022;Furniture :  Sales
Monthly;2022;JUN;;Construction & Building Materials;Number of Transactions;4622.794;2022-06-01;JUN 2022;Construction & Building Materials :  Number of Transactions
Monthly;2022;DEC;;Construction & Building Materials;Sales;1610663.89616994;2022-12-01;DEC 2022;Construction & Building Materials :  Sales
Monthly;2022;FEB;;Jewelry;Number of Transactions;761.939;2022-02-01;FEB 2022;Jewelry :  Number of Transactions
Monthly;2022;SEP;;Jewelry;Number of Transactions;979.158;2022-09-01;SEP 2022;Jewelry :  Number of Transactions
Monthly;2022;OCT;;Jewelry;Number of Transactions;960.512;2022-10-01;OCT 2022;Jewelry :  Number of Transactions
Monthly;2022;SEP;;Jewelry;Sales;1044564.40304999;2022-09-01;SEP 2022;Jewelry :  Sales
Monthly;2022;DEC;;Telecommunication;Number of Transactions;2027.826;2022-12-01;DEC 2022;Telecommunication :  Number of Transactions
Monthly;2022;JUL;;Telecommunication;Sales;390239.531359997;2022-07-01;JUL 2022;Telecommunication :  Sales
Monthly;2022;AUG;;Telecommunication;Sales;410617.297389997;2022-08-01;AUG 2022;Telecommunication :  Sales
Monthly;2022;SEP;;Telecommunication;Sales;408994.272469997;2022-09-01;SEP 2022;Telecommunication :  Sales
Monthly;2022;NOV;;Telecommunication;Sales;413214.498259998;2022-11-01;NOV 2022;Telecommunication :  Sales
Monthly;2022;DEC;;Telecommunication;Sales;414714.192829995;2022-12-01;DEC 2022;Telecommunication :  Sales
Monthly;2022;MAR;;Education;Number of Transactions;566.823;2022-03-01;MAR 2022;Education :  Number of Transactions
Monthly;2022;APR;;Education;Number of Transactions;232.179;2022-04-01;APR 2022;Education :  Number of Transactions
Monthly;2022;MAY;;Education;Number of Transactions;368.22;2022-05-01;MAY 2022;Education :  Number of Transactions
Monthly;2022;JUL;;Education;Number of Transactions;253.24;2022-07-01;JUL 2022;Education :  Number of Transactions
Monthly;2022;OCT;;Education;Number of Transactions;605.911;2022-10-01;OCT 2022;Education :  Number of Transactions
Monthly;2022;DEC;;Education;Number of Transactions;586.228;2022-12-01;DEC 2022;Education :  Number of Transactions
Monthly;2022;JAN;;Education;Sales;657248.831659997;2022-01-01;JAN 2022;Education :  Sales
Monthly;2022;MAR;;Education;Sales;688747.2;2022-03-01;MAR 2022;Education :  Sales
Monthly;2022;APR;;Education;Sales;274274.71952;2022-04-01;APR 2022;Education :  Sales
Monthly;2022;SEP;;Education;Sales;1004555.91184;2022-09-01;SEP 2022;Education :  Sales
Monthly;2022;JAN;;Public Utilities;Number of Transactions;3662.717;2022-01-01;JAN 2022;Public Utilities :  Number of Transactions
Monthly;2022;MAR;;Public Utilities;Number of Transactions;4025.757;2022-03-01;MAR 2022;Public Utilities :  Number of Transactions
Monthly;2022;APR;;Public Utilities;Number of Transactions;4029.851;2022-04-01;APR 2022;Public Utilities :  Number of Transactions
Monthly;2022;MAY;;Public Utilities;Number of Transactions;4326.505;2022-05-01;MAY 2022;Public Utilities :  Number of Transactions
Monthly;2022;JUL;;Public Utilities;Number of Transactions;4870.775;2022-07-01;JUL 2022;Public Utilities :  Number of Transactions
Monthly;2022;JAN;;Public Utilities;Sales;310766.203099997;2022-01-01;JAN 2022;Public Utilities :  Sales
Monthly;2022;AUG;;Public Utilities;Sales;428568.619729993;2022-08-01;AUG 2022;Public Utilities :  Sales
Monthly;2022;SEP;;Public Utilities;Sales;416978.673769996;2022-09-01;SEP 2022;Public Utilities :  Sales
Monthly;2022;DEC;;Public Utilities;Sales;391614.921399996;2022-12-01;DEC 2022;Public Utilities :  Sales
Monthly;2022;JAN;;Others;Number of Transactions;112124.978;2022-01-01;JAN 2022;Others :  Number of Transactions
Monthly;2022;MAY;;Others;Number of Transactions;120858.294;2022-05-01;MAY 2022;Others :  Number of Transactions
Monthly;2022;FEB;;Others;Sales;8078356.11387072;2022-02-01;FEB 2022;Others :  Sales
Monthly;2022;MAR;;Others;Sales;10769036.773;2022-03-01;MAR 2022;Others :  Sales
Monthly;2022;JUN;;Others;Sales;9772542.49014067;2022-06-01;JUN 2022;Others :  Sales
Monthly;2022;JAN;;Total;Number of Transactions;535675.817;2022-01-01;JAN 2022;Total :  Number of Transactions
Monthly;2022;OCT;;Total;Number of Transactions;669108.839;2022-10-01;OCT 2022;Total :  Number of Transactions
Monthly;2022;MAR;;Total;Sales;50997064.379;2022-03-01;MAR 2022;Total :  Sales
Annually;2021;;;Transportation;Number of Transactions;70818.925;2021-01-01;2021;Transportation :  Number of Transactions
Annually;2021;;;Health;Sales;35384736.7452799;2021-01-01;2021;Health :  Sales
Annually;2021;;;Restaurants & Café;Sales;62647545.8259728;2021-01-01;2021;Restaurants & Café :  Sales
Annually;2021;;;Hotels;Number of Transactions;25242.057;2021-01-01;2021;Hotels :  Number of Transactions
Annually;2021;;;Clothing and Footwear;Number of Transactions;220194.417;2021-01-01;2021;Clothing and Footwear :  Number of Transactions
Annually;2021;;;Clothing and Footwear;Sales;38129632.015333;2021-01-01;2021;Clothing and Footwear :  Sales
Annually;2021;;;Electronic & Electric Devices;Sales;14700306.9350398;2021-01-01;2021;Electronic & Electric Devices :  Sales
Annually;2021;;;Construction & Building Materials;Sales;19020449.2337696;2021-01-01;2021;Construction & Building Materials :  Sales
Annually;2021;;;Telecommunication;Number of Transactions;19483.378;2021-01-01;2021;Telecommunication :  Number of Transactions
Annually;2021;;;Telecommunication;Sales;5002676.10304998;2021-01-01;2021;Telecommunication :  Sales
Annually;2021;;;Total;Number of Transactions;5171154.926;2021-01-01;2021;Total :  Number of Transactions
Annually;2021;;;Total;Sales;473258165.579639;2021-01-01;2021;Total :  Sales
Quarterly;2021;;Q2;Transportation;Sales;6363412.26679994;2021-04-01;Q2 2021;Transportation :  Sales
Quarterly;2021;;Q1;Health;Sales;8485425.53293998;2021-01-01;Q1 2021;Health :  Sales
Quarterly;2021;;Q4;Hotels;Number of Transactions;6876.811;2021-10-01;Q4 2021;Hotels :  Number of Transactions
Quarterly;2021;;Q4;Beverage and Food;Sales;18772057.2222796;2021-10-01;Q4 2021;Beverage and Food :  Sales
Quarterly;2021;;Q2;Clothing and Footwear;Number of Transactions;63201.441;2021-04-01;Q2 2021;Clothing and Footwear :  Number of Transactions
Quarterly;2021;;Q4;Clothing and Footwear;Number of Transactions;57534.869;2021-10-01;Q4 2021;Clothing and Footwear :  Number of Transactions
Quarterly;2021;;Q1;Clothing and Footwear;Sales;8175885.69341049;2021-01-01;Q1 2021;Clothing and Footwear :  Sales
Quarterly;2021;;Q3;Clothing and Footwear;Sales;8630564.23713057;2021-07-01;Q3 2021;Clothing and Footwear :  Sales
Quarterly;2021;;Q1;Recreation and Culture;Number of Transactions;19377.27;2021-01-01;Q1 2021;Recreation and Culture :  Number of Transactions
Quarterly;2021;;Q1;Recreation and Culture;Sales;3651260.05681997;2021-01-01;Q1 2021;Recreation and Culture :  Sales
Quarterly;2021;;Q1;Electronic & Electric Devices;Sales;3894465.98311995;2021-01-01;Q1 2021;Electronic & Electric Devices :  Sales
Quarterly;2021;;Q4;Electronic & Electric Devices;Sales;3688682.31676995;2021-10-01;Q4 2021;Electronic & Electric Devices :  Sales
Quarterly;2021;;Q1;Furniture;Number of Transactions;10601.305;2021-01-01;Q1 2021;Furniture :  Number of Transactions
Quarterly;2021;;Q3;Furniture;Sales;4071456.09201995;2021-07-01;Q3 2021;Furniture :  Sales
Quarterly;2021;;Q1;Construction & Building Materials;Number of Transactions;10486.07;2021-01-01;Q1 2021;Construction & Building Materials :  Number of Transactions
Quarterly;2021;;Q2;Construction & Building Materials;Number of Transactions;10719.261;2021-04-01;Q2 2021;Construction & Building Materials :  Number of Transactions
Quarterly;2021;;Q3;Construction & Building Materials;Sales;4335207.21322993;2021-07-01;Q3 2021;Construction & Building Materials :  Sales
Quarterly;2021;;Q1;Jewelry;Sales;3444833.21348995;2021-01-01;Q1 2021;Jewelry :  Sales
Quarterly;2021;;Q3;Jewelry;Sales;2772492.63230998;2021-07-01;Q3 2021;Jewelry :  Sales
Quarterly;2021;;Q1;Telecommunication;Number of Transactions;4113.523;2021-01-01;Q1 2021;Telecommunication :  Number of Transactions
Quarterly;2021;;Q4;Telecommunication;Sales;1297054.19664999;2021-10-01;Q4 2021;Telecommunication :  Sales
Quarterly;2021;;Q2;Others;Number of Transactions;253140.382;2021-04-01;Q2 2021;Others :  Number of Transactions
Quarterly;2021;;Q2;Others;Sales;22846929.2038996;2021-04-01;Q2 2021;Others :  Sales
Quarterly;2021;;Q1;Total;Sales;109165265.83618;2021-01-01;Q1 2021;Total :  Sales
Quarterly;2021;;Q3;Total;Sales;119821617.522626;2021-07-01;Q3 2021;Total :  Sales
Quarterly;2021;;Q4;Total;Sales;126123010.680319;2021-10-01;Q4 2021;Total :  Sales
Monthly;2021;MAR;;Transportation;Number of Transactions;5406.659;2021-03-01;MAR 2021;Transportation :  Number of Transactions
Monthly;2021;SEP;;Transportation;Number of Transactions;6447.636;2021-09-01;SEP 2021;Transportation :  Number of Transactions
Monthly;2021;DEC;;Transportation;Number of Transactions;7224.303;2021-12-01;DEC 2021;Transportation :  Number of Transactions
Monthly;2021;AUG;;Transportation;Sales;2354779.42015997;2021-08-01;AUG 2021;Transportation :  Sales
Monthly;2021;NOV;;Transportation;Sales;2308939.52862997;2021-11-01;NOV 2021;Transportation :  Sales
Monthly;2021;JAN;;Health;Number of Transactions;22945.293;2021-01-01;JAN 2021;Health :  Number of Transactions
Monthly;2021;AUG;;Health;Number of Transactions;25430.667;2021-08-01;AUG 2021;Health :  Number of Transactions
Monthly;2021;DEC;;Health;Number of Transactions;27649.422;2021-12-01;DEC 2021;Health :  Number of Transactions
Monthly;2021;APR;;Health;Sales;2736298.394;2021-04-01;APR 2021;Health :  Sales
Monthly;2021;MAY;;Health;Sales;2865575.11555001;2021-05-01;MAY 2021;Health :  Sales
Monthly;2021;JUL;;Health;Sales;2856659.87037999;2021-07-01;JUL 2021;Health :  Sales
Monthly;2021;SEP;;Health;Sales;3139635.204;2021-09-01;SEP 2021;Health :  Sales
Monthly;2021;NOV;;Health;Sales;2950826.30962;2021-11-01;NOV 2021;Health :  Sales
Monthly;2021;AUG;;Restaurants & Café;Number of Transactions;131073.286;2021-08-01;AUG 2021;Restaurants & Café :  Number of Transactions
Monthly;2021;MAR;;Restaurants & Café;Sales;4880313.83033113;2021-03-01;MAR 2021;Restaurants & Café :  Sales
Monthly;2021;NOV;;Restaurants & Café;Sales;5810502.18070156;2021-11-01;NOV 2021;Restaurants & Café :  Sales
Monthly;2021;SEP;;Hotels;Number of Transactions;2093.915;2021-09-01;SEP 2021;Hotels :  Number of Transactions
Monthly;2021;JUN;;Hotels;Sales;828118.194209991;2021-06-01;JUN 2021;Hotels :  Sales
Monthly;2021;JAN;;Beverage and Food;Number of Transactions;89737.505;2021-01-01;JAN 2021;Beverage and Food :  Number of Transactions
Monthly;2021;JUN;;Beverage and Food;Number of Transactions;108717.4;2021-06-01;JUN 2021;Beverage and Food :  Number of Transactions
Monthly;2021;MAY;;Beverage and Food;Sales;5859475.37732046;2021-05-01;MAY 2021;Beverage and Food :  Sales
Monthly;2021;JUN;;Beverage and Food;Sales;5884296.89465052;2021-06-01;JUN 2021;Beverage and Food :  Sales
Monthly;2021;JUL;;Beverage and Food;Sales;6020379.49848052;2021-07-01;JUL 2021;Beverage and Food :  Sales
Monthly;2021;FEB;;Clothing and Footwear;Number of Transactions;11256.463;2021-02-01;FEB 2021;Clothing and Footwear :  Number of Transactions
Monthly;2021;APR;;Clothing and Footwear;Number of Transactions;21986.903;2021-04-01;APR 2021;Clothing and Footwear :  Number of Transactions
Monthly;2021;OCT;;Clothing and Footwear;Number of Transactions;16866.943;2021-10-01;OCT 2021;Clothing and Footwear :  Number of Transactions
Monthly;2021;FEB;;Clothing and Footwear;Sales;1963550.90743988;2021-02-01;FEB 2021;Clothing and Footwear :  Sales
Monthly;2021;APR;;Clothing and Footwear;Sales;4259559.912;2021-04-01;APR 2021;Clothing and Footwear :  Sales
Monthly;2021;SEP;;Clothing and Footwear;Sales;2596685.341;2021-09-01;SEP 2021;Clothing and Footwear :  Sales
Monthly;2021;NOV;;Clothing and Footwear;Sales;3404110.90975043;2021-11-01;NOV 2021;Clothing and Footwear :  Sales
Monthly;2021;MAY;;Recreation and Culture;Number of Transactions;7169.523;2021-05-01;MAY 2021;Recreation and Culture :  Number of Transactions
Monthly;2021;DEC;;Recreation and Culture;Number of Transactions;8637.131;2021-12-01;DEC 2021;Recreation and Culture :  Number of Transactions
Monthly;2021;FEB;;Recreation and Culture;Sales;1069786.79946999;2021-02-01;FEB 2021;Recreation and Culture :  Sales
Monthly;2021;APR;;Recreation and Culture;Sales;1122738.952;2021-04-01;APR 2021;Recreation and Culture :  Sales
Monthly;2021;JUN;;Recreation and Culture;Sales;1025058.71830999;2021-06-01;JUN 2021;Recreation and Culture :  Sales
Monthly;2021;SEP;;Recreation and Culture;Sales;1206046.991;2021-09-01;SEP 2021;Recreation and Culture :  Sales
Monthly;2021;OCT;;Recreation and Culture;Sales;1188736.87269;2021-10-01;OCT 2021;Recreation and Culture :  Sales
Monthly;2021;SEP;;Miscellaneous Goods and Services;Sales;3901750.623;2021-09-01;SEP 2021;Miscellaneous Goods and Services :  Sales
Monthly;2021;MAY;;Electronic & Electric Devices;Number of Transactions;2810.706;2021-05-01;MAY 2021;Electronic & Electric Devices :  Number of Transactions
Monthly;2021;JUN;;Electronic & Electric Devices;Number of Transactions;2885.081;2021-06-01;JUN 2021;Electronic & Electric Devices :  Number of Transactions
Monthly;2021;NOV;;Electronic & Electric Devices;Number of Transactions;3261.822;2021-11-01;NOV 2021;Electronic & Electric Devices :  Number of Transactions
Monthly;2021;OCT;;Furniture;Number of Transactions;3804.737;2021-10-01;OCT 2021;Furniture :  Number of Transactions
Monthly;2021;SEP;;Furniture;Sales;1540192.455;2021-09-01;SEP 2021;Furniture :  Sales
Monthly;2021;DEC;;Furniture;Sales;1645619.84616997;2021-12-01;DEC 2021;Furniture :  Sales
Monthly;2021;JAN;;Construction & Building Materials;Number of Transactions;3393.557;2021-01-01;JAN 2021;Construction & Building Materials :  Number of Transactions
Monthly;2021;AUG;;Construction & Building Materials;Number of Transactions;3825.614;2021-08-01;AUG 2021;Construction & Building Materials :  Number of Transactions
Monthly;2021;DEC;;Construction & Building Materials;Sales;1722663.50018995;2021-12-01;DEC 2021;Construction & Building Materials :  Sales
Monthly;2021;AUG;;Jewelry;Number of Transactions;837.97;2021-08-01;AUG 2021;Jewelry :  Number of Transactions
Monthly;2021;APR;;Jewelry;Sales;1255788.706;2021-04-01;APR 2021;Jewelry :  Sales
Monthly;2021;JUL;;Jewelry;Sales;1028379.81356999;2021-07-01;JUL 2021;Jewelry :  Sales
Monthly;2021;AUG;;Jewelry;Sales;896099.531739988;2021-08-01;AUG 2021;Jewelry :  Sales
Monthly;2021;JAN;;Telecommunication;Sales;328154.75831;2021-01-01;JAN 2021;Telecommunication :  Sales
Monthly;2021;APR;;Education;Number of Transactions;200.039;2021-04-01;APR 2021;Education :  Number of Transactions
Monthly;2021;JUL;;Education;Number of Transactions;172.442;2021-07-01;JUL 2021;Education :  Number of Transactions
Monthly;2021;AUG;;Education;Number of Transactions;458.142;2021-08-01;AUG 2021;Education :  Number of Transactions
Monthly;2021;MAR;;Education;Sales;410436.461749999;2021-03-01;MAR 2021;Education :  Sales
Monthly;2021;APR;;Education;Sales;381375.086;2021-04-01;APR 2021;Education :  Sales
Monthly;2021;NOV;;Education;Sales;363488.285929998;2021-11-01;NOV 2021;Education :  Sales
Monthly;2021;MAY;;Public Utilities;Number of Transactions;3286.966;2021-05-01;MAY 2021;Public Utilities :  Number of Transactions
Monthly;2021;JUN;;Public Utilities;Number of Transactions;3657.443;2021-06-01;JUN 2021;Public Utilities :  Number of Transactions
Monthly;2021;JUL;;Public Utilities;Number of Transactions;3766.241;2021-07-01;JUL 2021;Public Utilities :  Number of Transactions
Monthly;2021;AUG;;Public Utilities;Number of Transactions;4019.038;2021-08-01;AUG 2021;Public Utilities :  Number of Transactions
Monthly;2021;OCT;;Public Utilities;Number of Transactions;4126.108;2021-10-01;OCT 2021;Public Utilities :  Number of Transactions
Monthly;2021;FEB;;Public Utilities;Sales;285368.5222;2021-02-01;FEB 2021;Public Utilities :  Sales
Monthly;2021;JUN;;Public Utilities;Sales;364087.478059998;2021-06-01;JUN 2021;Public Utilities :  Sales
Monthly;2021;DEC;;Public Utilities;Sales;313213.493969998;2021-12-01;DEC 2021;Public Utilities :  Sales
Monthly;2021;MAR;;Others;Number of Transactions;80821.779;2021-03-01;MAR 2021;Others :  Number of Transactions
Monthly;2021;MAY;;Others;Number of Transactions;85530.341;2021-05-01;MAY 2021;Others :  Number of Transactions
Monthly;2021;FEB;;Others;Sales;5722222.24320503;2021-02-01;FEB 2021;Others :  Sales
Monthly;2021;APR;;Others;Sales;7677115.081;2021-04-01;APR 2021;Others :  Sales
Annually;2021;;;Recreation and Culture;Number of Transactions;86916.213;2021-01-01;2021;Recreation and Culture :  Number of Transactions
Annually;2021;;;Recreation and Culture;Sales;14114174.9742899;2021-01-01;2021;Recreation and Culture :  Sales
Annually;2021;;;Electronic & Electric Devices;Number of Transactions;36305.793;2021-01-01;2021;Electronic & Electric Devices :  Number of Transactions
Annually;2021;;;Furniture;Sales;17274912.1725197;2021-01-01;2021;Furniture :  Sales
Annually;2021;;;Jewelry;Sales;12918676.1152099;2021-01-01;2021;Jewelry :  Sales
Annually;2021;;;Public Utilities;Number of Transactions;41655.407;2021-01-01;2021;Public Utilities :  Number of Transactions
Annually;2021;;;Public Utilities;Sales;4074405.58899998;2021-01-01;2021;Public Utilities :  Sales
Annually;2021;;;Others;Number of Transactions;1075467.868;2021-01-01;2021;Others :  Number of Transactions
Quarterly;2021;;Q1;Transportation;Number of Transactions;14478.176;2021-01-01;Q1 2021;Transportation :  Number of Transactions
Quarterly;2021;;Q2;Transportation;Number of Transactions;16357.835;2021-04-01;Q2 2021;Transportation :  Number of Transactions
Quarterly;2021;;Q2;Health;Sales;8755253.03003999;2021-04-01;Q2 2021;Health :  Sales
Quarterly;2021;;Q2;Restaurants & Café;Sales;14619351.3762623;2021-04-01;Q2 2021;Restaurants & Café :  Sales
Quarterly;2021;;Q4;Restaurants & Café;Sales;17850202.6431451;2021-10-01;Q4 2021;Restaurants & Café :  Sales
Quarterly;2021;;Q1;Hotels;Sales;1993857.44743997;2021-01-01;Q1 2021;Hotels :  Sales
Quarterly;2021;;Q1;Beverage and Food;Sales;17379487.0067315;2021-01-01;Q1 2021;Beverage and Food :  Sales
Quarterly;2021;;Q3;Beverage and Food;Sales;18272464.7062412;2021-07-01;Q3 2021;Beverage and Food :  Sales
Quarterly;2021;;Q2;Clothing and Footwear;Sales;11481127.6691008;2021-04-01;Q2 2021;Clothing and Footwear :  Sales
Quarterly;2021;;Q3;Recreation and Culture;Number of Transactions;22997.809;2021-07-01;Q3 2021;Recreation and Culture :  Number of Transactions
Quarterly;2021;;Q2;Recreation and Culture;Sales;3424997.75532998;2021-04-01;Q2 2021;Recreation and Culture :  Sales
Quarterly;2021;;Q3;Recreation and Culture;Sales;3442259.75932998;2021-07-01;Q3 2021;Recreation and Culture :  Sales
Quarterly;2021;;Q4;Recreation and Culture;Sales;3595657.40280998;2021-10-01;Q4 2021;Recreation and Culture :  Sales
Quarterly;2021;;Q2;Miscellaneous Goods and Services;Sales;10439338.4912;2021-04-01;Q2 2021;Miscellaneous Goods and Services :  Sales
Quarterly;2021;;Q1;Electronic & Electric Devices;Number of Transactions;8763.809;2021-01-01;Q1 2021;Electronic & Electric Devices :  Number of Transactions
Quarterly;2021;;Q4;Electronic & Electric Devices;Number of Transactions;9760.399;2021-10-01;Q4 2021;Electronic & Electric Devices :  Number of Transactions
Quarterly;2021;;Q3;Electronic & Electric Devices;Sales;3541411.20522997;2021-07-01;Q3 2021;Electronic & Electric Devices :  Sales
Quarterly;2021;;Q1;Furniture;Sales;4469569.28139991;2021-01-01;Q1 2021;Furniture :  Sales
Quarterly;2021;;Q4;Construction & Building Materials;Sales;4981517.48210986;2021-10-01;Q4 2021;Construction & Building Materials :  Sales
Quarterly;2021;;Q3;Jewelry;Number of Transactions;2646.079;2021-07-01;Q3 2021;Jewelry :  Number of Transactions
Quarterly;2021;;Q4;Jewelry;Sales;2738224.28951996;2021-10-01;Q4 2021;Jewelry :  Sales
Quarterly;2021;;Q1;Education;Number of Transactions;731.631;2021-01-01;Q1 2021;Education :  Number of Transactions
Quarterly;2021;;Q4;Education;Number of Transactions;1302.796;2021-10-01;Q4 2021;Education :  Number of Transactions
Quarterly;2021;;Q1;Education;Sales;1744874.29120999;2021-01-01;Q1 2021;Education :  Sales
Quarterly;2021;;Q3;Public Utilities;Number of Transactions;11767.566;2021-07-01;Q3 2021;Public Utilities :  Number of Transactions
Quarterly;2021;;Q1;Others;Number of Transactions;215487.777;2021-01-01;Q1 2021;Others :  Number of Transactions
Quarterly;2021;;Q3;Others;Number of Transactions;291012.886;2021-07-01;Q3 2021;Others :  Number of Transactions
Quarterly;2021;;Q1;Others;Sales;19865663.321966;2021-01-01;Q1 2021;Others :  Sales
Quarterly;2021;;Q2;Total;Sales;118148271.540513;2021-04-01;Q2 2021;Total :  Sales
Monthly;2021;MAY;;Transportation;Number of Transactions;5429.624;2021-05-01;MAY 2021;Transportation :  Number of Transactions
Monthly;2021;JUL;;Transportation;Number of Transactions;5996.572;2021-07-01;JUL 2021;Transportation :  Number of Transactions
Monthly;2021;MAR;;Transportation;Sales;2127864.42155998;2021-03-01;MAR 2021;Transportation :  Sales
Monthly;2021;JUL;;Transportation;Sales;2073718.31555997;2021-07-01;JUL 2021;Transportation :  Sales
Monthly;2021;DEC;;Transportation;Sales;2315447.11447997;2021-12-01;DEC 2021;Transportation :  Sales
Monthly;2021;MAR;;Health;Number of Transactions;23742.499;2021-03-01;MAR 2021;Health :  Number of Transactions
Monthly;2021;JUN;;Health;Number of Transactions;24430.716;2021-06-01;JUN 2021;Health :  Number of Transactions
Monthly;2021;DEC;;Restaurants & Café;Number of Transactions;152995.89;2021-12-01;DEC 2021;Restaurants & Café :  Number of Transactions
Monthly;2021;APR;;Restaurants & Café;Sales;4038278.614;2021-04-01;APR 2021;Restaurants & Café :  Sales
Monthly;2021;AUG;;Restaurants & Café;Sales;5458305.47042155;2021-08-01;AUG 2021;Restaurants & Café :  Sales
Monthly;2021;MAR;;Hotels;Number of Transactions;1844.112;2021-03-01;MAR 2021;Hotels :  Number of Transactions
Monthly;2021;AUG;;Hotels;Number of Transactions;2466.972;2021-08-01;AUG 2021;Hotels :  Number of Transactions
Monthly;2021;DEC;;Hotels;Number of Transactions;2320.281;2021-12-01;DEC 2021;Hotels :  Number of Transactions
Monthly;2021;MAY;;Beverage and Food;Number of Transactions;101188.559;2021-05-01;MAY 2021;Beverage and Food :  Number of Transactions
Monthly;2021;SEP;;Beverage and Food;Number of Transactions;115497.422;2021-09-01;SEP 2021;Beverage and Food :  Number of Transactions
Monthly;2021;OCT;;Beverage and Food;Number of Transactions;120809.458;2021-10-01;OCT 2021;Beverage and Food :  Number of Transactions
Monthly;2021;DEC;;Beverage and Food;Number of Transactions;122327.598;2021-12-01;DEC 2021;Beverage and Food :  Number of Transactions
Monthly;2021;JAN;;Clothing and Footwear;Number of Transactions;16992.672;2021-01-01;JAN 2021;Clothing and Footwear :  Number of Transactions
Monthly;2021;MAY;;Clothing and Footwear;Number of Transactions;25368.601;2021-05-01;MAY 2021;Clothing and Footwear :  Number of Transactions
Monthly;2021;SEP;;Clothing and Footwear;Number of Transactions;16433.155;2021-09-01;SEP 2021;Clothing and Footwear :  Number of Transactions
Monthly;2021;JAN;;Clothing and Footwear;Sales;2910063.36436023;2021-01-01;JAN 2021;Clothing and Footwear :  Sales
Monthly;2021;MAY;;Clothing and Footwear;Sales;4499756.14480069;2021-05-01;MAY 2021;Clothing and Footwear :  Sales
Monthly;2021;MAR;;Recreation and Culture;Number of Transactions;6920.083;2021-03-01;MAR 2021;Recreation and Culture :  Number of Transactions
Monthly;2021;APR;;Recreation and Culture;Number of Transactions;6449.845;2021-04-01;APR 2021;Recreation and Culture :  Number of Transactions
Monthly;2021;JUL;;Recreation and Culture;Number of Transactions;6588.971;2021-07-01;JUL 2021;Recreation and Culture :  Number of Transactions
Monthly;2021;AUG;;Recreation and Culture;Number of Transactions;7597.594;2021-08-01;AUG 2021;Recreation and Culture :  Number of Transactions
Monthly;2021;JAN;;Recreation and Culture;Sales;1356784.85222999;2021-01-01;JAN 2021;Recreation and Culture :  Sales
Monthly;2021;JUL;;Recreation and Culture;Sales;1027051.32499999;2021-07-01;JUL 2021;Recreation and Culture :  Sales
Monthly;2021;DEC;;Recreation and Culture;Sales;1287724.38856999;2021-12-01;DEC 2021;Recreation and Culture :  Sales
Monthly;2021;JAN;;Miscellaneous Goods and Services;Number of Transactions;22753.028;2021-01-01;JAN 2021;Miscellaneous Goods and Services :  Number of Transactions
Monthly;2021;FEB;;Miscellaneous Goods and Services;Number of Transactions;21308.077;2021-02-01;FEB 2021;Miscellaneous Goods and Services :  Number of Transactions
Monthly;2021;MAY;;Miscellaneous Goods and Services;Number of Transactions;34198.138;2021-05-01;MAY 2021;Miscellaneous Goods and Services :  Number of Transactions
Monthly;2021;SEP;;Miscellaneous Goods and Services;Number of Transactions;44596.282;2021-09-01;SEP 2021;Miscellaneous Goods and Services :  Number of Transactions
Monthly;2021;DEC;;Miscellaneous Goods and Services;Number of Transactions;54644.646;2021-12-01;DEC 2021;Miscellaneous Goods and Services :  Number of Transactions
Monthly;2021;JAN;;Miscellaneous Goods and Services;Sales;3077263.85903992;2021-01-01;JAN 2021;Miscellaneous Goods and Services :  Sales
Monthly;2021;MAR;;Electronic & Electric Devices;Number of Transactions;3192.328;2021-03-01;MAR 2021;Electronic & Electric Devices :  Number of Transactions
Monthly;2021;DEC;;Electronic & Electric Devices;Number of Transactions;3279.61;2021-12-01;DEC 2021;Electronic & Electric Devices :  Number of Transactions
Monthly;2021;JUL;;Electronic & Electric Devices;Sales;1091501.44302999;2021-07-01;JUL 2021;Electronic & Electric Devices :  Sales
Monthly;2021;SEP;;Electronic & Electric Devices;Sales;1220401.381;2021-09-01;SEP 2021;Electronic & Electric Devices :  Sales
Monthly;2021;JAN;;Furniture;Number of Transactions;3500.601;2021-01-01;JAN 2021;Furniture :  Number of Transactions
Monthly;2021;MAR;;Furniture;Number of Transactions;4203.287;2021-03-01;MAR 2021;Furniture :  Number of Transactions
Monthly;2021;DEC;;Furniture;Number of Transactions;4379.501;2021-12-01;DEC 2021;Furniture :  Number of Transactions
Monthly;2021;MAR;;Furniture;Sales;1790787.58504996;2021-03-01;MAR 2021;Furniture :  Sales
Monthly;2021;MAY;;Furniture;Sales;1319863.82497997;2021-05-01;MAY 2021;Furniture :  Sales
Monthly;2021;OCT;;Furniture;Sales;1308427.35218998;2021-10-01;OCT 2021;Furniture :  Sales
Monthly;2021;MAR;;Construction & Building Materials;Number of Transactions;3953.996;2021-03-01;MAR 2021;Construction & Building Materials :  Number of Transactions
Monthly;2021;JAN;;Construction & Building Materials;Sales;1687722.44299997;2021-01-01;JAN 2021;Construction & Building Materials :  Sales
Monthly;2021;AUG;;Construction & Building Materials;Sales;1488725.63720996;2021-08-01;AUG 2021;Construction & Building Materials :  Sales
Monthly;2021;SEP;;Construction & Building Materials;Sales;1520935.1;2021-09-01;SEP 2021;Construction & Building Materials :  Sales
Monthly;2021;JAN;;Jewelry;Number of Transactions;842.849;2021-01-01;JAN 2021;Jewelry :  Number of Transactions
Monthly;2021;DEC;;Jewelry;Number of Transactions;858.178;2021-12-01;DEC 2021;Jewelry :  Number of Transactions
Monthly;2021;OCT;;Jewelry;Sales;883137.662179988;2021-10-01;OCT 2021;Jewelry :  Sales
Monthly;2021;MAR;;Telecommunication;Number of Transactions;1568.491;2021-03-01;MAR 2021;Telecommunication :  Number of Transactions
Monthly;2021;AUG;;Telecommunication;Number of Transactions;1815.479;2021-08-01;AUG 2021;Telecommunication :  Number of Transactions
Monthly;2021;MAY;;Telecommunication;Sales;469860.27031999;2021-05-01;MAY 2021;Telecommunication :  Sales
Monthly;2021;JUN;;Telecommunication;Sales;423334.314809999;2021-06-01;JUN 2021;Telecommunication :  Sales
Monthly;2021;AUG;;Telecommunication;Sales;451407.68504;2021-08-01;AUG 2021;Telecommunication :  Sales
Monthly;2021;DEC;;Telecommunication;Sales;439899.461599995;2021-12-01;DEC 2021;Telecommunication :  Sales
Monthly;2021;MAR;;Education;Number of Transactions;235.638;2021-03-01;MAR 2021;Education :  Number of Transactions
Monthly;2021;JUN;;Education;Number of Transactions;217.334;2021-06-01;JUN 2021;Education :  Number of Transactions
Monthly;2021;OCT;;Education;Number of Transactions;434.616;2021-10-01;OCT 2021;Education :  Number of Transactions
Monthly;2021;NOV;;Education;Number of Transactions;426.405;2021-11-01;NOV 2021;Education :  Number of Transactions
Monthly;2021;MAY;;Education;Sales;272336.05563;2021-05-01;MAY 2021;Education :  Sales
Monthly;2021;SEP;;Education;Sales;728702.53;2021-09-01;SEP 2021;Education :  Sales
Monthly;2021;DEC;;Education;Sales;652083.952869995;2021-12-01;DEC 2021;Education :  Sales
Monthly;2021;JAN;;Public Utilities;Sales;301858.089269999;2021-01-01;JAN 2021;Public Utilities :  Sales
Monthly;2021;JUL;;Public Utilities;Sales;348391.605869999;2021-07-01;JUL 2021;Public Utilities :  Sales
Monthly;2021;APR;;Others;Number of Transactions;79817.065;2021-04-01;APR 2021;Others :  Number of Transactions
Monthly;2021;JAN;;Others;Sales;6378652.36444071;2021-01-01;JAN 2021;Others :  Sales
Monthly;2021;JUN;;Others;Sales;7501338.03074341;2021-06-01;JUN 2021;Others :  Sales
Monthly;2021;AUG;;Others;Sales;8025347.24427473;2021-08-01;AUG 2021;Others :  Sales
Monthly;2021;JAN;;Total;Number of Transactions;355954.432;2021-01-01;JAN 2021;Total :  Number of Transactions
Monthly;2021;AUG;;Total;Number of Transactions;465810.703;2021-08-01;AUG 2021;Total :  Number of Transactions
Monthly;2021;APR;;Total;Sales;39172987.077;2021-04-01;APR 2021;Total :  Sales
Monthly;2021;OCT;;Total;Sales;40466970.1540478;2021-10-01;OCT 2021;Total :  Sales
Monthly;2021;DEC;;Total;Sales;44373136.3948383;2021-12-01;DEC 2021;Total :  Sales
Annually;2021;;;Restaurants & Café;Number of Transactions;1448057.009;2021-01-01;2021;Restaurants & Café :  Number of Transactions
Annually;2021;;;Miscellaneous Goods and Services;Number of Transactions;456125.737;2021-01-01;2021;Miscellaneous Goods and Services :  Number of Transactions
Annually;2021;;;Furniture;Number of Transactions;45439.682;2021-01-01;2021;Furniture :  Number of Transactions
Annually;2021;;;Jewelry;Number of Transactions;11086.078;2021-01-01;2021;Jewelry :  Number of Transactions
Annually;2021;;;Education;Sales;6488401.25862998;2021-01-01;2021;Education :  Sales
Quarterly;2021;;Q3;Transportation;Number of Transactions;18935.566;2021-07-01;Q3 2021;Transportation :  Number of Transactions
Quarterly;2021;;Q4;Transportation;Sales;6848428.09496991;2021-10-01;Q4 2021;Transportation :  Sales
Quarterly;2021;;Q1;Health;Number of Transactions;66461.019;2021-01-01;Q1 2021;Health :  Number of Transactions
Quarterly;2021;;Q2;Health;Number of Transactions;70712.754;2021-04-01;Q2 2021;Health :  Number of Transactions
Quarterly;2021;;Q3;Health;Number of Transactions;74781.717;2021-07-01;Q3 2021;Health :  Number of Transactions
Quarterly;2021;;Q4;Health;Number of Transactions;80255.666;2021-10-01;Q4 2021;Health :  Number of Transactions
Quarterly;2021;;Q1;Restaurants & Café;Number of Transactions;302133.655;2021-01-01;Q1 2021;Restaurants & Café :  Number of Transactions
Quarterly;2021;;Q1;Restaurants & Café;Sales;13702851.1126627;2021-01-01;Q1 2021;Restaurants & Café :  Sales
Quarterly;2021;;Q3;Restaurants & Café;Sales;16475140.6939028;2021-07-01;Q3 2021;Restaurants & Café :  Sales
Quarterly;2021;;Q2;Hotels;Sales;2240555.69777998;2021-04-01;Q2 2021;Hotels :  Sales
Quarterly;2021;;Q4;Beverage and Food;Number of Transactions;359712.726;2021-10-01;Q4 2021;Beverage and Food :  Number of Transactions
Quarterly;2021;;Q2;Beverage and Food;Sales;18389884.745971;2021-04-01;Q2 2021;Beverage and Food :  Sales
Quarterly;2021;;Q1;Clothing and Footwear;Number of Transactions;45970.385;2021-01-01;Q1 2021;Clothing and Footwear :  Number of Transactions
Quarterly;2021;;Q4;Clothing and Footwear;Sales;9842054.41569111;2021-10-01;Q4 2021;Clothing and Footwear :  Sales
Quarterly;2021;;Q2;Miscellaneous Goods and Services;Number of Transactions;100575.372;2021-04-01;Q2 2021;Miscellaneous Goods and Services :  Number of Transactions
Quarterly;2021;;Q1;Miscellaneous Goods and Services;Sales;9300600.22900982;2021-01-01;Q1 2021;Miscellaneous Goods and Services :  Sales
Quarterly;2021;;Q2;Electronic & Electric Devices;Number of Transactions;8669.731;2021-04-01;Q2 2021;Electronic & Electric Devices :  Number of Transactions
Quarterly;2021;;Q3;Electronic & Electric Devices;Number of Transactions;9111.854;2021-07-01;Q3 2021;Electronic & Electric Devices :  Number of Transactions
Quarterly;2021;;Q4;Furniture;Number of Transactions;12200.38;2021-10-01;Q4 2021;Furniture :  Number of Transactions
Quarterly;2021;;Q3;Construction & Building Materials;Number of Transactions;11262.192;2021-07-01;Q3 2021;Construction & Building Materials :  Number of Transactions
Quarterly;2021;;Q4;Construction & Building Materials;Number of Transactions;13345.979;2021-10-01;Q4 2021;Construction & Building Materials :  Number of Transactions
Quarterly;2021;;Q1;Construction & Building Materials;Sales;5259006.17531988;2021-01-01;Q1 2021;Construction & Building Materials :  Sales
Quarterly;2021;;Q2;Construction & Building Materials;Sales;4444718.36310994;2021-04-01;Q2 2021;Construction & Building Materials :  Sales
Quarterly;2021;;Q3;Education;Number of Transactions;1130.64;2021-07-01;Q3 2021;Education :  Number of Transactions
Quarterly;2021;;Q2;Education;Sales;893436.86299;2021-04-01;Q2 2021;Education :  Sales
Quarterly;2021;;Q3;Education;Sales;2492765.61181999;2021-07-01;Q3 2021;Education :  Sales
Quarterly;2021;;Q2;Public Utilities;Number of Transactions;10133.002;2021-04-01;Q2 2021;Public Utilities :  Number of Transactions
Quarterly;2021;;Q2;Public Utilities;Sales;1026712.57837;2021-04-01;Q2 2021;Public Utilities :  Sales
Quarterly;2021;;Q3;Public Utilities;Sales;1100913.0289;2021-07-01;Q3 2021;Public Utilities :  Sales
Quarterly;2021;;Q4;Public Utilities;Sales;991740.211259994;2021-10-01;Q4 2021;Public Utilities :  Sales
Quarterly;2021;;Q4;Others;Sales;25712882.9870797;2021-10-01;Q4 2021;Others :  Sales
Quarterly;2021;;Q2;Total;Number of Transactions;1205841.39;2021-04-01;Q2 2021;Total :  Number of Transactions
Monthly;2021;JAN;;Transportation;Number of Transactions;4740.931;2021-01-01;JAN 2021;Transportation :  Number of Transactions
Monthly;2021;FEB;;Transportation;Number of Transactions;4330.586;2021-02-01;FEB 2021;Transportation :  Number of Transactions
Monthly;2021;JUN;;Transportation;Number of Transactions;5935.958;2021-06-01;JUN 2021;Transportation :  Number of Transactions
Monthly;2021;AUG;;Transportation;Number of Transactions;6491.358;2021-08-01;AUG 2021;Transportation :  Number of Transactions
Monthly;2021;MAY;;Transportation;Sales;2040482.64735997;2021-05-01;MAY 2021;Transportation :  Sales
Monthly;2021;JUN;;Transportation;Sales;2335153.81143997;2021-06-01;JUN 2021;Transportation :  Sales
Monthly;2021;OCT;;Transportation;Sales;2224041.45185997;2021-10-01;OCT 2021;Transportation :  Sales
Monthly;2021;FEB;;Health;Number of Transactions;19773.227;2021-02-01;FEB 2021;Health :  Number of Transactions
Monthly;2021;OCT;;Health;Number of Transactions;26480.098;2021-10-01;OCT 2021;Health :  Number of Transactions
Monthly;2021;NOV;;Health;Number of Transactions;26126.146;2021-11-01;NOV 2021;Health :  Number of Transactions
Monthly;2021;MAR;;Health;Sales;3086861.43869001;2021-03-01;MAR 2021;Health :  Sales
Monthly;2021;JUN;;Health;Sales;3153379.52048998;2021-06-01;JUN 2021;Health :  Sales
Monthly;2021;AUG;;Health;Sales;3079722.59443998;2021-08-01;AUG 2021;Health :  Sales
Monthly;2021;MAY;;Restaurants & Café;Number of Transactions;105593.074;2021-05-01;MAY 2021;Restaurants & Café :  Number of Transactions
Monthly;2021;SEP;;Restaurants & Café;Number of Transactions;132812.119;2021-09-01;SEP 2021;Restaurants & Café :  Number of Transactions
Monthly;2021;SEP;;Restaurants & Café;Sales;5393029.173;2021-09-01;SEP 2021;Restaurants & Café :  Sales
Monthly;2021;APR;;Hotels;Number of Transactions;1509.839;2021-04-01;APR 2021;Hotels :  Number of Transactions
Monthly;2021;JUN;;Hotels;Number of Transactions;2407.077;2021-06-01;JUN 2021;Hotels :  Number of Transactions
Monthly;2021;NOV;;Hotels;Number of Transactions;2300.264;2021-11-01;NOV 2021;Hotels :  Number of Transactions
Monthly;2021;FEB;;Hotels;Sales;468219.337379994;2021-02-01;FEB 2021;Hotels :  Sales
Monthly;2021;MAR;;Hotels;Sales;585409.053309992;2021-03-01;MAR 2021;Hotels :  Sales
Monthly;2021;AUG;;Hotels;Sales;830009.736229984;2021-08-01;AUG 2021;Hotels :  Sales
Monthly;2021;DEC;;Hotels;Sales;920164.645439989;2021-12-01;DEC 2021;Hotels :  Sales
Monthly;2021;FEB;;Beverage and Food;Number of Transactions;85115.006;2021-02-01;FEB 2021;Beverage and Food :  Number of Transactions
Monthly;2021;MAR;;Beverage and Food;Number of Transactions;102571.561;2021-03-01;MAR 2021;Beverage and Food :  Number of Transactions
Monthly;2021;APR;;Beverage and Food;Number of Transactions;99798.57;2021-04-01;APR 2021;Beverage and Food :  Number of Transactions
Monthly;2021;AUG;;Beverage and Food;Number of Transactions;117398.406;2021-08-01;AUG 2021;Beverage and Food :  Number of Transactions
Monthly;2021;SEP;;Beverage and Food;Sales;6052876.82;2021-09-01;SEP 2021;Beverage and Food :  Sales
Monthly;2021;NOV;;Beverage and Food;Sales;5964729.27815061;2021-11-01;NOV 2021;Beverage and Food :  Sales
Monthly;2021;MAR;;Clothing and Footwear;Number of Transactions;17721.25;2021-03-01;MAR 2021;Clothing and Footwear :  Number of Transactions
Monthly;2021;NOV;;Clothing and Footwear;Number of Transactions;19419.195;2021-11-01;NOV 2021;Clothing and Footwear :  Number of Transactions
Monthly;2021;MAR;;Clothing and Footwear;Sales;3302271.42161038;2021-03-01;MAR 2021;Clothing and Footwear :  Sales
Monthly;2021;AUG;;Clothing and Footwear;Sales;2670491.90007014;2021-08-01;AUG 2021;Clothing and Footwear :  Sales
Monthly;2021;DEC;;Clothing and Footwear;Sales;3630494.71971056;2021-12-01;DEC 2021;Clothing and Footwear :  Sales
Monthly;2021;SEP;;Recreation and Culture;Number of Transactions;8811.244;2021-09-01;SEP 2021;Recreation and Culture :  Number of Transactions
Monthly;2021;MAY;;Recreation and Culture;Sales;1277200.08501999;2021-05-01;MAY 2021;Recreation and Culture :  Sales
Monthly;2021;MAR;;Miscellaneous Goods and Services;Number of Transactions;29063.124;2021-03-01;MAR 2021;Miscellaneous Goods and Services :  Number of Transactions
Monthly;2021;APR;;Miscellaneous Goods and Services;Number of Transactions;29633.1;2021-04-01;APR 2021;Miscellaneous Goods and Services :  Number of Transactions
Monthly;2021;AUG;;Miscellaneous Goods and Services;Number of Transactions;43143.775;2021-08-01;AUG 2021;Miscellaneous Goods and Services :  Number of Transactions
Monthly;2021;MAR;;Miscellaneous Goods and Services;Sales;3548684.42698998;2021-03-01;MAR 2021;Miscellaneous Goods and Services :  Sales
Monthly;2021;APR;;Miscellaneous Goods and Services;Sales;3319115.516;2021-04-01;APR 2021;Miscellaneous Goods and Services :  Sales
Monthly;2021;NOV;;Miscellaneous Goods and Services;Sales;4044287.14281326;2021-11-01;NOV 2021;Miscellaneous Goods and Services :  Sales
Monthly;2021;DEC;;Miscellaneous Goods and Services;Sales;4401380.18940034;2021-12-01;DEC 2021;Miscellaneous Goods and Services :  Sales
Monthly;2021;AUG;;Electronic & Electric Devices;Number of Transactions;3161.622;2021-08-01;AUG 2021;Electronic & Electric Devices :  Number of Transactions
Monthly;2021;FEB;;Electronic & Electric Devices;Sales;1173039.84570999;2021-02-01;FEB 2021;Electronic & Electric Devices :  Sales
Monthly;2021;MAR;;Electronic & Electric Devices;Sales;1475326.34530998;2021-03-01;MAR 2021;Electronic & Electric Devices :  Sales
Monthly;2021;AUG;;Electronic & Electric Devices;Sales;1229508.38119998;2021-08-01;AUG 2021;Electronic & Electric Devices :  Sales
Monthly;2021;NOV;;Electronic & Electric Devices;Sales;1267264.42359998;2021-11-01;NOV 2021;Electronic & Electric Devices :  Sales
Monthly;2021;DEC;;Electronic & Electric Devices;Sales;1197499.89576998;2021-12-01;DEC 2021;Electronic & Electric Devices :  Sales
Monthly;2021;FEB;;Furniture;Number of Transactions;2897.417;2021-02-01;FEB 2021;Furniture :  Number of Transactions
Monthly;2021;JUN;;Furniture;Number of Transactions;3479.252;2021-06-01;JUN 2021;Furniture :  Number of Transactions
Monthly;2021;SEP;;Furniture;Number of Transactions;3811.191;2021-09-01;SEP 2021;Furniture :  Number of Transactions
Monthly;2021;FEB;;Furniture;Sales;1266835.98686998;2021-02-01;FEB 2021;Furniture :  Sales
Monthly;2021;APR;;Furniture;Sales;1630138.114;2021-04-01;APR 2021;Furniture :  Sales
Monthly;2021;JUN;;Furniture;Sales;1360692.21873997;2021-06-01;JUN 2021;Furniture :  Sales
Monthly;2021;AUG;;Furniture;Sales;1263704.76621997;2021-08-01;AUG 2021;Furniture :  Sales
Monthly;2021;APR;;Construction & Building Materials;Number of Transactions;3664.59;2021-04-01;APR 2021;Construction & Building Materials :  Number of Transactions
Monthly;2021;JUN;;Construction & Building Materials;Number of Transactions;3658.67;2021-06-01;JUN 2021;Construction & Building Materials :  Number of Transactions
Monthly;2021;MAR;;Construction & Building Materials;Sales;1964356.55818995;2021-03-01;MAR 2021;Construction & Building Materials :  Sales
Monthly;2021;MAY;;Construction & Building Materials;Sales;1338381.88612997;2021-05-01;MAY 2021;Construction & Building Materials :  Sales
Monthly;2021;OCT;;Construction & Building Materials;Sales;1592062.21332995;2021-10-01;OCT 2021;Construction & Building Materials :  Sales
Monthly;2021;NOV;;Construction & Building Materials;Sales;1666791.76858996;2021-11-01;NOV 2021;Construction & Building Materials :  Sales
Monthly;2021;SEP;;Jewelry;Number of Transactions;843.891;2021-09-01;SEP 2021;Jewelry :  Number of Transactions
Monthly;2021;JAN;;Jewelry;Sales;1075270.78513998;2021-01-01;JAN 2021;Jewelry :  Sales
Monthly;2021;FEB;;Jewelry;Sales;1007453.60525999;2021-02-01;FEB 2021;Jewelry :  Sales
Monthly;2021;MAR;;Jewelry;Sales;1362108.82308998;2021-03-01;MAR 2021;Jewelry :  Sales
Monthly;2021;NOV;;Jewelry;Sales;891005.079839984;2021-11-01;NOV 2021;Jewelry :  Sales
Monthly;2021;DEC;;Jewelry;Sales;964081.547499987;2021-12-01;DEC 2021;Jewelry :  Sales
Monthly;2021;APR;;Telecommunication;Number of Transactions;1595.875;2021-04-01;APR 2021;Telecommunication :  Number of Transactions
Monthly;2021;SEP;;Telecommunication;Number of Transactions;1788.749;2021-09-01;SEP 2021;Telecommunication :  Number of Transactions
Monthly;2021;FEB;;Telecommunication;Sales;281367.96483;2021-02-01;FEB 2021;Telecommunication :  Sales
Monthly;2021;OCT;;Telecommunication;Sales;432364.789899999;2021-10-01;OCT 2021;Telecommunication :  Sales
Monthly;2021;NOV;;Telecommunication;Sales;424789.945149998;2021-11-01;NOV 2021;Telecommunication :  Sales
Monthly;2021;JAN;;Education;Number of Transactions;293.559;2021-01-01;JAN 2021;Education :  Number of Transactions
Monthly;2021;MAY;;Education;Number of Transactions;171.512;2021-05-01;MAY 2021;Education :  Number of Transactions
Monthly;2021;DEC;;Education;Number of Transactions;441.775;2021-12-01;DEC 2021;Education :  Number of Transactions
Monthly;2021;FEB;;Education;Sales;417978.472039999;2021-02-01;FEB 2021;Education :  Sales
Monthly;2021;APR;;Public Utilities;Number of Transactions;3188.593;2021-04-01;APR 2021;Public Utilities :  Number of Transactions
Monthly;2021;DEC;;Public Utilities;Number of Transactions;3520.354;2021-12-01;DEC 2021;Public Utilities :  Number of Transactions
Monthly;2021;AUG;;Public Utilities;Sales;382328.453029997;2021-08-01;AUG 2021;Public Utilities :  Sales
Monthly;2021;JUL;;Others;Number of Transactions;93682.933;2021-07-01;JUL 2021;Others :  Number of Transactions
Monthly;2021;NOV;;Others;Number of Transactions;102635.981;2021-11-01;NOV 2021;Others :  Number of Transactions
Monthly;2021;DEC;;Others;Number of Transactions;109866.227;2021-12-01;DEC 2021;Others :  Number of Transactions
Monthly;2021;MAR;;Others;Sales;7764788.71432023;2021-03-01;MAR 2021;Others :  Sales
Monthly;2021;SEP;;Others;Sales;8132985.641;2021-09-01;SEP 2021;Others :  Sales
Monthly;2021;NOV;;Others;Sales;8384524.61272701;2021-11-01;NOV 2021;Others :  Sales
Monthly;2021;DEC;;Others;Sales;9017874.54840709;2021-12-01;DEC 2021;Others :  Sales
Monthly;2021;JUN;;Total;Number of Transactions;427322.282;2021-06-01;JUN 2021;Total :  Number of Transactions
Monthly;2021;SEP;;Total;Number of Transactions;468901.582;2021-09-01;SEP 2021;Total :  Number of Transactions
Monthly;2021;NOV;;Total;Number of Transactions;495093.756;2021-11-01;NOV 2021;Total :  Number of Transactions
Monthly;2021;DEC;;Total;Number of Transactions;525937.084;2021-12-01;DEC 2021;Total :  Number of Transactions
Monthly;2021;AUG;;Total;Sales;40972616.8566571;2021-08-01;AUG 2021;Total :  Sales
Annually;2021;;;Transportation;Sales;25689641.6246097;2021-01-01;2021;Transportation :  Sales
Annually;2021;;;Hotels;Sales;9157223.2272299;2021-01-01;2021;Hotels :  Sales
Annually;2021;;;Beverage and Food;Number of Transactions;1292583.752;2021-01-01;2021;Beverage and Food :  Number of Transactions
Annually;2021;;;Beverage and Food;Sales;72813893.6812233;2021-01-01;2021;Beverage and Food :  Sales
Annually;2021;;;Miscellaneous Goods and Services;Sales;43476724.2167538;2021-01-01;2021;Miscellaneous Goods and Services :  Sales
Quarterly;2021;;Q4;Transportation;Number of Transactions;21047.348;2021-10-01;Q4 2021;Transportation :  Number of Transactions
Quarterly;2021;;Q1;Transportation;Sales;5802381.58111994;2021-01-01;Q1 2021;Transportation :  Sales
Quarterly;2021;;Q4;Health;Sales;9068040.51348001;2021-10-01;Q4 2021;Health :  Sales
Quarterly;2021;;Q2;Restaurants & Café;Number of Transactions;316698.122;2021-04-01;Q2 2021;Restaurants & Café :  Number of Transactions
Quarterly;2021;;Q3;Restaurants & Café;Number of Transactions;389363.314;2021-07-01;Q3 2021;Restaurants & Café :  Number of Transactions
Quarterly;2021;;Q4;Restaurants & Café;Number of Transactions;439861.918;2021-10-01;Q4 2021;Restaurants & Café :  Number of Transactions
Quarterly;2021;;Q1;Hotels;Number of Transactions;5449.289;2021-01-01;Q1 2021;Hotels :  Number of Transactions
Quarterly;2021;;Q4;Hotels;Sales;2597548.93157997;2021-10-01;Q4 2021;Hotels :  Sales
Quarterly;2021;;Q2;Recreation and Culture;Number of Transactions;19926.786;2021-04-01;Q2 2021;Recreation and Culture :  Number of Transactions
Quarterly;2021;;Q4;Recreation and Culture;Number of Transactions;24614.348;2021-10-01;Q4 2021;Recreation and Culture :  Number of Transactions
Quarterly;2021;;Q1;Miscellaneous Goods and Services;Number of Transactions;73124.229;2021-01-01;Q1 2021;Miscellaneous Goods and Services :  Number of Transactions
Quarterly;2021;;Q3;Miscellaneous Goods and Services;Number of Transactions;127975.516;2021-07-01;Q3 2021;Miscellaneous Goods and Services :  Number of Transactions
Quarterly;2021;;Q4;Miscellaneous Goods and Services;Number of Transactions;154450.62;2021-10-01;Q4 2021;Miscellaneous Goods and Services :  Number of Transactions
Quarterly;2021;;Q4;Miscellaneous Goods and Services;Sales;12358402.8389838;2021-10-01;Q4 2021;Miscellaneous Goods and Services :  Sales
Quarterly;2021;;Q2;Electronic & Electric Devices;Sales;3575747.42991997;2021-04-01;Q2 2021;Electronic & Electric Devices :  Sales
Quarterly;2021;;Q2;Furniture;Sales;4310694.15771994;2021-04-01;Q2 2021;Furniture :  Sales
Quarterly;2021;;Q4;Furniture;Sales;4423192.64137992;2021-10-01;Q4 2021;Furniture :  Sales
Quarterly;2021;;Q2;Jewelry;Number of Transactions;3314.17;2021-04-01;Q2 2021;Jewelry :  Number of Transactions
Quarterly;2021;;Q4;Telecommunication;Number of Transactions;5479.705;2021-10-01;Q4 2021;Telecommunication :  Number of Transactions
Quarterly;2021;;Q1;Telecommunication;Sales;1040065.13907;2021-01-01;Q1 2021;Telecommunication :  Sales
Quarterly;2021;;Q2;Telecommunication;Sales;1372985.93212999;2021-04-01;Q2 2021;Telecommunication :  Sales
Quarterly;2021;;Q3;Telecommunication;Sales;1292570.8352;2021-07-01;Q3 2021;Telecommunication :  Sales
Quarterly;2021;;Q4;Education;Sales;1357324.49260999;2021-10-01;Q4 2021;Education :  Sales
Quarterly;2021;;Q4;Public Utilities;Number of Transactions;11270.906;2021-10-01;Q4 2021;Public Utilities :  Number of Transactions
Quarterly;2021;;Q1;Public Utilities;Sales;955039.770469998;2021-01-01;Q1 2021;Public Utilities :  Sales
Quarterly;2021;;Q1;Total;Number of Transactions;1065644.781;2021-01-01;Q1 2021;Total :  Number of Transactions
Quarterly;2021;;Q4;Total;Number of Transactions;1516108.485;2021-10-01;Q4 2021;Total :  Number of Transactions
Monthly;2021;APR;;Transportation;Number of Transactions;4992.253;2021-04-01;APR 2021;Transportation :  Number of Transactions
Monthly;2021;JAN;;Transportation;Sales;1942980.72879998;2021-01-01;JAN 2021;Transportation :  Sales
Monthly;2021;APR;;Transportation;Sales;1987775.808;2021-04-01;APR 2021;Transportation :  Sales
Monthly;2021;SEP;;Transportation;Sales;2246921.946;2021-09-01;SEP 2021;Transportation :  Sales
Monthly;2021;MAY;;Health;Number of Transactions;24128.499;2021-05-01;MAY 2021;Health :  Number of Transactions
Monthly;2021;JUL;;Health;Number of Transactions;24567.51;2021-07-01;JUL 2021;Health :  Number of Transactions
Monthly;2021;MAR;;Restaurants & Café;Number of Transactions;110498.387;2021-03-01;MAR 2021;Restaurants & Café :  Number of Transactions
Monthly;2021;APR;;Restaurants & Café;Number of Transactions;88280.96;2021-04-01;APR 2021;Restaurants & Café :  Number of Transactions
Monthly;2021;JUL;;Restaurants & Café;Number of Transactions;125477.909;2021-07-01;JUL 2021;Restaurants & Café :  Number of Transactions
Monthly;2021;NOV;;Restaurants & Café;Number of Transactions;144102.78;2021-11-01;NOV 2021;Restaurants & Café :  Number of Transactions
Monthly;2021;JAN;;Restaurants & Café;Sales;5180471.62929115;2021-01-01;JAN 2021;Restaurants & Café :  Sales
Monthly;2021;FEB;;Restaurants & Café;Sales;3642065.65304043;2021-02-01;FEB 2021;Restaurants & Café :  Sales
Monthly;2021;OCT;;Restaurants & Café;Sales;5777558.51141156;2021-10-01;OCT 2021;Restaurants & Café :  Sales
Monthly;2021;FEB;;Hotels;Number of Transactions;1311.09;2021-02-01;FEB 2021;Hotels :  Number of Transactions
Monthly;2021;MAY;;Hotels;Number of Transactions;2067.072;2021-05-01;MAY 2021;Hotels :  Number of Transactions
Monthly;2021;JAN;;Hotels;Sales;940229.056749983;2021-01-01;JAN 2021;Hotels :  Sales
Monthly;2021;MAY;;Hotels;Sales;850724.740569987;2021-05-01;MAY 2021;Hotels :  Sales
Monthly;2021;JUL;;Hotels;Sales;816091.725199993;2021-07-01;JUL 2021;Hotels :  Sales
Monthly;2021;JUL;;Beverage and Food;Number of Transactions;112846.597;2021-07-01;JUL 2021;Beverage and Food :  Number of Transactions
Monthly;2021;JAN;;Beverage and Food;Sales;5673979.68695056;2021-01-01;JAN 2021;Beverage and Food :  Sales
Monthly;2021;MAR;;Beverage and Food;Sales;6517253.76484053;2021-03-01;MAR 2021;Beverage and Food :  Sales
Monthly;2021;OCT;;Beverage and Food;Sales;6300678.67491043;2021-10-01;OCT 2021;Beverage and Food :  Sales
Monthly;2021;DEC;;Beverage and Food;Sales;6506649.26921859;2021-12-01;DEC 2021;Beverage and Food :  Sales
Monthly;2021;JUN;;Clothing and Footwear;Sales;2721811.61230015;2021-06-01;JUN 2021;Clothing and Footwear :  Sales
Monthly;2021;JAN;;Recreation and Culture;Number of Transactions;6855.676;2021-01-01;JAN 2021;Recreation and Culture :  Number of Transactions
Monthly;2021;FEB;;Recreation and Culture;Number of Transactions;5601.511;2021-02-01;FEB 2021;Recreation and Culture :  Number of Transactions
Monthly;2021;JUN;;Recreation and Culture;Number of Transactions;6307.418;2021-06-01;JUN 2021;Recreation and Culture :  Number of Transactions
Monthly;2021;NOV;;Recreation and Culture;Number of Transactions;7781.809;2021-11-01;NOV 2021;Recreation and Culture :  Number of Transactions
Monthly;2021;MAR;;Recreation and Culture;Sales;1224688.40511999;2021-03-01;MAR 2021;Recreation and Culture :  Sales
Monthly;2021;NOV;;Recreation and Culture;Sales;1119196.14154999;2021-11-01;NOV 2021;Recreation and Culture :  Sales
Monthly;2021;MAY;;Miscellaneous Goods and Services;Sales;3493036.25330995;2021-05-01;MAY 2021;Miscellaneous Goods and Services :  Sales
Monthly;2021;JUN;;Miscellaneous Goods and Services;Sales;3627186.72189004;2021-06-01;JUN 2021;Miscellaneous Goods and Services :  Sales
Monthly;2021;AUG;;Miscellaneous Goods and Services;Sales;3844434.21539014;2021-08-01;AUG 2021;Miscellaneous Goods and Services :  Sales
Monthly;2021;OCT;;Miscellaneous Goods and Services;Sales;3912735.50677018;2021-10-01;OCT 2021;Miscellaneous Goods and Services :  Sales
Monthly;2021;JAN;;Electronic & Electric Devices;Number of Transactions;2905.623;2021-01-01;JAN 2021;Electronic & Electric Devices :  Number of Transactions
Monthly;2021;APR;;Electronic & Electric Devices;Number of Transactions;2973.944;2021-04-01;APR 2021;Electronic & Electric Devices :  Number of Transactions
Monthly;2021;JUL;;Electronic & Electric Devices;Number of Transactions;2812.544;2021-07-01;JUL 2021;Electronic & Electric Devices :  Number of Transactions
Monthly;2021;OCT;;Electronic & Electric Devices;Number of Transactions;3218.967;2021-10-01;OCT 2021;Electronic & Electric Devices :  Number of Transactions
Monthly;2021;JAN;;Electronic & Electric Devices;Sales;1246099.79209998;2021-01-01;JAN 2021;Electronic & Electric Devices :  Sales
Monthly;2021;MAY;;Electronic & Electric Devices;Sales;1114537.61287999;2021-05-01;MAY 2021;Electronic & Electric Devices :  Sales
Monthly;2021;JUN;;Electronic & Electric Devices;Sales;1202314.25803998;2021-06-01;JUN 2021;Electronic & Electric Devices :  Sales
Monthly;2021;OCT;;Electronic & Electric Devices;Sales;1223917.99739999;2021-10-01;OCT 2021;Electronic & Electric Devices :  Sales
Monthly;2021;AUG;;Furniture;Number of Transactions;3713.241;2021-08-01;AUG 2021;Furniture :  Number of Transactions
Monthly;2021;JAN;;Furniture;Sales;1411945.70947997;2021-01-01;JAN 2021;Furniture :  Sales
Monthly;2021;NOV;;Furniture;Sales;1469145.44301997;2021-11-01;NOV 2021;Furniture :  Sales
Monthly;2021;FEB;;Construction & Building Materials;Number of Transactions;3138.517;2021-02-01;FEB 2021;Construction & Building Materials :  Number of Transactions
Monthly;2021;SEP;;Construction & Building Materials;Number of Transactions;3864.347;2021-09-01;SEP 2021;Construction & Building Materials :  Number of Transactions
Monthly;2021;OCT;;Construction & Building Materials;Number of Transactions;4300.154;2021-10-01;OCT 2021;Construction & Building Materials :  Number of Transactions
Monthly;2021;DEC;;Construction & Building Materials;Number of Transactions;4618.609;2021-12-01;DEC 2021;Construction & Building Materials :  Number of Transactions
Monthly;2021;FEB;;Construction & Building Materials;Sales;1606927.17412996;2021-02-01;FEB 2021;Construction & Building Materials :  Sales
Monthly;2021;APR;;Construction & Building Materials;Sales;1483101.344;2021-04-01;APR 2021;Construction & Building Materials :  Sales
Monthly;2021;JUL;;Construction & Building Materials;Sales;1325546.47601997;2021-07-01;JUL 2021;Construction & Building Materials :  Sales
Monthly;2021;FEB;;Jewelry;Number of Transactions;712.407;2021-02-01;FEB 2021;Jewelry :  Number of Transactions
Monthly;2021;MAR;;Jewelry;Number of Transactions;1003.382;2021-03-01;MAR 2021;Jewelry :  Number of Transactions
Monthly;2021;APR;;Jewelry;Number of Transactions;995.636;2021-04-01;APR 2021;Jewelry :  Number of Transactions
Monthly;2021;MAY;;Jewelry;Number of Transactions;1422.425;2021-05-01;MAY 2021;Jewelry :  Number of Transactions
Monthly;2021;JUN;;Jewelry;Number of Transactions;896.109;2021-06-01;JUN 2021;Jewelry :  Number of Transactions
Monthly;2021;JUL;;Jewelry;Number of Transactions;964.218;2021-07-01;JUL 2021;Jewelry :  Number of Transactions
Monthly;2021;OCT;;Jewelry;Number of Transactions;875.519;2021-10-01;OCT 2021;Jewelry :  Number of Transactions
Monthly;2021;NOV;;Jewelry;Number of Transactions;833.494;2021-11-01;NOV 2021;Jewelry :  Number of Transactions
Monthly;2021;MAY;;Jewelry;Sales;1649589.18153998;2021-05-01;MAY 2021;Jewelry :  Sales
Monthly;2021;JUN;;Jewelry;Sales;1057748.09234999;2021-06-01;JUN 2021;Jewelry :  Sales
Monthly;2021;JAN;;Telecommunication;Number of Transactions;1333.799;2021-01-01;JAN 2021;Telecommunication :  Number of Transactions
Monthly;2021;JUN;;Telecommunication;Number of Transactions;1522.689;2021-06-01;JUN 2021;Telecommunication :  Number of Transactions
Monthly;2021;OCT;;Telecommunication;Number of Transactions;1785.239;2021-10-01;OCT 2021;Telecommunication :  Number of Transactions
Monthly;2021;NOV;;Telecommunication;Number of Transactions;1769.638;2021-11-01;NOV 2021;Telecommunication :  Number of Transactions
Monthly;2021;DEC;;Telecommunication;Number of Transactions;1924.828;2021-12-01;DEC 2021;Telecommunication :  Number of Transactions
Monthly;2021;MAR;;Telecommunication;Sales;430542.415930001;2021-03-01;MAR 2021;Telecommunication :  Sales
Monthly;2021;APR;;Telecommunication;Sales;479791.347;2021-04-01;APR 2021;Telecommunication :  Sales
Monthly;2021;JAN;;Education;Sales;916459.357419995;2021-01-01;JAN 2021;Education :  Sales
Monthly;2021;JUN;;Education;Sales;239725.72136;2021-06-01;JUN 2021;Education :  Sales
Monthly;2021;OCT;;Education;Sales;341752.253809999;2021-10-01;OCT 2021;Education :  Sales
Monthly;2021;JAN;;Public Utilities;Number of Transactions;2675.88;2021-01-01;JAN 2021;Public Utilities :  Number of Transactions
Monthly;2021;FEB;;Public Utilities;Number of Transactions;2632.933;2021-02-01;FEB 2021;Public Utilities :  Number of Transactions
Monthly;2021;NOV;;Public Utilities;Number of Transactions;3624.444;2021-11-01;NOV 2021;Public Utilities :  Number of Transactions
Monthly;2021;MAR;;Public Utilities;Sales;367813.158999999;2021-03-01;MAR 2021;Public Utilities :  Sales
Monthly;2021;MAY;;Public Utilities;Sales;327435.693309998;2021-05-01;MAY 2021;Public Utilities :  Sales
Monthly;2021;NOV;;Public Utilities;Sales;316968.476989999;2021-11-01;NOV 2021;Public Utilities :  Sales
Monthly;2021;JAN;;Others;Number of Transactions;70271.855;2021-01-01;JAN 2021;Others :  Number of Transactions
Monthly;2021;AUG;;Others;Number of Transactions;97831.893;2021-08-01;AUG 2021;Others :  Number of Transactions
Monthly;2021;SEP;;Others;Number of Transactions;99498.06;2021-09-01;SEP 2021;Others :  Number of Transactions
Monthly;2021;MAY;;Others;Sales;7668476.09215621;2021-05-01;MAY 2021;Others :  Sales
Monthly;2021;JUL;;Others;Sales;7780957.46350715;2021-07-01;JUL 2021;Others :  Sales
Monthly;2021;FEB;;Total;Number of Transactions;313768.653;2021-02-01;FEB 2021;Total :  Number of Transactions
Monthly;2021;MAR;;Total;Number of Transactions;395921.696;2021-03-01;MAR 2021;Total :  Number of Transactions
Monthly;2021;APR;;Total;Number of Transactions;371342.901;2021-04-01;APR 2021;Total :  Number of Transactions
Monthly;2021;JUL;;Total;Number of Transactions;448847.985;2021-07-01;JUL 2021;Total :  Number of Transactions
Monthly;2021;JAN;;Total;Sales;37274404.5765424;2021-01-01;JAN 2021;Total :  Sales
Monthly;2021;MAR;;Total;Sales;40839506.8250921;2021-03-01;MAR 2021;Total :  Sales
Monthly;2021;JUL;;Total;Sales;38853243.9979692;2021-07-01;JUL 2021;Total :  Sales
Monthly;2021;NOV;;Total;Sales;41282904.1314327;2021-11-01;NOV 2021;Total :  Sales
Annually;2021;;;Health;Number of Transactions;292211.156;2021-01-01;2021;Health :  Number of Transactions
Annually;2021;;;Construction & Building Materials;Number of Transactions;45813.502;2021-01-01;2021;Construction & Building Materials :  Number of Transactions
Annually;2021;;;Education;Number of Transactions;3753.952;2021-01-01;2021;Education :  Number of Transactions
Annually;2021;;;Others;Sales;92364765.8617272;2021-01-01;2021;Others :  Sales
Quarterly;2021;;Q3;Transportation;Sales;6675419.68171994;2021-07-01;Q3 2021;Transportation :  Sales
Quarterly;2021;;Q3;Health;Sales;9076017.66881997;2021-07-01;Q3 2021;Health :  Sales
Quarterly;2021;;Q2;Hotels;Number of Transactions;5983.988;2021-04-01;Q2 2021;Hotels :  Number of Transactions
Quarterly;2021;;Q3;Hotels;Number of Transactions;6931.969;2021-07-01;Q3 2021;Hotels :  Number of Transactions
Quarterly;2021;;Q3;Hotels;Sales;2325261.15042998;2021-07-01;Q3 2021;Hotels :  Sales
Quarterly;2021;;Q1;Beverage and Food;Number of Transactions;277424.072;2021-01-01;Q1 2021;Beverage and Food :  Number of Transactions
Quarterly;2021;;Q2;Beverage and Food;Number of Transactions;309704.529;2021-04-01;Q2 2021;Beverage and Food :  Number of Transactions
Quarterly;2021;;Q3;Beverage and Food;Number of Transactions;345742.425;2021-07-01;Q3 2021;Beverage and Food :  Number of Transactions
Quarterly;2021;;Q3;Clothing and Footwear;Number of Transactions;53487.722;2021-07-01;Q3 2021;Clothing and Footwear :  Number of Transactions
Quarterly;2021;;Q3;Miscellaneous Goods and Services;Sales;11378382.6575602;2021-07-01;Q3 2021;Miscellaneous Goods and Services :  Sales
Quarterly;2021;;Q2;Furniture;Number of Transactions;11407.743;2021-04-01;Q2 2021;Furniture :  Number of Transactions
Quarterly;2021;;Q3;Furniture;Number of Transactions;11230.254;2021-07-01;Q3 2021;Furniture :  Number of Transactions
Quarterly;2021;;Q1;Jewelry;Number of Transactions;2558.638;2021-01-01;Q1 2021;Jewelry :  Number of Transactions
Quarterly;2021;;Q4;Jewelry;Number of Transactions;2567.191;2021-10-01;Q4 2021;Jewelry :  Number of Transactions
Quarterly;2021;;Q2;Jewelry;Sales;3963125.97988997;2021-04-01;Q2 2021;Jewelry :  Sales
Quarterly;2021;;Q2;Telecommunication;Number of Transactions;4707.389;2021-04-01;Q2 2021;Telecommunication :  Number of Transactions
Quarterly;2021;;Q3;Telecommunication;Number of Transactions;5182.761;2021-07-01;Q3 2021;Telecommunication :  Number of Transactions
Quarterly;2021;;Q2;Education;Number of Transactions;588.885;2021-04-01;Q2 2021;Education :  Number of Transactions
Quarterly;2021;;Q1;Public Utilities;Number of Transactions;8483.933;2021-01-01;Q1 2021;Public Utilities :  Number of Transactions
Quarterly;2021;;Q4;Others;Number of Transactions;315826.823;2021-10-01;Q4 2021;Others :  Number of Transactions
Quarterly;2021;;Q3;Others;Sales;23939290.3487819;2021-07-01;Q3 2021;Others :  Sales
Quarterly;2021;;Q3;Total;Number of Transactions;1383560.27;2021-07-01;Q3 2021;Total :  Number of Transactions
Monthly;2021;OCT;;Transportation;Number of Transactions;6781.508;2021-10-01;OCT 2021;Transportation :  Number of Transactions
Monthly;2021;NOV;;Transportation;Number of Transactions;7041.537;2021-11-01;NOV 2021;Transportation :  Number of Transactions
Monthly;2021;FEB;;Transportation;Sales;1731536.43075998;2021-02-01;FEB 2021;Transportation :  Sales
Monthly;2021;APR;;Health;Number of Transactions;22153.539;2021-04-01;APR 2021;Health :  Number of Transactions
Monthly;2021;SEP;;Health;Number of Transactions;24783.54;2021-09-01;SEP 2021;Health :  Number of Transactions
Monthly;2021;JAN;;Health;Sales;2846468.09995999;2021-01-01;JAN 2021;Health :  Sales
Monthly;2021;FEB;;Health;Sales;2552095.99428998;2021-02-01;FEB 2021;Health :  Sales
Monthly;2021;OCT;;Health;Sales;3021016.33335001;2021-10-01;OCT 2021;Health :  Sales
Monthly;2021;DEC;;Health;Sales;3096197.87051;2021-12-01;DEC 2021;Health :  Sales
Monthly;2021;JAN;;Restaurants & Café;Number of Transactions;104417.517;2021-01-01;JAN 2021;Restaurants & Café :  Number of Transactions
Monthly;2021;FEB;;Restaurants & Café;Number of Transactions;87217.751;2021-02-01;FEB 2021;Restaurants & Café :  Number of Transactions
Monthly;2021;JUN;;Restaurants & Café;Number of Transactions;122824.088;2021-06-01;JUN 2021;Restaurants & Café :  Number of Transactions
Monthly;2021;OCT;;Restaurants & Café;Number of Transactions;142763.248;2021-10-01;OCT 2021;Restaurants & Café :  Number of Transactions
Monthly;2021;MAY;;Restaurants & Café;Sales;5224183.12738095;2021-05-01;MAY 2021;Restaurants & Café :  Sales
Monthly;2021;JUN;;Restaurants & Café;Sales;5356889.63488135;2021-06-01;JUN 2021;Restaurants & Café :  Sales
Monthly;2021;JUL;;Restaurants & Café;Sales;5623806.0504812;2021-07-01;JUL 2021;Restaurants & Café :  Sales
Monthly;2021;DEC;;Restaurants & Café;Sales;6262141.95103195;2021-12-01;DEC 2021;Restaurants & Café :  Sales
Monthly;2021;JAN;;Hotels;Number of Transactions;2294.087;2021-01-01;JAN 2021;Hotels :  Number of Transactions
Monthly;2021;JUL;;Hotels;Number of Transactions;2371.082;2021-07-01;JUL 2021;Hotels :  Number of Transactions
Monthly;2021;OCT;;Hotels;Number of Transactions;2256.266;2021-10-01;OCT 2021;Hotels :  Number of Transactions
Monthly;2021;APR;;Hotels;Sales;561712.763;2021-04-01;APR 2021;Hotels :  Sales
Monthly;2021;SEP;;Hotels;Sales;679159.689;2021-09-01;SEP 2021;Hotels :  Sales
Monthly;2021;OCT;;Hotels;Sales;781049.681769989;2021-10-01;OCT 2021;Hotels :  Sales
Monthly;2021;NOV;;Hotels;Sales;896334.604369993;2021-11-01;NOV 2021;Hotels :  Sales
Monthly;2021;NOV;;Beverage and Food;Number of Transactions;116575.67;2021-11-01;NOV 2021;Beverage and Food :  Number of Transactions
Monthly;2021;FEB;;Beverage and Food;Sales;5188253.55494046;2021-02-01;FEB 2021;Beverage and Food :  Sales
Monthly;2021;APR;;Beverage and Food;Sales;6646112.474;2021-04-01;APR 2021;Beverage and Food :  Sales
Monthly;2021;AUG;;Beverage and Food;Sales;6199208.38776067;2021-08-01;AUG 2021;Beverage and Food :  Sales
Monthly;2021;JUN;;Clothing and Footwear;Number of Transactions;15845.937;2021-06-01;JUN 2021;Clothing and Footwear :  Number of Transactions
Monthly;2021;JUL;;Clothing and Footwear;Number of Transactions;20508.921;2021-07-01;JUL 2021;Clothing and Footwear :  Number of Transactions
Monthly;2021;AUG;;Clothing and Footwear;Number of Transactions;16545.646;2021-08-01;AUG 2021;Clothing and Footwear :  Number of Transactions
Monthly;2021;DEC;;Clothing and Footwear;Number of Transactions;21248.731;2021-12-01;DEC 2021;Clothing and Footwear :  Number of Transactions
Monthly;2021;JUL;;Clothing and Footwear;Sales;3363386.99606043;2021-07-01;JUL 2021;Clothing and Footwear :  Sales
Monthly;2021;OCT;;Clothing and Footwear;Sales;2807448.78623012;2021-10-01;OCT 2021;Clothing and Footwear :  Sales
Monthly;2021;OCT;;Recreation and Culture;Number of Transactions;8195.408;2021-10-01;OCT 2021;Recreation and Culture :  Number of Transactions
Monthly;2021;AUG;;Recreation and Culture;Sales;1209161.44332999;2021-08-01;AUG 2021;Recreation and Culture :  Sales
Monthly;2021;JUN;;Miscellaneous Goods and Services;Number of Transactions;36744.134;2021-06-01;JUN 2021;Miscellaneous Goods and Services :  Number of Transactions
Monthly;2021;JUL;;Miscellaneous Goods and Services;Number of Transactions;40235.459;2021-07-01;JUL 2021;Miscellaneous Goods and Services :  Number of Transactions
Monthly;2021;OCT;;Miscellaneous Goods and Services;Number of Transactions;49054.761;2021-10-01;OCT 2021;Miscellaneous Goods and Services :  Number of Transactions
Monthly;2021;NOV;;Miscellaneous Goods and Services;Number of Transactions;50751.213;2021-11-01;NOV 2021;Miscellaneous Goods and Services :  Number of Transactions
Monthly;2021;FEB;;Miscellaneous Goods and Services;Sales;2674651.94297992;2021-02-01;FEB 2021;Miscellaneous Goods and Services :  Sales
Monthly;2021;JUL;;Miscellaneous Goods and Services;Sales;3632197.81917003;2021-07-01;JUL 2021;Miscellaneous Goods and Services :  Sales
Monthly;2021;FEB;;Electronic & Electric Devices;Number of Transactions;2665.858;2021-02-01;FEB 2021;Electronic & Electric Devices :  Number of Transactions
Monthly;2021;SEP;;Electronic & Electric Devices;Number of Transactions;3137.688;2021-09-01;SEP 2021;Electronic & Electric Devices :  Number of Transactions
Monthly;2021;APR;;Electronic & Electric Devices;Sales;1258895.559;2021-04-01;APR 2021;Electronic & Electric Devices :  Sales
Monthly;2021;APR;;Furniture;Number of Transactions;4102.15;2021-04-01;APR 2021;Furniture :  Number of Transactions
Monthly;2021;MAY;;Furniture;Number of Transactions;3826.341;2021-05-01;MAY 2021;Furniture :  Number of Transactions
Monthly;2021;JUL;;Furniture;Number of Transactions;3705.822;2021-07-01;JUL 2021;Furniture :  Number of Transactions
Monthly;2021;NOV;;Furniture;Number of Transactions;4016.142;2021-11-01;NOV 2021;Furniture :  Number of Transactions
Monthly;2021;JUL;;Furniture;Sales;1267558.87079998;2021-07-01;JUL 2021;Furniture :  Sales
Monthly;2021;MAY;;Construction & Building Materials;Number of Transactions;3396.001;2021-05-01;MAY 2021;Construction & Building Materials :  Number of Transactions
Monthly;2021;JUL;;Construction & Building Materials;Number of Transactions;3572.231;2021-07-01;JUL 2021;Construction & Building Materials :  Number of Transactions
Monthly;2021;NOV;;Construction & Building Materials;Number of Transactions;4427.216;2021-11-01;NOV 2021;Construction & Building Materials :  Number of Transactions
Monthly;2021;JUN;;Construction & Building Materials;Sales;1623235.13297997;2021-06-01;JUN 2021;Construction & Building Materials :  Sales
Monthly;2021;SEP;;Jewelry;Sales;848013.287;2021-09-01;SEP 2021;Jewelry :  Sales
Monthly;2021;FEB;;Telecommunication;Number of Transactions;1211.233;2021-02-01;FEB 2021;Telecommunication :  Number of Transactions
Monthly;2021;MAY;;Telecommunication;Number of Transactions;1588.825;2021-05-01;MAY 2021;Telecommunication :  Number of Transactions
Monthly;2021;JUL;;Telecommunication;Number of Transactions;1578.533;2021-07-01;JUL 2021;Telecommunication :  Number of Transactions
Monthly;2021;JUL;;Telecommunication;Sales;422935.63316;2021-07-01;JUL 2021;Telecommunication :  Sales
Monthly;2021;SEP;;Telecommunication;Sales;418227.517;2021-09-01;SEP 2021;Telecommunication :  Sales
Monthly;2021;FEB;;Education;Number of Transactions;202.434;2021-02-01;FEB 2021;Education :  Number of Transactions
Monthly;2021;SEP;;Education;Number of Transactions;500.056;2021-09-01;SEP 2021;Education :  Number of Transactions
Monthly;2021;JUL;;Education;Sales;174681.09168;2021-07-01;JUL 2021;Education :  Sales
Monthly;2021;AUG;;Education;Sales;1589381.99013999;2021-08-01;AUG 2021;Education :  Sales
Monthly;2021;MAR;;Public Utilities;Number of Transactions;3175.12;2021-03-01;MAR 2021;Public Utilities :  Number of Transactions
Monthly;2021;SEP;;Public Utilities;Number of Transactions;3982.287;2021-09-01;SEP 2021;Public Utilities :  Number of Transactions
Monthly;2021;APR;;Public Utilities;Sales;335189.407;2021-04-01;APR 2021;Public Utilities :  Sales
Monthly;2021;SEP;;Public Utilities;Sales;370192.97;2021-09-01;SEP 2021;Public Utilities :  Sales
Monthly;2021;OCT;;Public Utilities;Sales;361558.240299997;2021-10-01;OCT 2021;Public Utilities :  Sales
Monthly;2021;FEB;;Others;Number of Transactions;64394.143;2021-02-01;FEB 2021;Others :  Number of Transactions
Monthly;2021;JUN;;Others;Number of Transactions;87792.976;2021-06-01;JUN 2021;Others :  Number of Transactions
Monthly;2021;OCT;;Others;Number of Transactions;103324.615;2021-10-01;OCT 2021;Others :  Number of Transactions
Monthly;2021;OCT;;Others;Sales;8310483.82594562;2021-10-01;OCT 2021;Others :  Sales
Monthly;2021;MAY;;Total;Number of Transactions;407176.207;2021-05-01;MAY 2021;Total :  Number of Transactions
Monthly;2021;OCT;;Total;Number of Transactions;495077.645;2021-10-01;OCT 2021;Total :  Number of Transactions
Monthly;2021;FEB;;Total;Sales;31051354.4345456;2021-02-01;FEB 2021;Total :  Sales
Monthly;2021;MAY;;Total;Sales;40270914.1082581;2021-05-01;MAY 2021;Total :  Sales
Monthly;2021;JUN;;Total;Sales;38704370.3552553;2021-06-01;JUN 2021;Total :  Sales
Monthly;2021;SEP;;Total;Sales;39995756.668;2021-09-01;SEP 2021;Total :  Sales
Annually;2020;;;Restaurants & Café;Number of Transactions;769017.659;2020-01-01;2020;Restaurants & Café :  Number of Transactions
Annually;2020;;;Beverage and Food;Sales;62447869.8850623;2020-01-01;2020;Beverage and Food :  Sales
Annually;2020;;;Clothing and Footwear;Sales;28056658.2299004;2020-01-01;2020;Clothing and Footwear :  Sales
Annually;2020;;;Electronic & Electric Devices;Sales;14710766.7596799;2020-01-01;2020;Electronic & Electric Devices :  Sales
Annually;2020;;;Furniture;Number of Transactions;29167.541;2020-01-01;2020;Furniture :  Number of Transactions
Annually;2020;;;Telecommunication;Sales;2851562.81894;2020-01-01;2020;Telecommunication :  Sales
Annually;2020;;;Total;Number of Transactions;2852864.282;2020-01-01;2020;Total :  Number of Transactions
Quarterly;2020;;Q1;Transportation;Number of Transactions;8566.533;2020-01-01;Q1 2020;Transportation :  Number of Transactions
Quarterly;2020;;Q4;Transportation;Number of Transactions;13586.225;2020-10-01;Q4 2020;Transportation :  Number of Transactions
Quarterly;2020;;Q2;Health;Number of Transactions;52770.906;2020-04-01;Q2 2020;Health :  Number of Transactions
Quarterly;2020;;Q3;Health;Number of Transactions;62582.155;2020-07-01;Q3 2020;Health :  Number of Transactions
Quarterly;2020;;Q4;Health;Number of Transactions;64573.738;2020-10-01;Q4 2020;Health :  Number of Transactions
Quarterly;2020;;Q3;Health;Sales;8546481.65720999;2020-07-01;Q3 2020;Health :  Sales
Quarterly;2020;;Q4;Restaurants & Café;Number of Transactions;284353.684;2020-10-01;Q4 2020;Restaurants & Café :  Number of Transactions
Quarterly;2020;;Q2;Restaurants & Café;Sales;5448159.72641991;2020-04-01;Q2 2020;Restaurants & Café :  Sales
Quarterly;2020;;Q3;Hotels;Sales;1679080.33788999;2020-07-01;Q3 2020;Hotels :  Sales
Quarterly;2020;;Q3;Clothing and Footwear;Number of Transactions;42491.111;2020-07-01;Q3 2020;Clothing and Footwear :  Number of Transactions
Quarterly;2020;;Q1;Clothing and Footwear;Sales;6070626.04310996;2020-01-01;Q1 2020;Clothing and Footwear :  Sales
Quarterly;2020;;Q2;Recreation and Culture;Number of Transactions;10090.983;2020-04-01;Q2 2020;Recreation and Culture :  Number of Transactions
Quarterly;2020;;Q3;Recreation and Culture;Number of Transactions;16962.392;2020-07-01;Q3 2020;Recreation and Culture :  Number of Transactions
Quarterly;2020;;Q1;Recreation and Culture;Sales;2989596.63244998;2020-01-01;Q1 2020;Recreation and Culture :  Sales
Quarterly;2020;;Q3;Recreation and Culture;Sales;3345344.18593999;2020-07-01;Q3 2020;Recreation and Culture :  Sales
Quarterly;2020;;Q4;Recreation and Culture;Sales;3480575.21003;2020-10-01;Q4 2020;Recreation and Culture :  Sales
Quarterly;2020;;Q2;Electronic & Electric Devices;Number of Transactions;6285.434;2020-04-01;Q2 2020;Electronic & Electric Devices :  Number of Transactions
Quarterly;2020;;Q1;Furniture;Sales;2760701.79916996;2020-01-01;Q1 2020;Furniture :  Sales
Quarterly;2020;;Q3;Furniture;Sales;3733443.83846996;2020-07-01;Q3 2020;Furniture :  Sales
Quarterly;2020;;Q4;Furniture;Sales;4511655.13393997;2020-10-01;Q4 2020;Furniture :  Sales
Quarterly;2020;;Q1;Construction & Building Materials;Sales;4234367.73589995;2020-01-01;Q1 2020;Construction & Building Materials :  Sales
Quarterly;2020;;Q4;Construction & Building Materials;Sales;5028554.57741997;2020-10-01;Q4 2020;Construction & Building Materials :  Sales
Quarterly;2020;;Q4;Jewelry;Number of Transactions;2353.378;2020-10-01;Q4 2020;Jewelry :  Number of Transactions
Quarterly;2020;;Q3;Jewelry;Sales;2407340.61974998;2020-07-01;Q3 2020;Jewelry :  Sales
Quarterly;2020;;Q2;Education;Number of Transactions;218.909;2020-04-01;Q2 2020;Education :  Number of Transactions
Quarterly;2020;;Q4;Public Utilities;Number of Transactions;7426.94;2020-10-01;Q4 2020;Public Utilities :  Number of Transactions
Quarterly;2020;;Q1;Public Utilities;Sales;826654.495459998;2020-01-01;Q1 2020;Public Utilities :  Sales
Quarterly;2020;;Q2;Public Utilities;Sales;764000.712719999;2020-04-01;Q2 2020;Public Utilities :  Sales
Quarterly;2020;;Q4;Public Utilities;Sales;892916.343409999;2020-10-01;Q4 2020;Public Utilities :  Sales
Quarterly;2020;;Q2;Others;Number of Transactions;92547.393;2020-04-01;Q2 2020;Others :  Number of Transactions
Monthly;2020;JAN;;Transportation;Number of Transactions;3028.642;2020-01-01;JAN 2020;Transportation :  Number of Transactions
Monthly;2020;MAR;;Transportation;Number of Transactions;2551.894;2020-03-01;MAR 2020;Transportation :  Number of Transactions
Monthly;2020;MAY;;Transportation;Sales;1121251.32427;2020-05-01;MAY 2020;Transportation :  Sales
Monthly;2020;AUG;;Transportation;Sales;1700685.323;2020-08-01;AUG 2020;Transportation :  Sales
Monthly;2020;JUN;;Health;Number of Transactions;21588.123;2020-06-01;JUN 2020;Health :  Number of Transactions
Monthly;2020;JAN;;Health;Sales;2205324.07356999;2020-01-01;JAN 2020;Health :  Sales
Monthly;2020;MAR;;Health;Sales;2195597.30565998;2020-03-01;MAR 2020;Health :  Sales
Monthly;2020;MAY;;Health;Sales;1953364.15569998;2020-05-01;MAY 2020;Health :  Sales
Monthly;2020;DEC;;Health;Sales;2891886.883;2020-12-01;DEC 2020;Health :  Sales
Monthly;2020;APR;;Restaurants & Café;Number of Transactions;16298.075;2020-04-01;APR 2020;Restaurants & Café :  Number of Transactions
Monthly;2020;AUG;;Restaurants & Café;Number of Transactions;76653.525;2020-08-01;AUG 2020;Restaurants & Café :  Number of Transactions
Monthly;2020;DEC;;Restaurants & Café;Number of Transactions;101167.269;2020-12-01;DEC 2020;Restaurants & Café :  Number of Transactions
Monthly;2020;MAR;;Restaurants & Café;Sales;2270961.19836992;2020-03-01;MAR 2020;Restaurants & Café :  Sales
Monthly;2020;JUN;;Restaurants & Café;Sales;2723151.58968;2020-06-01;JUN 2020;Restaurants & Café :  Sales
Monthly;2020;OCT;;Restaurants & Café;Sales;4497378.975;2020-10-01;OCT 2020;Restaurants & Café :  Sales
Monthly;2020;APR;;Hotels;Number of Transactions;209.699;2020-04-01;APR 2020;Hotels :  Number of Transactions
Monthly;2020;MAY;;Hotels;Number of Transactions;280.884;2020-05-01;MAY 2020;Hotels :  Number of Transactions
Monthly;2020;MAY;;Hotels;Sales;101120.60221;2020-05-01;MAY 2020;Hotels :  Sales
Monthly;2020;JUL;;Hotels;Sales;493570.749779995;2020-07-01;JUL 2020;Hotels :  Sales
Monthly;2020;APR;;Beverage and Food;Sales;6436896.72422031;2020-04-01;APR 2020;Beverage and Food :  Sales
Monthly;2020;JUL;;Beverage and Food;Sales;5111516.94853032;2020-07-01;JUL 2020;Beverage and Food :  Sales
Monthly;2020;NOV;;Beverage and Food;Sales;5375486.33137052;2020-11-01;NOV 2020;Beverage and Food :  Sales
Monthly;2020;DEC;;Beverage and Food;Sales;5607793.763;2020-12-01;DEC 2020;Beverage and Food :  Sales
Monthly;2020;APR;;Clothing and Footwear;Number of Transactions;2811.229;2020-04-01;APR 2020;Clothing and Footwear :  Number of Transactions
Monthly;2020;JAN;;Clothing and Footwear;Sales;2734812.92892009;2020-01-01;JAN 2020;Clothing and Footwear :  Sales
Monthly;2020;MAR;;Clothing and Footwear;Sales;1314513.89423995;2020-03-01;MAR 2020;Clothing and Footwear :  Sales
Monthly;2020;SEP;;Clothing and Footwear;Sales;2361567.029;2020-09-01;SEP 2020;Clothing and Footwear :  Sales
Monthly;2020;NOV;;Clothing and Footwear;Sales;3012435.69153028;2020-11-01;NOV 2020;Clothing and Footwear :  Sales
Monthly;2020;FEB;;Recreation and Culture;Number of Transactions;4815.384;2020-02-01;FEB 2020;Recreation and Culture :  Number of Transactions
Monthly;2020;AUG;;Recreation and Culture;Number of Transactions;5107.123;2020-08-01;AUG 2020;Recreation and Culture :  Number of Transactions
Monthly;2020;SEP;;Recreation and Culture;Number of Transactions;6565.023;2020-09-01;SEP 2020;Recreation and Culture :  Number of Transactions
Monthly;2020;NOV;;Recreation and Culture;Number of Transactions;5860.828;2020-11-01;NOV 2020;Recreation and Culture :  Number of Transactions
Monthly;2020;DEC;;Recreation and Culture;Number of Transactions;6576.094;2020-12-01;DEC 2020;Recreation and Culture :  Number of Transactions
Monthly;2020;AUG;;Recreation and Culture;Sales;1184702.95709999;2020-08-01;AUG 2020;Recreation and Culture :  Sales
Monthly;2020;SEP;;Recreation and Culture;Sales;1156573.372;2020-09-01;SEP 2020;Recreation and Culture :  Sales
Monthly;2020;SEP;;Miscellaneous Goods and Services;Number of Transactions;10734.497;2020-09-01;SEP 2020;Miscellaneous Goods and Services :  Number of Transactions
Monthly;2020;OCT;;Miscellaneous Goods and Services;Number of Transactions;13059.414;2020-10-01;OCT 2020;Miscellaneous Goods and Services :  Number of Transactions
Monthly;2020;NOV;;Miscellaneous Goods and Services;Number of Transactions;15483.664;2020-11-01;NOV 2020;Miscellaneous Goods and Services :  Number of Transactions
Monthly;2020;JUL;;Miscellaneous Goods and Services;Sales;2424150.31545997;2020-07-01;JUL 2020;Miscellaneous Goods and Services :  Sales
Monthly;2020;APR;;Electronic & Electric Devices;Sales;596740.867139996;2020-04-01;APR 2020;Electronic & Electric Devices :  Sales
Monthly;2020;JUN;;Electronic & Electric Devices;Sales;2268705.96455;2020-06-01;JUN 2020;Electronic & Electric Devices :  Sales
Monthly;2020;MAR;;Furniture;Number of Transactions;1453.336;2020-03-01;MAR 2020;Furniture :  Number of Transactions
Monthly;2020;OCT;;Furniture;Number of Transactions;3080.8;2020-10-01;OCT 2020;Furniture :  Number of Transactions
Monthly;2020;OCT;;Furniture;Sales;1328186.167;2020-10-01;OCT 2020;Furniture :  Sales
Monthly;2020;NOV;;Construction & Building Materials;Number of Transactions;3265.097;2020-11-01;NOV 2020;Construction & Building Materials :  Number of Transactions
Monthly;2020;JUL;;Construction & Building Materials;Sales;1304793.25024998;2020-07-01;JUL 2020;Construction & Building Materials :  Sales
Monthly;2020;MAY;;Jewelry;Number of Transactions;707.83;2020-05-01;MAY 2020;Jewelry :  Number of Transactions
Monthly;2020;SEP;;Jewelry;Number of Transactions;711.589;2020-09-01;SEP 2020;Jewelry :  Number of Transactions
Monthly;2020;DEC;;Jewelry;Sales;1086820.486;2020-12-01;DEC 2020;Jewelry :  Sales
Monthly;2020;MAR;;Telecommunication;Number of Transactions;543.372;2020-03-01;MAR 2020;Telecommunication :  Number of Transactions
Monthly;2020;JUN;;Telecommunication;Number of Transactions;987.408;2020-06-01;JUN 2020;Telecommunication :  Number of Transactions
Monthly;2020;JUL;;Telecommunication;Number of Transactions;1011.296;2020-07-01;JUL 2020;Telecommunication :  Number of Transactions
Monthly;2020;OCT;;Telecommunication;Number of Transactions;1079.274;2020-10-01;OCT 2020;Telecommunication :  Number of Transactions
Monthly;2020;JUL;;Telecommunication;Sales;239712.138339998;2020-07-01;JUL 2020;Telecommunication :  Sales
Monthly;2020;SEP;;Education;Number of Transactions;264.327;2020-09-01;SEP 2020;Education :  Number of Transactions
Monthly;2020;OCT;;Education;Number of Transactions;190.583;2020-10-01;OCT 2020;Education :  Number of Transactions
Monthly;2020;JAN;;Education;Sales;1038907.53215;2020-01-01;JAN 2020;Education :  Sales
Monthly;2020;MAR;;Education;Sales;302522.165659999;2020-03-01;MAR 2020;Education :  Sales
Monthly;2020;APR;;Education;Sales;71887.94017;2020-04-01;APR 2020;Education :  Sales
Monthly;2020;JUN;;Education;Sales;355009.14684;2020-06-01;JUN 2020;Education :  Sales
Monthly;2020;OCT;;Education;Sales;288034.655;2020-10-01;OCT 2020;Education :  Sales
Monthly;2020;DEC;;Education;Sales;408173.564;2020-12-01;DEC 2020;Education :  Sales
Monthly;2020;FEB;;Public Utilities;Number of Transactions;2074.106;2020-02-01;FEB 2020;Public Utilities :  Number of Transactions
Monthly;2020;JUL;;Public Utilities;Number of Transactions;2411.298;2020-07-01;JUL 2020;Public Utilities :  Number of Transactions
Monthly;2020;SEP;;Public Utilities;Number of Transactions;2748.459;2020-09-01;SEP 2020;Public Utilities :  Number of Transactions
Monthly;2020;FEB;;Public Utilities;Sales;282305.301609999;2020-02-01;FEB 2020;Public Utilities :  Sales
Monthly;2020;OCT;;Public Utilities;Sales;303819.76;2020-10-01;OCT 2020;Public Utilities :  Sales
Monthly;2020;JAN;;Others;Number of Transactions;31601.725;2020-01-01;JAN 2020;Others :  Number of Transactions
Monthly;2020;APR;;Others;Number of Transactions;22247.776;2020-04-01;APR 2020;Others :  Number of Transactions
Monthly;2020;MAY;;Others;Number of Transactions;29344.891;2020-05-01;MAY 2020;Others :  Number of Transactions
Monthly;2020;DEC;;Others;Number of Transactions;68056.768;2020-12-01;DEC 2020;Others :  Number of Transactions
Monthly;2020;JAN;;Others;Sales;4073723.74632621;2020-01-01;JAN 2020;Others :  Sales
Monthly;2020;FEB;;Others;Sales;3783850.81180091;2020-02-01;FEB 2020;Others :  Sales
Monthly;2020;MAR;;Others;Sales;3740085.91871481;2020-03-01;MAR 2020;Others :  Sales
Monthly;2020;JUN;;Others;Sales;5922368.08914;2020-06-01;JUN 2020;Others :  Sales
Monthly;2020;MAY;;Total;Number of Transactions;159386.224;2020-05-01;MAY 2020;Total :  Number of Transactions
Monthly;2020;SEP;;Total;Number of Transactions;291969.968;2020-09-01;SEP 2020;Total :  Number of Transactions
Monthly;2020;JUN;;Total;Sales;37016394.90558;2020-06-01;JUN 2020;Total :  Sales
Monthly;2020;SEP;;Total;Sales;33214672.623;2020-09-01;SEP 2020;Total :  Sales
Annually;2020;;;Health;Number of Transactions;231075.576;2020-01-01;2020;Health :  Number of Transactions
Annually;2020;;;Health;Sales;29807177.0590499;2020-01-01;2020;Health :  Sales
Annually;2020;;;Miscellaneous Goods and Services;Sales;29172798.8779998;2020-01-01;2020;Miscellaneous Goods and Services :  Sales
Annually;2020;;;Construction & Building Materials;Number of Transactions;30165.946;2020-01-01;2020;Construction & Building Materials :  Number of Transactions
Annually;2020;;;Jewelry;Number of Transactions;8315.542;2020-01-01;2020;Jewelry :  Number of Transactions
Annually;2020;;;Education;Sales;5685498.20863;2020-01-01;2020;Education :  Sales
Annually;2020;;;Total;Sales;357297966.493406;2020-01-01;2020;Total :  Sales
Quarterly;2020;;Q1;Transportation;Sales;5183037.52430997;2020-01-01;Q1 2020;Transportation :  Sales
Quarterly;2020;;Q2;Restaurants & Café;Number of Transactions;94917.784;2020-04-01;Q2 2020;Restaurants & Café :  Number of Transactions
Quarterly;2020;;Q4;Hotels;Number of Transactions;5119.024;2020-10-01;Q4 2020;Hotels :  Number of Transactions
Quarterly;2020;;Q4;Beverage and Food;Number of Transactions;255037.472;2020-10-01;Q4 2020;Beverage and Food :  Number of Transactions
Quarterly;2020;;Q1;Beverage and Food;Sales;12872197.5007704;2020-01-01;Q1 2020;Beverage and Food :  Sales
Quarterly;2020;;Q2;Beverage and Food;Sales;17455532.2228408;2020-04-01;Q2 2020;Beverage and Food :  Sales
Quarterly;2020;;Q4;Clothing and Footwear;Number of Transactions;49053.368;2020-10-01;Q4 2020;Clothing and Footwear :  Number of Transactions
Quarterly;2020;;Q2;Clothing and Footwear;Sales;5062221.27615996;2020-04-01;Q2 2020;Clothing and Footwear :  Sales
Quarterly;2020;;Q1;Miscellaneous Goods and Services;Number of Transactions;19277.191;2020-01-01;Q1 2020;Miscellaneous Goods and Services :  Number of Transactions
Quarterly;2020;;Q1;Miscellaneous Goods and Services;Sales;7534808.03855997;2020-01-01;Q1 2020;Miscellaneous Goods and Services :  Sales
Quarterly;2020;;Q2;Miscellaneous Goods and Services;Sales;5818164.34794998;2020-04-01;Q2 2020;Miscellaneous Goods and Services :  Sales
Quarterly;2020;;Q3;Miscellaneous Goods and Services;Sales;7331436.00011995;2020-07-01;Q3 2020;Miscellaneous Goods and Services :  Sales
Quarterly;2020;;Q4;Electronic & Electric Devices;Number of Transactions;9026.046;2020-10-01;Q4 2020;Electronic & Electric Devices :  Number of Transactions
Quarterly;2020;;Q2;Electronic & Electric Devices;Sales;3897842.72400999;2020-04-01;Q2 2020;Electronic & Electric Devices :  Sales
Quarterly;2020;;Q2;Furniture;Number of Transactions;5435.221;2020-04-01;Q2 2020;Furniture :  Number of Transactions
Quarterly;2020;;Q2;Construction & Building Materials;Number of Transactions;6313.969;2020-04-01;Q2 2020;Construction & Building Materials :  Number of Transactions
Quarterly;2020;;Q1;Jewelry;Number of Transactions;1871.723;2020-01-01;Q1 2020;Jewelry :  Number of Transactions
Quarterly;2020;;Q4;Education;Number of Transactions;604.719;2020-10-01;Q4 2020;Education :  Number of Transactions
Quarterly;2020;;Q2;Education;Sales;586192.93744;2020-04-01;Q2 2020;Education :  Sales
Quarterly;2020;;Q3;Education;Sales;2227737.93004;2020-07-01;Q3 2020;Education :  Sales
Quarterly;2020;;Q2;Public Utilities;Number of Transactions;4137.322;2020-04-01;Q2 2020;Public Utilities :  Number of Transactions
Quarterly;2020;;Q3;Public Utilities;Number of Transactions;7699.736;2020-07-01;Q3 2020;Public Utilities :  Number of Transactions
Quarterly;2020;;Q3;Public Utilities;Sales;926925.859329999;2020-07-01;Q3 2020;Public Utilities :  Sales
Quarterly;2020;;Q3;Others;Sales;16488557.2657981;2020-07-01;Q3 2020;Others :  Sales
Quarterly;2020;;Q3;Total;Number of Transactions;828794.836;2020-07-01;Q3 2020;Total :  Number of Transactions
Quarterly;2020;;Q4;Total;Number of Transactions;978067.118;2020-10-01;Q4 2020;Total :  Number of Transactions
Monthly;2020;APR;;Transportation;Number of Transactions;1170.697;2020-04-01;APR 2020;Transportation :  Number of Transactions
Monthly;2020;DEC;;Transportation;Number of Transactions;4725.232;2020-12-01;DEC 2020;Transportation :  Number of Transactions
Monthly;2020;APR;;Transportation;Sales;432091.35142;2020-04-01;APR 2020;Transportation :  Sales
Monthly;2020;OCT;;Transportation;Sales;1898348.771;2020-10-01;OCT 2020;Transportation :  Sales
Monthly;2020;APR;;Health;Number of Transactions;13987.405;2020-04-01;APR 2020;Health :  Number of Transactions
Monthly;2020;APR;;Health;Sales;1469474.26742;2020-04-01;APR 2020;Health :  Sales
Monthly;2020;AUG;;Health;Sales;2688799.482;2020-08-01;AUG 2020;Health :  Sales
Monthly;2020;JAN;;Restaurants & Café;Sales;3343975.25123018;2020-01-01;JAN 2020;Restaurants & Café :  Sales
Monthly;2020;APR;;Restaurants & Café;Sales;991406.009199969;2020-04-01;APR 2020;Restaurants & Café :  Sales
Monthly;2020;MAR;;Hotels;Number of Transactions;812.121;2020-03-01;MAR 2020;Hotels :  Number of Transactions
Monthly;2020;JUN;;Hotels;Number of Transactions;767.805;2020-06-01;JUN 2020;Hotels :  Number of Transactions
Monthly;2020;DEC;;Hotels;Number of Transactions;1817.756;2020-12-01;DEC 2020;Hotels :  Number of Transactions
Monthly;2020;APR;;Hotels;Sales;89014.1905900003;2020-04-01;APR 2020;Hotels :  Sales
Monthly;2020;AUG;;Hotels;Sales;637058.262109994;2020-08-01;AUG 2020;Hotels :  Sales
Monthly;2020;APR;;Beverage and Food;Number of Transactions;54697.148;2020-04-01;APR 2020;Beverage and Food :  Number of Transactions
Monthly;2020;MAY;;Beverage and Food;Number of Transactions;57207.785;2020-05-01;MAY 2020;Beverage and Food :  Number of Transactions
Monthly;2020;OCT;;Beverage and Food;Number of Transactions;83402.697;2020-10-01;OCT 2020;Beverage and Food :  Number of Transactions
Monthly;2020;MAY;;Beverage and Food;Sales;5500385.29011046;2020-05-01;MAY 2020;Beverage and Food :  Sales
Monthly;2020;AUG;;Clothing and Footwear;Number of Transactions;11472.548;2020-08-01;AUG 2020;Clothing and Footwear :  Number of Transactions
Monthly;2020;SEP;;Clothing and Footwear;Number of Transactions;13384.828;2020-09-01;SEP 2020;Clothing and Footwear :  Number of Transactions
Monthly;2020;NOV;;Clothing and Footwear;Number of Transactions;15823.127;2020-11-01;NOV 2020;Clothing and Footwear :  Number of Transactions
Monthly;2020;DEC;;Clothing and Footwear;Number of Transactions;18895.14;2020-12-01;DEC 2020;Clothing and Footwear :  Number of Transactions
Monthly;2020;OCT;;Clothing and Footwear;Sales;2665164.568;2020-10-01;OCT 2020;Clothing and Footwear :  Sales
Monthly;2020;JAN;;Recreation and Culture;Number of Transactions;5057.029;2020-01-01;JAN 2020;Recreation and Culture :  Number of Transactions
Monthly;2020;JUN;;Recreation and Culture;Number of Transactions;4544.803;2020-06-01;JUN 2020;Recreation and Culture :  Number of Transactions
Monthly;2020;JAN;;Recreation and Culture;Sales;1213966.44544999;2020-01-01;JAN 2020;Recreation and Culture :  Sales
Monthly;2020;APR;;Recreation and Culture;Sales;375196.51905;2020-04-01;APR 2020;Recreation and Culture :  Sales
Monthly;2020;JUN;;Recreation and Culture;Sales;1248105.28318;2020-06-01;JUN 2020;Recreation and Culture :  Sales
Monthly;2020;NOV;;Recreation and Culture;Sales;1046019.17303;2020-11-01;NOV 2020;Recreation and Culture :  Sales
Monthly;2020;DEC;;Recreation and Culture;Sales;1336485.992;2020-12-01;DEC 2020;Recreation and Culture :  Sales
Monthly;2020;FEB;;Miscellaneous Goods and Services;Number of Transactions;6680.723;2020-02-01;FEB 2020;Miscellaneous Goods and Services :  Number of Transactions
Monthly;2020;APR;;Miscellaneous Goods and Services;Number of Transactions;3570.769;2020-04-01;APR 2020;Miscellaneous Goods and Services :  Number of Transactions
Monthly;2020;JUL;;Miscellaneous Goods and Services;Number of Transactions;8480.803;2020-07-01;JUL 2020;Miscellaneous Goods and Services :  Number of Transactions
Monthly;2020;FEB;;Miscellaneous Goods and Services;Sales;2560020.17561999;2020-02-01;FEB 2020;Miscellaneous Goods and Services :  Sales
Monthly;2020;MAR;;Miscellaneous Goods and Services;Sales;2328772.13100999;2020-03-01;MAR 2020;Miscellaneous Goods and Services :  Sales
Monthly;2020;JUN;;Miscellaneous Goods and Services;Sales;2818807.81642;2020-06-01;JUN 2020;Miscellaneous Goods and Services :  Sales
Monthly;2020;NOV;;Miscellaneous Goods and Services;Sales;2703378.15336991;2020-11-01;NOV 2020;Miscellaneous Goods and Services :  Sales
Monthly;2020;DEC;;Miscellaneous Goods and Services;Sales;3179503.322;2020-12-01;DEC 2020;Miscellaneous Goods and Services :  Sales
Monthly;2020;APR;;Electronic & Electric Devices;Number of Transactions;1365.367;2020-04-01;APR 2020;Electronic & Electric Devices :  Number of Transactions
Monthly;2020;MAY;;Electronic & Electric Devices;Number of Transactions;1987.209;2020-05-01;MAY 2020;Electronic & Electric Devices :  Number of Transactions
Monthly;2020;JUN;;Electronic & Electric Devices;Number of Transactions;2932.858;2020-06-01;JUN 2020;Electronic & Electric Devices :  Number of Transactions
Monthly;2020;JUL;;Electronic & Electric Devices;Number of Transactions;2599.502;2020-07-01;JUL 2020;Electronic & Electric Devices :  Number of Transactions
Monthly;2020;NOV;;Electronic & Electric Devices;Number of Transactions;3113.109;2020-11-01;NOV 2020;Electronic & Electric Devices :  Number of Transactions
Monthly;2020;JAN;;Electronic & Electric Devices;Sales;1003950.27548999;2020-01-01;JAN 2020;Electronic & Electric Devices :  Sales
Monthly;2020;MAR;;Electronic & Electric Devices;Sales;1088074.60499999;2020-03-01;MAR 2020;Electronic & Electric Devices :  Sales
Monthly;2020;DEC;;Electronic & Electric Devices;Sales;1324599.28;2020-12-01;DEC 2020;Electronic & Electric Devices :  Sales
Monthly;2020;FEB;;Furniture;Number of Transactions;1772.013;2020-02-01;FEB 2020;Furniture :  Number of Transactions
Monthly;2020;MAY;;Furniture;Sales;842235.95958999;2020-05-01;MAY 2020;Furniture :  Sales
Monthly;2020;JUN;;Furniture;Sales;2192985.3708;2020-06-01;JUN 2020;Furniture :  Sales
Monthly;2020;AUG;;Furniture;Sales;1115366.42733998;2020-08-01;AUG 2020;Furniture :  Sales
Monthly;2020;MAR;;Construction & Building Materials;Number of Transactions;1947.396;2020-03-01;MAR 2020;Construction & Building Materials :  Number of Transactions
Monthly;2020;APR;;Construction & Building Materials;Number of Transactions;1480.169;2020-04-01;APR 2020;Construction & Building Materials :  Number of Transactions
Monthly;2020;MAY;;Construction & Building Materials;Number of Transactions;1736.309;2020-05-01;MAY 2020;Construction & Building Materials :  Number of Transactions
Monthly;2020;JAN;;Construction & Building Materials;Sales;1330863.53158998;2020-01-01;JAN 2020;Construction & Building Materials :  Sales
Monthly;2020;FEB;;Construction & Building Materials;Sales;1373983.97129998;2020-02-01;FEB 2020;Construction & Building Materials :  Sales
Monthly;2020;MAR;;Construction & Building Materials;Sales;1529520.23300999;2020-03-01;MAR 2020;Construction & Building Materials :  Sales
Monthly;2020;NOV;;Construction & Building Materials;Sales;1642005.85541997;2020-11-01;NOV 2020;Construction & Building Materials :  Sales
Monthly;2020;JAN;;Jewelry;Number of Transactions;763.203;2020-01-01;JAN 2020;Jewelry :  Number of Transactions
Monthly;2020;APR;;Jewelry;Number of Transactions;152.204;2020-04-01;APR 2020;Jewelry :  Number of Transactions
Monthly;2020;AUG;;Jewelry;Number of Transactions;614.95;2020-08-01;AUG 2020;Jewelry :  Number of Transactions
Monthly;2020;FEB;;Jewelry;Sales;900917.972509989;2020-02-01;FEB 2020;Jewelry :  Sales
Monthly;2020;SEP;;Jewelry;Sales;796903.732;2020-09-01;SEP 2020;Jewelry :  Sales
Monthly;2020;OCT;;Jewelry;Sales;870998.542;2020-10-01;OCT 2020;Jewelry :  Sales
Monthly;2020;MAY;;Telecommunication;Number of Transactions;696.724;2020-05-01;MAY 2020;Telecommunication :  Number of Transactions
Monthly;2020;DEC;;Telecommunication;Number of Transactions;1331.267;2020-12-01;DEC 2020;Telecommunication :  Number of Transactions
Monthly;2020;FEB;;Telecommunication;Sales;138739.19018;2020-02-01;FEB 2020;Telecommunication :  Sales
Monthly;2020;AUG;;Telecommunication;Sales;236409.2945;2020-08-01;AUG 2020;Telecommunication :  Sales
Monthly;2020;JUL;;Education;Number of Transactions;128.824;2020-07-01;JUL 2020;Education :  Number of Transactions
Monthly;2020;JUL;;Public Utilities;Sales;293915.746429999;2020-07-01;JUL 2020;Public Utilities :  Sales
Monthly;2020;JUN;;Others;Number of Transactions;40954.726;2020-06-01;JUN 2020;Others :  Number of Transactions
Monthly;2020;OCT;;Others;Number of Transactions;64048.709;2020-10-01;OCT 2020;Others :  Number of Transactions
Monthly;2020;NOV;;Others;Number of Transactions;64287.398;2020-11-01;NOV 2020;Others :  Number of Transactions
Monthly;2020;JUL;;Others;Sales;5456834.51179812;2020-07-01;JUL 2020;Others :  Sales
Monthly;2020;NOV;;Others;Sales;6078247.61989661;2020-11-01;NOV 2020;Others :  Sales
Monthly;2020;MAR;;Total;Number of Transactions;174502.566;2020-03-01;MAR 2020;Total :  Number of Transactions
Monthly;2020;APR;;Total;Number of Transactions;121834.258;2020-04-01;APR 2020;Total :  Number of Transactions
Monthly;2020;JUN;;Total;Number of Transactions;220800.655;2020-06-01;JUN 2020;Total :  Number of Transactions
Monthly;2020;FEB;;Total;Sales;25932325.385731;2020-02-01;FEB 2020;Total :  Sales
Monthly;2020;MAR;;Total;Sales;24792558.9760348;2020-03-01;MAR 2020;Total :  Sales
Annually;2020;;;Transportation;Sales;20506844.4153299;2020-01-01;2020;Transportation :  Sales
Annually;2020;;;Restaurants & Café;Sales;40059986.5690019;2020-01-01;2020;Restaurants & Café :  Sales
Annually;2020;;;Hotels;Number of Transactions;14966.08;2020-01-01;2020;Hotels :  Number of Transactions
Annually;2020;;;Hotels;Sales;6065702.31688996;2020-01-01;2020;Hotels :  Sales
Annually;2020;;;Miscellaneous Goods and Services;Number of Transactions;110208.022;2020-01-01;2020;Miscellaneous Goods and Services :  Number of Transactions
Annually;2020;;;Others;Number of Transactions;551405.073;2020-01-01;2020;Others :  Number of Transactions
Quarterly;2020;;Q2;Transportation;Number of Transactions;6836.599;2020-04-01;Q2 2020;Transportation :  Number of Transactions
Quarterly;2020;;Q1;Health;Number of Transactions;51148.777;2020-01-01;Q1 2020;Health :  Number of Transactions
Quarterly;2020;;Q2;Health;Sales;6184148.82963998;2020-04-01;Q2 2020;Health :  Sales
Quarterly;2020;;Q3;Restaurants & Café;Number of Transactions;232751.339;2020-07-01;Q3 2020;Restaurants & Café :  Number of Transactions
Quarterly;2020;;Q3;Restaurants & Café;Sales;12162330.6076511;2020-07-01;Q3 2020;Restaurants & Café :  Sales
Quarterly;2020;;Q4;Restaurants & Café;Sales;13805670.4427708;2020-10-01;Q4 2020;Restaurants & Café :  Sales
Quarterly;2020;;Q1;Hotels;Number of Transactions;4116.853;2020-01-01;Q1 2020;Hotels :  Number of Transactions
Quarterly;2020;;Q2;Hotels;Number of Transactions;1258.388;2020-04-01;Q2 2020;Hotels :  Number of Transactions
Quarterly;2020;;Q3;Hotels;Number of Transactions;4471.815;2020-07-01;Q3 2020;Hotels :  Number of Transactions
Quarterly;2020;;Q4;Hotels;Sales;1866857.01292999;2020-10-01;Q4 2020;Hotels :  Sales
Quarterly;2020;;Q1;Beverage and Food;Number of Transactions;138705.959;2020-01-01;Q1 2020;Beverage and Food :  Number of Transactions
Quarterly;2020;;Q2;Beverage and Food;Number of Transactions;177441.074;2020-04-01;Q2 2020;Beverage and Food :  Number of Transactions
Quarterly;2020;;Q3;Beverage and Food;Number of Transactions;222828.359;2020-07-01;Q3 2020;Beverage and Food :  Number of Transactions
Quarterly;2020;;Q1;Recreation and Culture;Number of Transactions;13243.751;2020-01-01;Q1 2020;Recreation and Culture :  Number of Transactions
Quarterly;2020;;Q2;Recreation and Culture;Sales;2620231.14699;2020-04-01;Q2 2020;Recreation and Culture :  Sales
Quarterly;2020;;Q4;Miscellaneous Goods and Services;Sales;8488390.49136991;2020-10-01;Q4 2020;Miscellaneous Goods and Services :  Sales
Quarterly;2020;;Q4;Electronic & Electric Devices;Sales;4111563.03627998;2020-10-01;Q4 2020;Electronic & Electric Devices :  Sales
Quarterly;2020;;Q3;Furniture;Number of Transactions;8505.575;2020-07-01;Q3 2020;Furniture :  Number of Transactions
Quarterly;2020;;Q1;Construction & Building Materials;Number of Transactions;5421.984;2020-01-01;Q1 2020;Construction & Building Materials :  Number of Transactions
Quarterly;2020;;Q4;Jewelry;Sales;2872984.07203999;2020-10-01;Q4 2020;Jewelry :  Sales
Quarterly;2020;;Q1;Telecommunication;Number of Transactions;1664.563;2020-01-01;Q1 2020;Telecommunication :  Number of Transactions
Quarterly;2020;;Q3;Telecommunication;Number of Transactions;3158.437;2020-07-01;Q3 2020;Telecommunication :  Number of Transactions
Quarterly;2020;;Q3;Telecommunication;Sales;762438.765839998;2020-07-01;Q3 2020;Telecommunication :  Sales
Quarterly;2020;;Q1;Others;Number of Transactions;94450.284;2020-01-01;Q1 2020;Others :  Number of Transactions
Quarterly;2020;;Q3;Others;Number of Transactions;168014.521;2020-07-01;Q3 2020;Others :  Number of Transactions
Monthly;2020;FEB;;Transportation;Number of Transactions;2985.997;2020-02-01;FEB 2020;Transportation :  Number of Transactions
Monthly;2020;SEP;;Transportation;Number of Transactions;4213.741;2020-09-01;SEP 2020;Transportation :  Number of Transactions
Monthly;2020;OCT;;Health;Number of Transactions;21684.811;2020-10-01;OCT 2020;Health :  Number of Transactions
Monthly;2020;OCT;;Health;Sales;2832486.588;2020-10-01;OCT 2020;Health :  Sales
Monthly;2020;NOV;;Health;Sales;2735160.26468999;2020-11-01;NOV 2020;Health :  Sales
Monthly;2020;JAN;;Restaurants & Café;Number of Transactions;56713.664;2020-01-01;JAN 2020;Restaurants & Café :  Number of Transactions
Monthly;2020;SEP;;Restaurants & Café;Number of Transactions;83482.025;2020-09-01;SEP 2020;Restaurants & Café :  Number of Transactions
Monthly;2020;NOV;;Restaurants & Café;Number of Transactions;92218.063;2020-11-01;NOV 2020;Restaurants & Café :  Number of Transactions
Monthly;2020;JUL;;Restaurants & Café;Sales;3908646.42126048;2020-07-01;JUL 2020;Restaurants & Café :  Sales
Monthly;2020;SEP;;Restaurants & Café;Sales;4213053.427;2020-09-01;SEP 2020;Restaurants & Café :  Sales
Monthly;2020;JAN;;Hotels;Number of Transactions;1859.413;2020-01-01;JAN 2020;Hotels :  Number of Transactions
Monthly;2020;AUG;;Hotels;Number of Transactions;1646.242;2020-08-01;AUG 2020;Hotels :  Number of Transactions
Monthly;2020;OCT;;Hotels;Number of Transactions;1638.144;2020-10-01;OCT 2020;Hotels :  Number of Transactions
Monthly;2020;FEB;;Hotels;Sales;697016.955589994;2020-02-01;FEB 2020;Hotels :  Sales
Monthly;2020;MAR;;Hotels;Sales;343584.627929998;2020-03-01;MAR 2020;Hotels :  Sales
Monthly;2020;SEP;;Hotels;Sales;548451.326;2020-09-01;SEP 2020;Hotels :  Sales
Monthly;2020;OCT;;Hotels;Sales;582439.991;2020-10-01;OCT 2020;Hotels :  Sales
Monthly;2020;NOV;;Hotels;Sales;606776.435929991;2020-11-01;NOV 2020;Hotels :  Sales
Monthly;2020;MAR;;Clothing and Footwear;Number of Transactions;6707.423;2020-03-01;MAR 2020;Clothing and Footwear :  Number of Transactions
Monthly;2020;FEB;;Clothing and Footwear;Sales;2021299.21994992;2020-02-01;FEB 2020;Clothing and Footwear :  Sales
Monthly;2020;MAY;;Clothing and Footwear;Sales;2314524.21370997;2020-05-01;MAY 2020;Clothing and Footwear :  Sales
Monthly;2020;JUN;;Clothing and Footwear;Sales;2270785.41726;2020-06-01;JUN 2020;Clothing and Footwear :  Sales
Monthly;2020;MAR;;Recreation and Culture;Sales;782657.923219998;2020-03-01;MAR 2020;Recreation and Culture :  Sales
Monthly;2020;JUL;;Recreation and Culture;Sales;1004067.85684;2020-07-01;JUL 2020;Recreation and Culture :  Sales
Monthly;2020;OCT;;Recreation and Culture;Sales;1098070.045;2020-10-01;OCT 2020;Recreation and Culture :  Sales
Monthly;2020;JUN;;Miscellaneous Goods and Services;Number of Transactions;6634.571;2020-06-01;JUN 2020;Miscellaneous Goods and Services :  Number of Transactions
Monthly;2020;AUG;;Miscellaneous Goods and Services;Number of Transactions;8582.097;2020-08-01;AUG 2020;Miscellaneous Goods and Services :  Number of Transactions
Monthly;2020;DEC;;Miscellaneous Goods and Services;Number of Transactions;19717.412;2020-12-01;DEC 2020;Miscellaneous Goods and Services :  Number of Transactions
Monthly;2020;APR;;Miscellaneous Goods and Services;Sales;1324488.09994999;2020-04-01;APR 2020;Miscellaneous Goods and Services :  Sales
Monthly;2020;SEP;;Miscellaneous Goods and Services;Sales;2664892.632;2020-09-01;SEP 2020;Miscellaneous Goods and Services :  Sales
Monthly;2020;OCT;;Miscellaneous Goods and Services;Sales;2605509.016;2020-10-01;OCT 2020;Miscellaneous Goods and Services :  Sales
Monthly;2020;MAR;;Electronic & Electric Devices;Number of Transactions;1963.28;2020-03-01;MAR 2020;Electronic & Electric Devices :  Number of Transactions
Monthly;2020;OCT;;Electronic & Electric Devices;Number of Transactions;2931.431;2020-10-01;OCT 2020;Electronic & Electric Devices :  Number of Transactions
Monthly;2020;DEC;;Electronic & Electric Devices;Number of Transactions;2981.506;2020-12-01;DEC 2020;Electronic & Electric Devices :  Number of Transactions
Monthly;2020;FEB;;Electronic & Electric Devices;Sales;1049466.94649999;2020-02-01;FEB 2020;Electronic & Electric Devices :  Sales
Monthly;2020;MAY;;Electronic & Electric Devices;Sales;1032395.89231999;2020-05-01;MAY 2020;Electronic & Electric Devices :  Sales
Monthly;2020;JUL;;Electronic & Electric Devices;Sales;1059495.09989998;2020-07-01;JUL 2020;Electronic & Electric Devices :  Sales
Monthly;2020;AUG;;Electronic & Electric Devices;Sales;1163198.59449999;2020-08-01;AUG 2020;Electronic & Electric Devices :  Sales
Monthly;2020;JAN;;Furniture;Number of Transactions;1970.447;2020-01-01;JAN 2020;Furniture :  Number of Transactions
Monthly;2020;APR;;Furniture;Number of Transactions;784.243;2020-04-01;APR 2020;Furniture :  Number of Transactions
Monthly;2020;MAY;;Furniture;Number of Transactions;1794.772;2020-05-01;MAY 2020;Furniture :  Number of Transactions
Monthly;2020;AUG;;Furniture;Number of Transactions;2560.68;2020-08-01;AUG 2020;Furniture :  Number of Transactions
Monthly;2020;NOV;;Furniture;Number of Transactions;3190.595;2020-11-01;NOV 2020;Furniture :  Number of Transactions
Monthly;2020;APR;;Furniture;Sales;318437.708619999;2020-04-01;APR 2020;Furniture :  Sales
Monthly;2020;NOV;;Furniture;Sales;1488631.18793997;2020-11-01;NOV 2020;Furniture :  Sales
Monthly;2020;JAN;;Construction & Building Materials;Number of Transactions;1743.096;2020-01-01;JAN 2020;Construction & Building Materials :  Number of Transactions
Monthly;2020;AUG;;Construction & Building Materials;Number of Transactions;2676.984;2020-08-01;AUG 2020;Construction & Building Materials :  Number of Transactions
Monthly;2020;DEC;;Construction & Building Materials;Number of Transactions;3542.064;2020-12-01;DEC 2020;Construction & Building Materials :  Number of Transactions
Monthly;2020;JUN;;Construction & Building Materials;Sales;3029934.51038;2020-06-01;JUN 2020;Construction & Building Materials :  Sales
Monthly;2020;NOV;;Jewelry;Number of Transactions;740.062;2020-11-01;NOV 2020;Jewelry :  Number of Transactions
Monthly;2020;JAN;;Jewelry;Sales;961003.676079989;2020-01-01;JAN 2020;Jewelry :  Sales
Monthly;2020;APR;;Jewelry;Sales;100490.23102;2020-04-01;APR 2020;Jewelry :  Sales
Monthly;2020;JUN;;Jewelry;Sales;2126401.03951;2020-06-01;JUN 2020;Jewelry :  Sales
Monthly;2020;MAR;;Telecommunication;Sales;153644.990660001;2020-03-01;MAR 2020;Telecommunication :  Sales
Monthly;2020;APR;;Telecommunication;Sales;127181.60674;2020-04-01;APR 2020;Telecommunication :  Sales
Monthly;2020;JUN;;Telecommunication;Sales;349905.72794;2020-06-01;JUN 2020;Telecommunication :  Sales
Monthly;2020;SEP;;Telecommunication;Sales;286317.333;2020-09-01;SEP 2020;Telecommunication :  Sales
Monthly;2020;OCT;;Telecommunication;Sales;259868.073;2020-10-01;OCT 2020;Telecommunication :  Sales
Monthly;2020;MAR;;Education;Number of Transactions;142.578;2020-03-01;MAR 2020;Education :  Number of Transactions
Monthly;2020;DEC;;Education;Number of Transactions;222.382;2020-12-01;DEC 2020;Education :  Number of Transactions
Monthly;2020;MAR;;Public Utilities;Number of Transactions;1655.622;2020-03-01;MAR 2020;Public Utilities :  Number of Transactions
Monthly;2020;APR;;Public Utilities;Number of Transactions;969.376;2020-04-01;APR 2020;Public Utilities :  Number of Transactions
Monthly;2020;AUG;;Public Utilities;Number of Transactions;2539.979;2020-08-01;AUG 2020;Public Utilities :  Number of Transactions
Monthly;2020;OCT;;Public Utilities;Number of Transactions;2543.8;2020-10-01;OCT 2020;Public Utilities :  Number of Transactions
Monthly;2020;APR;;Public Utilities;Sales;153411.73505;2020-04-01;APR 2020;Public Utilities :  Sales
Monthly;2020;JUN;;Public Utilities;Sales;393433.81521;2020-06-01;JUN 2020;Public Utilities :  Sales
Monthly;2020;SEP;;Public Utilities;Sales;336781.514;2020-09-01;SEP 2020;Public Utilities :  Sales
Monthly;2020;DEC;;Public Utilities;Sales;301411.973;2020-12-01;DEC 2020;Public Utilities :  Sales
Monthly;2020;AUG;;Others;Number of Transactions;54801.399;2020-08-01;AUG 2020;Others :  Number of Transactions
Monthly;2020;SEP;;Others;Number of Transactions;59796.154;2020-09-01;SEP 2020;Others :  Number of Transactions
Monthly;2020;DEC;;Others;Sales;6552125.708;2020-12-01;DEC 2020;Others :  Sales
Monthly;2020;JAN;;Total;Number of Transactions;186144.169;2020-01-01;JAN 2020;Total :  Number of Transactions
Monthly;2020;OCT;;Total;Number of Transactions;313552.99;2020-10-01;OCT 2020;Total :  Number of Transactions
Monthly;2020;NOV;;Total;Sales;34263994.191898;2020-11-01;NOV 2020;Total :  Sales
Annually;2020;;;Transportation;Number of Transactions;41026.059;2020-01-01;2020;Transportation :  Number of Transactions
Annually;2020;;;Beverage and Food;Number of Transactions;794012.864;2020-01-01;2020;Beverage and Food :  Number of Transactions
Annually;2020;;;Clothing and Footwear;Number of Transactions;147469.654;2020-01-01;2020;Clothing and Footwear :  Number of Transactions
Annually;2020;;;Recreation and Culture;Number of Transactions;59022.6;2020-01-01;2020;Recreation and Culture :  Number of Transactions
Annually;2020;;;Recreation and Culture;Sales;12435747.17541;2020-01-01;2020;Recreation and Culture :  Sales
Annually;2020;;;Jewelry;Sales;10843301.6119599;2020-01-01;2020;Jewelry :  Sales
Annually;2020;;;Telecommunication;Number of Transactions;10456.783;2020-01-01;2020;Telecommunication :  Number of Transactions
Annually;2020;;;Education;Number of Transactions;2263.841;2020-01-01;2020;Education :  Number of Transactions
Annually;2020;;;Public Utilities;Number of Transactions;25064.615;2020-01-01;2020;Public Utilities :  Number of Transactions
Annually;2020;;;Public Utilities;Sales;3410497.41092;2020-01-01;2020;Public Utilities :  Sales
Quarterly;2020;;Q1;Health;Sales;6617012.83650996;2020-01-01;Q1 2020;Health :  Sales
Quarterly;2020;;Q1;Restaurants & Café;Number of Transactions;156994.852;2020-01-01;Q1 2020;Restaurants & Café :  Number of Transactions
Quarterly;2020;;Q1;Restaurants & Café;Sales;8643825.79216021;2020-01-01;Q1 2020;Restaurants & Café :  Sales
Quarterly;2020;;Q1;Hotels;Sales;2058786.72548998;2020-01-01;Q1 2020;Hotels :  Sales
Quarterly;2020;;Q3;Beverage and Food;Sales;15586320.1280806;2020-07-01;Q3 2020;Beverage and Food :  Sales
Quarterly;2020;;Q4;Beverage and Food;Sales;16533820.0333705;2020-10-01;Q4 2020;Beverage and Food :  Sales
Quarterly;2020;;Q1;Clothing and Footwear;Number of Transactions;31012.914;2020-01-01;Q1 2020;Clothing and Footwear :  Number of Transactions
Quarterly;2020;;Q4;Clothing and Footwear;Sales;9174577.82953028;2020-10-01;Q4 2020;Clothing and Footwear :  Sales
Quarterly;2020;;Q4;Recreation and Culture;Number of Transactions;18725.474;2020-10-01;Q4 2020;Recreation and Culture :  Number of Transactions
Quarterly;2020;;Q2;Miscellaneous Goods and Services;Number of Transactions;14872.944;2020-04-01;Q2 2020;Miscellaneous Goods and Services :  Number of Transactions
Quarterly;2020;;Q1;Electronic & Electric Devices;Sales;3141491.82698997;2020-01-01;Q1 2020;Electronic & Electric Devices :  Sales
Quarterly;2020;;Q3;Electronic & Electric Devices;Sales;3559869.17239997;2020-07-01;Q3 2020;Electronic & Electric Devices :  Sales
Quarterly;2020;;Q2;Furniture;Sales;3353659.03900999;2020-04-01;Q2 2020;Furniture :  Sales
Quarterly;2020;;Q3;Construction & Building Materials;Number of Transactions;8470.736;2020-07-01;Q3 2020;Construction & Building Materials :  Number of Transactions
Quarterly;2020;;Q2;Construction & Building Materials;Sales;4699975.94373998;2020-04-01;Q2 2020;Construction & Building Materials :  Sales
Quarterly;2020;;Q3;Jewelry;Number of Transactions;2178.795;2020-07-01;Q3 2020;Jewelry :  Number of Transactions
Quarterly;2020;;Q2;Jewelry;Sales;3192315.77988999;2020-04-01;Q2 2020;Jewelry :  Sales
Quarterly;2020;;Q4;Telecommunication;Number of Transactions;3563.479;2020-10-01;Q4 2020;Telecommunication :  Number of Transactions
Quarterly;2020;;Q1;Telecommunication;Sales;452290.859410001;2020-01-01;Q1 2020;Telecommunication :  Sales
Quarterly;2020;;Q1;Education;Sales;1902765.191;2020-01-01;Q1 2020;Education :  Sales
Quarterly;2020;;Q4;Others;Number of Transactions;196392.875;2020-10-01;Q4 2020;Others :  Number of Transactions
Quarterly;2020;;Q1;Others;Sales;11597660.4768419;2020-01-01;Q1 2020;Others :  Sales
Quarterly;2020;;Q1;Total;Number of Transactions;543981.191;2020-01-01;Q1 2020;Total :  Number of Transactions
Quarterly;2020;;Q4;Total;Sales;105521601.204898;2020-10-01;Q4 2020;Total :  Sales
Monthly;2020;JUL;;Transportation;Number of Transactions;3912.342;2020-07-01;JUL 2020;Transportation :  Number of Transactions
Monthly;2020;OCT;;Transportation;Number of Transactions;4416.45;2020-10-01;OCT 2020;Transportation :  Number of Transactions
Monthly;2020;JAN;;Transportation;Sales;1924317.88362999;2020-01-01;JAN 2020;Transportation :  Sales
Monthly;2020;FEB;;Transportation;Sales;1813561.38462999;2020-02-01;FEB 2020;Transportation :  Sales
Monthly;2020;MAR;;Transportation;Sales;1445158.25604999;2020-03-01;MAR 2020;Transportation :  Sales
Monthly;2020;JUN;;Transportation;Sales;2766397.07186;2020-06-01;JUN 2020;Transportation :  Sales
Monthly;2020;JUL;;Transportation;Sales;1677233.22476999;2020-07-01;JUL 2020;Transportation :  Sales
Monthly;2020;SEP;;Transportation;Sales;1837171.525;2020-09-01;SEP 2020;Transportation :  Sales
Monthly;2020;DEC;;Transportation;Sales;2027419.526;2020-12-01;DEC 2020;Transportation :  Sales
Monthly;2020;FEB;;Health;Number of Transactions;16652.064;2020-02-01;FEB 2020;Health :  Number of Transactions
Monthly;2020;JUL;;Health;Number of Transactions;21296.824;2020-07-01;JUL 2020;Health :  Number of Transactions
Monthly;2020;AUG;;Health;Number of Transactions;20412.247;2020-08-01;AUG 2020;Health :  Number of Transactions
Monthly;2020;NOV;;Health;Number of Transactions;20879.643;2020-11-01;NOV 2020;Health :  Number of Transactions
Monthly;2020;DEC;;Health;Number of Transactions;22009.284;2020-12-01;DEC 2020;Health :  Number of Transactions
Monthly;2020;JUN;;Health;Sales;2761310.40652;2020-06-01;JUN 2020;Health :  Sales
Monthly;2020;FEB;;Restaurants & Café;Number of Transactions;56625.944;2020-02-01;FEB 2020;Restaurants & Café :  Number of Transactions
Monthly;2020;MAR;;Restaurants & Café;Number of Transactions;43655.244;2020-03-01;MAR 2020;Restaurants & Café :  Number of Transactions
Monthly;2020;JUL;;Restaurants & Café;Number of Transactions;72615.789;2020-07-01;JUL 2020;Restaurants & Café :  Number of Transactions
Monthly;2020;NOV;;Restaurants & Café;Sales;4434446.30277077;2020-11-01;NOV 2020;Restaurants & Café :  Sales
Monthly;2020;JUL;;Hotels;Number of Transactions;1313.054;2020-07-01;JUL 2020;Hotels :  Number of Transactions
Monthly;2020;SEP;;Hotels;Number of Transactions;1512.519;2020-09-01;SEP 2020;Hotels :  Number of Transactions
Monthly;2020;JUN;;Hotels;Sales;270843.44778;2020-06-01;JUN 2020;Hotels :  Sales
Monthly;2020;DEC;;Hotels;Sales;677640.586;2020-12-01;DEC 2020;Hotels :  Sales
Monthly;2020;JAN;;Beverage and Food;Number of Transactions;41421.767;2020-01-01;JAN 2020;Beverage and Food :  Number of Transactions
Monthly;2020;FEB;;Beverage and Food;Number of Transactions;43274.112;2020-02-01;FEB 2020;Beverage and Food :  Number of Transactions
Monthly;2020;JUL;;Beverage and Food;Number of Transactions;71465.614;2020-07-01;JUL 2020;Beverage and Food :  Number of Transactions
Monthly;2020;AUG;;Beverage and Food;Number of Transactions;73639.755;2020-08-01;AUG 2020;Beverage and Food :  Number of Transactions
Monthly;2020;DEC;;Beverage and Food;Number of Transactions;88386.398;2020-12-01;DEC 2020;Beverage and Food :  Number of Transactions
Monthly;2020;FEB;;Beverage and Food;Sales;3563756.56786013;2020-02-01;FEB 2020;Beverage and Food :  Sales
Monthly;2020;JUN;;Beverage and Food;Sales;5518250.20851;2020-06-01;JUN 2020;Beverage and Food :  Sales
Monthly;2020;AUG;;Beverage and Food;Sales;5149132.2485503;2020-08-01;AUG 2020;Beverage and Food :  Sales
Monthly;2020;OCT;;Beverage and Food;Sales;5550539.939;2020-10-01;OCT 2020;Beverage and Food :  Sales
Monthly;2020;MAY;;Clothing and Footwear;Number of Transactions;11247.763;2020-05-01;MAY 2020;Clothing and Footwear :  Number of Transactions
Monthly;2020;JUL;;Clothing and Footwear;Number of Transactions;17633.735;2020-07-01;JUL 2020;Clothing and Footwear :  Number of Transactions
Monthly;2020;APR;;Clothing and Footwear;Sales;476911.645189988;2020-04-01;APR 2020;Clothing and Footwear :  Sales
Monthly;2020;JUL;;Clothing and Footwear;Sales;3293332.24253031;2020-07-01;JUL 2020;Clothing and Footwear :  Sales
Monthly;2020;MAY;;Recreation and Culture;Number of Transactions;3877.991;2020-05-01;MAY 2020;Recreation and Culture :  Number of Transactions
Monthly;2020;OCT;;Recreation and Culture;Number of Transactions;6288.552;2020-10-01;OCT 2020;Recreation and Culture :  Number of Transactions
Monthly;2020;JAN;;Miscellaneous Goods and Services;Number of Transactions;6862.249;2020-01-01;JAN 2020;Miscellaneous Goods and Services :  Number of Transactions
Monthly;2020;MAY;;Miscellaneous Goods and Services;Number of Transactions;4667.604;2020-05-01;MAY 2020;Miscellaneous Goods and Services :  Number of Transactions
Monthly;2020;MAY;;Miscellaneous Goods and Services;Sales;1674868.43157999;2020-05-01;MAY 2020;Miscellaneous Goods and Services :  Sales
Monthly;2020;FEB;;Electronic & Electric Devices;Number of Transactions;1885.458;2020-02-01;FEB 2020;Electronic & Electric Devices :  Number of Transactions
Monthly;2020;SEP;;Electronic & Electric Devices;Number of Transactions;2937.434;2020-09-01;SEP 2020;Electronic & Electric Devices :  Number of Transactions
Monthly;2020;NOV;;Electronic & Electric Devices;Sales;1498924.37527998;2020-11-01;NOV 2020;Electronic & Electric Devices :  Sales
Monthly;2020;JUN;;Furniture;Number of Transactions;2856.206;2020-06-01;JUN 2020;Furniture :  Number of Transactions
Monthly;2020;SEP;;Furniture;Number of Transactions;2951.839;2020-09-01;SEP 2020;Furniture :  Number of Transactions
Monthly;2020;JAN;;Furniture;Sales;1004331.71167999;2020-01-01;JAN 2020;Furniture :  Sales
Monthly;2020;JUL;;Furniture;Sales;1210277.63712998;2020-07-01;JUL 2020;Furniture :  Sales
Monthly;2020;SEP;;Furniture;Sales;1407799.774;2020-09-01;SEP 2020;Furniture :  Sales
Monthly;2020;FEB;;Construction & Building Materials;Number of Transactions;1731.492;2020-02-01;FEB 2020;Construction & Building Materials :  Number of Transactions
Monthly;2020;JUL;;Construction & Building Materials;Number of Transactions;2898.067;2020-07-01;JUL 2020;Construction & Building Materials :  Number of Transactions
Monthly;2020;SEP;;Construction & Building Materials;Number of Transactions;2895.685;2020-09-01;SEP 2020;Construction & Building Materials :  Number of Transactions
Monthly;2020;OCT;;Construction & Building Materials;Number of Transactions;3152.096;2020-10-01;OCT 2020;Construction & Building Materials :  Number of Transactions
Monthly;2020;AUG;;Construction & Building Materials;Sales;1352273.263;2020-08-01;AUG 2020;Construction & Building Materials :  Sales
Monthly;2020;SEP;;Construction & Building Materials;Sales;1495657.882;2020-09-01;SEP 2020;Construction & Building Materials :  Sales
Monthly;2020;DEC;;Construction & Building Materials;Sales;1815442.606;2020-12-01;DEC 2020;Construction & Building Materials :  Sales
Monthly;2020;FEB;;Jewelry;Number of Transactions;685.302;2020-02-01;FEB 2020;Jewelry :  Number of Transactions
Monthly;2020;MAR;;Jewelry;Number of Transactions;423.218;2020-03-01;MAR 2020;Jewelry :  Number of Transactions
Monthly;2020;DEC;;Jewelry;Number of Transactions;880.54;2020-12-01;DEC 2020;Jewelry :  Number of Transactions
Monthly;2020;AUG;;Jewelry;Sales;692711.4273;2020-08-01;AUG 2020;Jewelry :  Sales
Monthly;2020;NOV;;Jewelry;Sales;915165.044039987;2020-11-01;NOV 2020;Jewelry :  Sales
Monthly;2020;JAN;;Telecommunication;Number of Transactions;575.153;2020-01-01;JAN 2020;Telecommunication :  Number of Transactions
Monthly;2020;FEB;;Telecommunication;Number of Transactions;546.038;2020-02-01;FEB 2020;Telecommunication :  Number of Transactions
Monthly;2020;APR;;Telecommunication;Number of Transactions;386.172;2020-04-01;APR 2020;Telecommunication :  Number of Transactions
Monthly;2020;AUG;;Telecommunication;Number of Transactions;971.367;2020-08-01;AUG 2020;Telecommunication :  Number of Transactions
Monthly;2020;JAN;;Telecommunication;Sales;159906.67857;2020-01-01;JAN 2020;Telecommunication :  Sales
Monthly;2020;MAY;;Telecommunication;Sales;251311.104639999;2020-05-01;MAY 2020;Telecommunication :  Sales
Monthly;2020;NOV;;Telecommunication;Sales;303830.441369999;2020-11-01;NOV 2020;Telecommunication :  Sales
Monthly;2020;APR;;Education;Number of Transactions;35.74;2020-04-01;APR 2020;Education :  Number of Transactions
Monthly;2020;FEB;;Education;Sales;561335.493189997;2020-02-01;FEB 2020;Education :  Sales
Monthly;2020;JAN;;Public Utilities;Number of Transactions;2070.889;2020-01-01;JAN 2020;Public Utilities :  Number of Transactions
Monthly;2020;JUN;;Public Utilities;Number of Transactions;1924.59;2020-06-01;JUN 2020;Public Utilities :  Number of Transactions
Monthly;2020;NOV;;Public Utilities;Number of Transactions;2356.332;2020-11-01;NOV 2020;Public Utilities :  Number of Transactions
Monthly;2020;DEC;;Public Utilities;Number of Transactions;2526.808;2020-12-01;DEC 2020;Public Utilities :  Number of Transactions
Monthly;2020;MAR;;Public Utilities;Sales;248637.89218;2020-03-01;MAR 2020;Public Utilities :  Sales
Monthly;2020;NOV;;Public Utilities;Sales;287684.610409999;2020-11-01;NOV 2020;Public Utilities :  Sales
Monthly;2020;APR;;Others;Sales;2473858.00387346;2020-04-01;APR 2020;Others :  Sales
Monthly;2020;MAY;;Others;Sales;3657739.54518193;2020-05-01;MAY 2020;Others :  Sales
Monthly;2020;AUG;;Others;Sales;5240957.306;2020-08-01;AUG 2020;Others :  Sales
Monthly;2020;SEP;;Others;Sales;5790765.448;2020-09-01;SEP 2020;Others :  Sales
Monthly;2020;FEB;;Total;Number of Transactions;183334.456;2020-02-01;FEB 2020;Total :  Number of Transactions
Monthly;2020;NOV;;Total;Number of Transactions;317918.654;2020-11-01;NOV 2020;Total :  Number of Transactions
Monthly;2020;JAN;;Total;Sales;28531600.2566464;2020-01-01;JAN 2020;Total :  Sales
Monthly;2020;MAY;;Total;Sales;23451812.6834522;2020-05-01;MAY 2020;Total :  Sales
Monthly;2020;JUL;;Total;Sales;31512580.0037191;2020-07-01;JUL 2020;Total :  Sales
Monthly;2020;AUG;;Total;Sales;31147101.2909207;2020-08-01;AUG 2020;Total :  Sales
Annually;2020;;;Electronic & Electric Devices;Number of Transactions;29226.427;2020-01-01;2020;Electronic & Electric Devices :  Number of Transactions
Annually;2020;;;Furniture;Sales;14359459.8105899;2020-01-01;2020;Furniture :  Sales
Annually;2020;;;Construction & Building Materials;Sales;18115622.6523099;2020-01-01;2020;Construction & Building Materials :  Sales
Annually;2020;;;Others;Sales;58768472.6917321;2020-01-01;2020;Others :  Sales
Quarterly;2020;;Q3;Transportation;Number of Transactions;12036.702;2020-07-01;Q3 2020;Transportation :  Number of Transactions
Quarterly;2020;;Q2;Transportation;Sales;4319739.74755;2020-04-01;Q2 2020;Transportation :  Sales
Quarterly;2020;;Q3;Transportation;Sales;5215090.07276999;2020-07-01;Q3 2020;Transportation :  Sales
Quarterly;2020;;Q4;Transportation;Sales;5788977.07069998;2020-10-01;Q4 2020;Transportation :  Sales
Quarterly;2020;;Q4;Health;Sales;8459533.73568999;2020-10-01;Q4 2020;Health :  Sales
Quarterly;2020;;Q2;Hotels;Sales;460978.24058;2020-04-01;Q2 2020;Hotels :  Sales
Quarterly;2020;;Q2;Clothing and Footwear;Number of Transactions;24912.261;2020-04-01;Q2 2020;Clothing and Footwear :  Number of Transactions
Quarterly;2020;;Q3;Clothing and Footwear;Sales;7749233.08110022;2020-07-01;Q3 2020;Clothing and Footwear :  Sales
Quarterly;2020;;Q3;Miscellaneous Goods and Services;Number of Transactions;27797.397;2020-07-01;Q3 2020;Miscellaneous Goods and Services :  Number of Transactions
Quarterly;2020;;Q4;Miscellaneous Goods and Services;Number of Transactions;48260.49;2020-10-01;Q4 2020;Miscellaneous Goods and Services :  Number of Transactions
Quarterly;2020;;Q1;Electronic & Electric Devices;Number of Transactions;5786.126;2020-01-01;Q1 2020;Electronic & Electric Devices :  Number of Transactions
Quarterly;2020;;Q3;Electronic & Electric Devices;Number of Transactions;8128.821;2020-07-01;Q3 2020;Electronic & Electric Devices :  Number of Transactions
Quarterly;2020;;Q1;Furniture;Number of Transactions;5195.796;2020-01-01;Q1 2020;Furniture :  Number of Transactions
Quarterly;2020;;Q4;Furniture;Number of Transactions;10030.949;2020-10-01;Q4 2020;Furniture :  Number of Transactions
Quarterly;2020;;Q4;Construction & Building Materials;Number of Transactions;9959.257;2020-10-01;Q4 2020;Construction & Building Materials :  Number of Transactions
Quarterly;2020;;Q3;Construction & Building Materials;Sales;4152724.39524998;2020-07-01;Q3 2020;Construction & Building Materials :  Sales
Quarterly;2020;;Q2;Jewelry;Number of Transactions;1911.646;2020-04-01;Q2 2020;Jewelry :  Number of Transactions
Quarterly;2020;;Q1;Jewelry;Sales;2370661.14027998;2020-01-01;Q1 2020;Jewelry :  Sales
Quarterly;2020;;Q2;Telecommunication;Number of Transactions;2070.304;2020-04-01;Q2 2020;Telecommunication :  Number of Transactions
Quarterly;2020;;Q2;Telecommunication;Sales;728398.439319999;2020-04-01;Q2 2020;Telecommunication :  Sales
Quarterly;2020;;Q4;Telecommunication;Sales;908434.754369999;2020-10-01;Q4 2020;Telecommunication :  Sales
Quarterly;2020;;Q1;Education;Number of Transactions;723.268;2020-01-01;Q1 2020;Education :  Number of Transactions
Quarterly;2020;;Q3;Education;Number of Transactions;716.945;2020-07-01;Q3 2020;Education :  Number of Transactions
Quarterly;2020;;Q4;Education;Sales;968802.15015;2020-10-01;Q4 2020;Education :  Sales
Quarterly;2020;;Q1;Public Utilities;Number of Transactions;5800.617;2020-01-01;Q1 2020;Public Utilities :  Number of Transactions
Quarterly;2020;;Q2;Others;Sales;12053965.6381954;2020-04-01;Q2 2020;Others :  Sales
Quarterly;2020;;Q4;Others;Sales;18628289.3108966;2020-10-01;Q4 2020;Others :  Sales
Quarterly;2020;;Q2;Total;Number of Transactions;502021.137;2020-04-01;Q2 2020;Total :  Number of Transactions
Quarterly;2020;;Q1;Total;Sales;79256484.6184122;2020-01-01;Q1 2020;Total :  Sales
Quarterly;2020;;Q2;Total;Sales;76645526.7524559;2020-04-01;Q2 2020;Total :  Sales
Quarterly;2020;;Q3;Total;Sales;95874353.9176398;2020-07-01;Q3 2020;Total :  Sales
Monthly;2020;MAY;;Transportation;Number of Transactions;1972.944;2020-05-01;MAY 2020;Transportation :  Number of Transactions
Monthly;2020;JUN;;Transportation;Number of Transactions;3692.958;2020-06-01;JUN 2020;Transportation :  Number of Transactions
Monthly;2020;AUG;;Transportation;Number of Transactions;3910.619;2020-08-01;AUG 2020;Transportation :  Number of Transactions
Monthly;2020;NOV;;Transportation;Number of Transactions;4444.543;2020-11-01;NOV 2020;Transportation :  Number of Transactions
Monthly;2020;NOV;;Transportation;Sales;1863208.77369998;2020-11-01;NOV 2020;Transportation :  Sales
Monthly;2020;JAN;;Health;Number of Transactions;16132.182;2020-01-01;JAN 2020;Health :  Number of Transactions
Monthly;2020;MAR;;Health;Number of Transactions;18364.531;2020-03-01;MAR 2020;Health :  Number of Transactions
Monthly;2020;MAY;;Health;Number of Transactions;17195.378;2020-05-01;MAY 2020;Health :  Number of Transactions
Monthly;2020;SEP;;Health;Number of Transactions;20873.084;2020-09-01;SEP 2020;Health :  Number of Transactions
Monthly;2020;FEB;;Health;Sales;2216091.45727999;2020-02-01;FEB 2020;Health :  Sales
Monthly;2020;JUL;;Health;Sales;2899403.41520999;2020-07-01;JUL 2020;Health :  Sales
Monthly;2020;SEP;;Health;Sales;2958278.76;2020-09-01;SEP 2020;Health :  Sales
Monthly;2020;MAY;;Restaurants & Café;Number of Transactions;25368.119;2020-05-01;MAY 2020;Restaurants & Café :  Number of Transactions
Monthly;2020;JUN;;Restaurants & Café;Number of Transactions;53251.59;2020-06-01;JUN 2020;Restaurants & Café :  Number of Transactions
Monthly;2020;OCT;;Restaurants & Café;Number of Transactions;90968.352;2020-10-01;OCT 2020;Restaurants & Café :  Number of Transactions
Monthly;2020;FEB;;Restaurants & Café;Sales;3028889.34256011;2020-02-01;FEB 2020;Restaurants & Café :  Sales
Monthly;2020;MAY;;Restaurants & Café;Sales;1733602.12753994;2020-05-01;MAY 2020;Restaurants & Café :  Sales
Monthly;2020;AUG;;Restaurants & Café;Sales;4040630.75939057;2020-08-01;AUG 2020;Restaurants & Café :  Sales
Monthly;2020;DEC;;Restaurants & Café;Sales;4873845.165;2020-12-01;DEC 2020;Restaurants & Café :  Sales
Monthly;2020;FEB;;Hotels;Number of Transactions;1445.319;2020-02-01;FEB 2020;Hotels :  Number of Transactions
Monthly;2020;NOV;;Hotels;Number of Transactions;1663.124;2020-11-01;NOV 2020;Hotels :  Number of Transactions
Monthly;2020;JAN;;Hotels;Sales;1018185.14196999;2020-01-01;JAN 2020;Hotels :  Sales
Monthly;2020;MAR;;Beverage and Food;Number of Transactions;54010.08;2020-03-01;MAR 2020;Beverage and Food :  Number of Transactions
Monthly;2020;JUN;;Beverage and Food;Number of Transactions;65536.141;2020-06-01;JUN 2020;Beverage and Food :  Number of Transactions
Monthly;2020;SEP;;Beverage and Food;Number of Transactions;77722.99;2020-09-01;SEP 2020;Beverage and Food :  Number of Transactions
Monthly;2020;NOV;;Beverage and Food;Number of Transactions;83248.377;2020-11-01;NOV 2020;Beverage and Food :  Number of Transactions
Monthly;2020;JAN;;Beverage and Food;Sales;3576604.34639007;2020-01-01;JAN 2020;Beverage and Food :  Sales
Monthly;2020;MAR;;Beverage and Food;Sales;5731836.58652021;2020-03-01;MAR 2020;Beverage and Food :  Sales
Monthly;2020;SEP;;Beverage and Food;Sales;5325670.931;2020-09-01;SEP 2020;Beverage and Food :  Sales
Monthly;2020;JAN;;Clothing and Footwear;Number of Transactions;14094.245;2020-01-01;JAN 2020;Clothing and Footwear :  Number of Transactions
Monthly;2020;FEB;;Clothing and Footwear;Number of Transactions;10211.246;2020-02-01;FEB 2020;Clothing and Footwear :  Number of Transactions
Monthly;2020;JUN;;Clothing and Footwear;Number of Transactions;10853.269;2020-06-01;JUN 2020;Clothing and Footwear :  Number of Transactions
Monthly;2020;OCT;;Clothing and Footwear;Number of Transactions;14335.101;2020-10-01;OCT 2020;Clothing and Footwear :  Number of Transactions
Monthly;2020;AUG;;Clothing and Footwear;Sales;2094333.80956991;2020-08-01;AUG 2020;Clothing and Footwear :  Sales
Monthly;2020;DEC;;Clothing and Footwear;Sales;3496977.57;2020-12-01;DEC 2020;Clothing and Footwear :  Sales
Monthly;2020;MAR;;Recreation and Culture;Number of Transactions;3371.338;2020-03-01;MAR 2020;Recreation and Culture :  Number of Transactions
Monthly;2020;APR;;Recreation and Culture;Number of Transactions;1668.189;2020-04-01;APR 2020;Recreation and Culture :  Number of Transactions
Monthly;2020;JUL;;Recreation and Culture;Number of Transactions;5290.246;2020-07-01;JUL 2020;Recreation and Culture :  Number of Transactions
Monthly;2020;FEB;;Recreation and Culture;Sales;992972.263779996;2020-02-01;FEB 2020;Recreation and Culture :  Sales
Monthly;2020;MAY;;Recreation and Culture;Sales;996929.344759996;2020-05-01;MAY 2020;Recreation and Culture :  Sales
Monthly;2020;MAR;;Miscellaneous Goods and Services;Number of Transactions;5734.219;2020-03-01;MAR 2020;Miscellaneous Goods and Services :  Number of Transactions
Monthly;2020;JAN;;Miscellaneous Goods and Services;Sales;2646015.73192999;2020-01-01;JAN 2020;Miscellaneous Goods and Services :  Sales
Monthly;2020;AUG;;Miscellaneous Goods and Services;Sales;2242393.05265998;2020-08-01;AUG 2020;Miscellaneous Goods and Services :  Sales
Monthly;2020;JAN;;Electronic & Electric Devices;Number of Transactions;1937.388;2020-01-01;JAN 2020;Electronic & Electric Devices :  Number of Transactions
Monthly;2020;AUG;;Electronic & Electric Devices;Number of Transactions;2591.885;2020-08-01;AUG 2020;Electronic & Electric Devices :  Number of Transactions
Monthly;2020;SEP;;Electronic & Electric Devices;Sales;1337175.478;2020-09-01;SEP 2020;Electronic & Electric Devices :  Sales
Monthly;2020;OCT;;Electronic & Electric Devices;Sales;1288039.381;2020-10-01;OCT 2020;Electronic & Electric Devices :  Sales
Monthly;2020;JUL;;Furniture;Number of Transactions;2993.056;2020-07-01;JUL 2020;Furniture :  Number of Transactions
Monthly;2020;DEC;;Furniture;Number of Transactions;3759.554;2020-12-01;DEC 2020;Furniture :  Number of Transactions
Monthly;2020;FEB;;Furniture;Sales;948118.331369983;2020-02-01;FEB 2020;Furniture :  Sales
Monthly;2020;MAR;;Furniture;Sales;808251.756119989;2020-03-01;MAR 2020;Furniture :  Sales
Monthly;2020;DEC;;Furniture;Sales;1694837.779;2020-12-01;DEC 2020;Furniture :  Sales
Monthly;2020;JUN;;Construction & Building Materials;Number of Transactions;3097.491;2020-06-01;JUN 2020;Construction & Building Materials :  Number of Transactions
Monthly;2020;APR;;Construction & Building Materials;Sales;739832.263769993;2020-04-01;APR 2020;Construction & Building Materials :  Sales
Monthly;2020;MAY;;Construction & Building Materials;Sales;930209.169589987;2020-05-01;MAY 2020;Construction & Building Materials :  Sales
Monthly;2020;OCT;;Construction & Building Materials;Sales;1571106.116;2020-10-01;OCT 2020;Construction & Building Materials :  Sales
Monthly;2020;JUN;;Jewelry;Number of Transactions;1051.612;2020-06-01;JUN 2020;Jewelry :  Number of Transactions
Monthly;2020;JUL;;Jewelry;Number of Transactions;852.256;2020-07-01;JUL 2020;Jewelry :  Number of Transactions
Monthly;2020;OCT;;Jewelry;Number of Transactions;732.776;2020-10-01;OCT 2020;Jewelry :  Number of Transactions
Monthly;2020;MAR;;Jewelry;Sales;508739.491689998;2020-03-01;MAR 2020;Jewelry :  Sales
Monthly;2020;MAY;;Jewelry;Sales;965424.509359988;2020-05-01;MAY 2020;Jewelry :  Sales
Monthly;2020;JUL;;Jewelry;Sales;917725.460449984;2020-07-01;JUL 2020;Jewelry :  Sales
Monthly;2020;SEP;;Telecommunication;Number of Transactions;1175.774;2020-09-01;SEP 2020;Telecommunication :  Number of Transactions
Monthly;2020;NOV;;Telecommunication;Number of Transactions;1152.938;2020-11-01;NOV 2020;Telecommunication :  Number of Transactions
Monthly;2020;DEC;;Telecommunication;Sales;344736.24;2020-12-01;DEC 2020;Telecommunication :  Sales
Monthly;2020;JAN;;Education;Number of Transactions;313.077;2020-01-01;JAN 2020;Education :  Number of Transactions
Monthly;2020;FEB;;Education;Number of Transactions;267.613;2020-02-01;FEB 2020;Education :  Number of Transactions
Monthly;2020;MAY;;Education;Number of Transactions;56.665;2020-05-01;MAY 2020;Education :  Number of Transactions
Monthly;2020;JUN;;Education;Number of Transactions;126.504;2020-06-01;JUN 2020;Education :  Number of Transactions
Monthly;2020;AUG;;Education;Number of Transactions;323.794;2020-08-01;AUG 2020;Education :  Number of Transactions
Monthly;2020;NOV;;Education;Number of Transactions;191.754;2020-11-01;NOV 2020;Education :  Number of Transactions
Monthly;2020;MAY;;Education;Sales;159295.85043;2020-05-01;MAY 2020;Education :  Sales
Monthly;2020;JUL;;Education;Sales;217904.98504;2020-07-01;JUL 2020;Education :  Sales
Monthly;2020;AUG;;Education;Sales;1312220.485;2020-08-01;AUG 2020;Education :  Sales
Monthly;2020;SEP;;Education;Sales;697612.46;2020-09-01;SEP 2020;Education :  Sales
Monthly;2020;NOV;;Education;Sales;272593.93115;2020-11-01;NOV 2020;Education :  Sales
Monthly;2020;MAY;;Public Utilities;Number of Transactions;1243.356;2020-05-01;MAY 2020;Public Utilities :  Number of Transactions
Monthly;2020;JAN;;Public Utilities;Sales;295711.301669999;2020-01-01;JAN 2020;Public Utilities :  Sales
Monthly;2020;MAY;;Public Utilities;Sales;217155.162459999;2020-05-01;MAY 2020;Public Utilities :  Sales
Monthly;2020;AUG;;Public Utilities;Sales;296228.5989;2020-08-01;AUG 2020;Public Utilities :  Sales
Monthly;2020;FEB;;Others;Number of Transactions;31681.645;2020-02-01;FEB 2020;Others :  Number of Transactions
Monthly;2020;MAR;;Others;Number of Transactions;31166.914;2020-03-01;MAR 2020;Others :  Number of Transactions
Monthly;2020;JUL;;Others;Number of Transactions;53416.968;2020-07-01;JUL 2020;Others :  Number of Transactions
Monthly;2020;OCT;;Others;Sales;5997915.983;2020-10-01;OCT 2020;Others :  Sales
Monthly;2020;JUL;;Total;Number of Transactions;268319.674;2020-07-01;JUL 2020;Total :  Number of Transactions
Monthly;2020;AUG;;Total;Number of Transactions;268505.194;2020-08-01;AUG 2020;Total :  Number of Transactions
Monthly;2020;DEC;;Total;Number of Transactions;346595.474;2020-12-01;DEC 2020;Total :  Number of Transactions
Monthly;2020;APR;;Total;Sales;16177319.1634237;2020-04-01;APR 2020;Total :  Sales
Monthly;2020;OCT;;Total;Sales;33637906.57;2020-10-01;OCT 2020;Total :  Sales
Monthly;2020;DEC;;Total;Sales;37619700.443;2020-12-01;DEC 2020;Total :  Sales
Annually;2019;;;Restaurants & Café;Sales;29549955.0492496;2019-01-01;2019;Restaurants & Café :  Sales
Annually;2019;;;Beverage and Food;Sales;37443402.3134905;2019-01-01;2019;Beverage and Food :  Sales
Annually;2019;;;Clothing and Footwear;Number of Transactions;137845.941;2019-01-01;2019;Clothing and Footwear :  Number of Transactions
Annually;2019;;;Recreation and Culture;Sales;11236924.62224;2019-01-01;2019;Recreation and Culture :  Sales
Annually;2019;;;Furniture;Number of Transactions;18403.555;2019-01-01;2019;Furniture :  Number of Transactions
Annually;2019;;;Jewelry;Sales;12120657.5136498;2019-01-01;2019;Jewelry :  Sales
Annually;2019;;;Total;Number of Transactions;1623002.741;2019-01-01;2019;Total :  Number of Transactions
Quarterly;2019;;Q3;Transportation;Sales;5646946.82729997;2019-07-01;Q3 2019;Transportation :  Sales
Quarterly;2019;;Q2;Health;Number of Transactions;38728.202;2019-04-01;Q2 2019;Health :  Number of Transactions
Quarterly;2019;;Q2;Health;Sales;6011513.80924999;2019-04-01;Q2 2019;Health :  Sales
Quarterly;2019;;Q4;Health;Sales;6738600.43033999;2019-10-01;Q4 2019;Health :  Sales
Quarterly;2019;;Q1;Hotels;Number of Transactions;3027.422;2019-01-01;Q1 2019;Hotels :  Number of Transactions
Quarterly;2019;;Q3;Hotels;Number of Transactions;4019.764;2019-07-01;Q3 2019;Hotels :  Number of Transactions
Quarterly;2019;;Q2;Beverage and Food;Number of Transactions;86832.782;2019-04-01;Q2 2019;Beverage and Food :  Number of Transactions
Quarterly;2019;;Q4;Beverage and Food;Number of Transactions;121942.697;2019-10-01;Q4 2019;Beverage and Food :  Number of Transactions
Quarterly;2019;;Q3;Beverage and Food;Sales;9299996.91870019;2019-07-01;Q3 2019;Beverage and Food :  Sales
Quarterly;2019;;Q3;Recreation and Culture;Number of Transactions;12093.613;2019-07-01;Q3 2019;Recreation and Culture :  Number of Transactions
Quarterly;2019;;Q4;Miscellaneous Goods and Services;Sales;7800545.11085994;2019-10-01;Q4 2019;Miscellaneous Goods and Services :  Sales
Quarterly;2019;;Q2;Electronic & Electric Devices;Number of Transactions;4451.075;2019-04-01;Q2 2019;Electronic & Electric Devices :  Number of Transactions
Quarterly;2019;;Q2;Furniture;Number of Transactions;4441.714;2019-04-01;Q2 2019;Furniture :  Number of Transactions
Quarterly;2019;;Q3;Furniture;Number of Transactions;4675.08;2019-07-01;Q3 2019;Furniture :  Number of Transactions
Quarterly;2019;;Q4;Furniture;Number of Transactions;5519.908;2019-10-01;Q4 2019;Furniture :  Number of Transactions
Quarterly;2019;;Q4;Furniture;Sales;3197472.72459995;2019-10-01;Q4 2019;Furniture :  Sales
Quarterly;2019;;Q2;Construction & Building Materials;Number of Transactions;3451.363;2019-04-01;Q2 2019;Construction & Building Materials :  Number of Transactions
Quarterly;2019;;Q3;Construction & Building Materials;Number of Transactions;3826.05;2019-07-01;Q3 2019;Construction & Building Materials :  Number of Transactions
Quarterly;2019;;Q4;Jewelry;Sales;2683185.87995997;2019-10-01;Q4 2019;Jewelry :  Sales
Quarterly;2019;;Q4;Telecommunication;Number of Transactions;1753.204;2019-10-01;Q4 2019;Telecommunication :  Number of Transactions
Quarterly;2019;;Q4;Telecommunication;Sales;523252.027280001;2019-10-01;Q4 2019;Telecommunication :  Sales
Quarterly;2019;;Q3;Public Utilities;Number of Transactions;5947.209;2019-07-01;Q3 2019;Public Utilities :  Number of Transactions
Quarterly;2019;;Q2;Public Utilities;Sales;781522.880589999;2019-04-01;Q2 2019;Public Utilities :  Sales
Quarterly;2019;;Q1;Others;Number of Transactions;40020.839;2019-01-01;Q1 2019;Others :  Number of Transactions
Quarterly;2019;;Q2;Others;Sales;8639556.90044809;2019-04-01;Q2 2019;Others :  Sales
Quarterly;2019;;Q4;Total;Number of Transactions;515473.619;2019-10-01;Q4 2019;Total :  Number of Transactions
Quarterly;2019;;Q1;Total;Sales;64048262.2329997;2019-01-01;Q1 2019;Total :  Sales
Monthly;2019;JUN;;Transportation;Number of Transactions;2142.243;2019-06-01;JUN 2019;Transportation :  Number of Transactions
Monthly;2019;OCT;;Transportation;Number of Transactions;2788.357;2019-10-01;OCT 2019;Transportation :  Number of Transactions
Monthly;2019;NOV;;Transportation;Number of Transactions;2765.102;2019-11-01;NOV 2019;Transportation :  Number of Transactions
Monthly;2019;MAY;;Transportation;Sales;1915379.4871;2019-05-01;MAY 2019;Transportation :  Sales
Monthly;2019;DEC;;Transportation;Sales;2020525.83668999;2019-12-01;DEC 2019;Transportation :  Sales
Monthly;2019;JAN;;Health;Number of Transactions;12614.094;2019-01-01;JAN 2019;Health :  Number of Transactions
Monthly;2019;JUL;;Health;Number of Transactions;13975.094;2019-07-01;JUL 2019;Health :  Number of Transactions
Monthly;2019;MAR;;Health;Sales;2163346.79443999;2019-03-01;MAR 2019;Health :  Sales
Monthly;2019;MAR;;Restaurants & Café;Number of Transactions;35390.892;2019-03-01;MAR 2019;Restaurants & Café :  Number of Transactions
Monthly;2019;JUL;;Restaurants & Café;Number of Transactions;41034.79;2019-07-01;JUL 2019;Restaurants & Café :  Number of Transactions
Monthly;2019;SEP;;Hotels;Number of Transactions;1301.277;2019-09-01;SEP 2019;Hotels :  Number of Transactions
Monthly;2019;JUN;;Hotels;Sales;774073.541549995;2019-06-01;JUN 2019;Hotels :  Sales
Monthly;2019;FEB;;Beverage and Food;Number of Transactions;23803.836;2019-02-01;FEB 2019;Beverage and Food :  Number of Transactions
Monthly;2019;MAR;;Beverage and Food;Number of Transactions;28081.002;2019-03-01;MAR 2019;Beverage and Food :  Number of Transactions
Monthly;2019;MAY;;Beverage and Food;Sales;3495170.839;2019-05-01;MAY 2019;Beverage and Food :  Sales
Monthly;2019;DEC;;Beverage and Food;Sales;3511138.53525008;2019-12-01;DEC 2019;Beverage and Food :  Sales
Monthly;2019;JUN;;Clothing and Footwear;Number of Transactions;10604.072;2019-06-01;JUN 2019;Clothing and Footwear :  Number of Transactions
Monthly;2019;JUL;;Clothing and Footwear;Number of Transactions;10990.043;2019-07-01;JUL 2019;Clothing and Footwear :  Number of Transactions
Monthly;2019;OCT;;Clothing and Footwear;Number of Transactions;10201.479;2019-10-01;OCT 2019;Clothing and Footwear :  Number of Transactions
Monthly;2019;NOV;;Clothing and Footwear;Number of Transactions;12564.339;2019-11-01;NOV 2019;Clothing and Footwear :  Number of Transactions
Monthly;2019;JAN;;Clothing and Footwear;Sales;2075254.3328199;2019-01-01;JAN 2019;Clothing and Footwear :  Sales
Monthly;2019;MAY;;Recreation and Culture;Number of Transactions;3662.062;2019-05-01;MAY 2019;Recreation and Culture :  Number of Transactions
Monthly;2019;SEP;;Recreation and Culture;Number of Transactions;5033.126;2019-09-01;SEP 2019;Recreation and Culture :  Number of Transactions
Monthly;2019;JAN;;Recreation and Culture;Sales;927160.44332;2019-01-01;JAN 2019;Recreation and Culture :  Sales
Monthly;2019;JUN;;Recreation and Culture;Sales;752327.896429996;2019-06-01;JUN 2019;Recreation and Culture :  Sales
Monthly;2019;OCT;;Recreation and Culture;Sales;968369.632799994;2019-10-01;OCT 2019;Recreation and Culture :  Sales
Monthly;2019;NOV;;Miscellaneous Goods and Services;Number of Transactions;6258.294;2019-11-01;NOV 2019;Miscellaneous Goods and Services :  Number of Transactions
Monthly;2019;MAY;;Miscellaneous Goods and Services;Sales;2576911.213;2019-05-01;MAY 2019;Miscellaneous Goods and Services :  Sales
Monthly;2019;JUN;;Miscellaneous Goods and Services;Sales;1916124.80496998;2019-06-01;JUN 2019;Miscellaneous Goods and Services :  Sales
Monthly;2019;OCT;;Miscellaneous Goods and Services;Sales;2626943.11603998;2019-10-01;OCT 2019;Miscellaneous Goods and Services :  Sales
Monthly;2019;OCT;;Electronic & Electric Devices;Number of Transactions;1967.232;2019-10-01;OCT 2019;Electronic & Electric Devices :  Number of Transactions
Monthly;2019;DEC;;Electronic & Electric Devices;Number of Transactions;1983.232;2019-12-01;DEC 2019;Electronic & Electric Devices :  Number of Transactions
Monthly;2019;MAY;;Electronic & Electric Devices;Sales;992138.354;2019-05-01;MAY 2019;Electronic & Electric Devices :  Sales
Monthly;2019;JUL;;Electronic & Electric Devices;Sales;1039371.32824999;2019-07-01;JUL 2019;Electronic & Electric Devices :  Sales
Monthly;2019;OCT;;Electronic & Electric Devices;Sales;1133987.44422999;2019-10-01;OCT 2019;Electronic & Electric Devices :  Sales
Monthly;2019;NOV;;Electronic & Electric Devices;Sales;1265138.61554999;2019-11-01;NOV 2019;Electronic & Electric Devices :  Sales
Monthly;2019;AUG;;Furniture;Number of Transactions;1527.336;2019-08-01;AUG 2019;Furniture :  Number of Transactions
Monthly;2019;SEP;;Furniture;Number of Transactions;1617.287;2019-09-01;SEP 2019;Furniture :  Number of Transactions
Monthly;2019;OCT;;Furniture;Number of Transactions;1677.212;2019-10-01;OCT 2019;Furniture :  Number of Transactions
Monthly;2019;MAY;;Furniture;Sales;1080166.321;2019-05-01;MAY 2019;Furniture :  Sales
Monthly;2019;SEP;;Furniture;Sales;996060.915459995;2019-09-01;SEP 2019;Furniture :  Sales
Monthly;2019;OCT;;Furniture;Sales;948695.163599985;2019-10-01;OCT 2019;Furniture :  Sales
Monthly;2019;AUG;;Construction & Building Materials;Number of Transactions;1186.247;2019-08-01;AUG 2019;Construction & Building Materials :  Number of Transactions
Monthly;2019;APR;;Jewelry;Number of Transactions;800.835;2019-04-01;APR 2019;Jewelry :  Number of Transactions
Monthly;2019;JUL;;Jewelry;Number of Transactions;726.464;2019-07-01;JUL 2019;Jewelry :  Number of Transactions
Monthly;2019;FEB;;Jewelry;Sales;853893.244159985;2019-02-01;FEB 2019;Jewelry :  Sales
Monthly;2019;SEP;;Jewelry;Sales;716881.025749991;2019-09-01;SEP 2019;Jewelry :  Sales
Monthly;2019;NOV;;Jewelry;Sales;852607.61599999;2019-11-01;NOV 2019;Jewelry :  Sales
Monthly;2019;MAY;;Telecommunication;Number of Transactions;556.651;2019-05-01;MAY 2019;Telecommunication :  Number of Transactions
Monthly;2019;APR;;Telecommunication;Sales;154405.30497;2019-04-01;APR 2019;Telecommunication :  Sales
Monthly;2019;MAY;;Telecommunication;Sales;192872.9794;2019-05-01;MAY 2019;Telecommunication :  Sales
Monthly;2019;MAY;;Education;Number of Transactions;126.153;2019-05-01;MAY 2019;Education :  Number of Transactions
Monthly;2019;MAR;;Education;Sales;593100.085009998;2019-03-01;MAR 2019;Education :  Sales
Monthly;2019;APR;;Education;Sales;693245.273059997;2019-04-01;APR 2019;Education :  Sales
Monthly;2019;MAY;;Education;Sales;338580.8786;2019-05-01;MAY 2019;Education :  Sales
Monthly;2019;JUL;;Education;Sales;250216.96181;2019-07-01;JUL 2019;Education :  Sales
Monthly;2019;APR;;Public Utilities;Number of Transactions;1139.29;2019-04-01;APR 2019;Public Utilities :  Number of Transactions
Monthly;2019;JUL;;Public Utilities;Number of Transactions;2071.721;2019-07-01;JUL 2019;Public Utilities :  Number of Transactions
Monthly;2019;SEP;;Public Utilities;Number of Transactions;2077.06;2019-09-01;SEP 2019;Public Utilities :  Number of Transactions
Monthly;2019;AUG;;Public Utilities;Sales;266155.97253;2019-08-01;AUG 2019;Public Utilities :  Sales
Monthly;2019;SEP;;Public Utilities;Sales;302783.536769999;2019-09-01;SEP 2019;Public Utilities :  Sales
Monthly;2019;FEB;;Others;Number of Transactions;11904.869;2019-02-01;FEB 2019;Others :  Number of Transactions
Monthly;2019;SEP;;Others;Number of Transactions;20107.293;2019-09-01;SEP 2019;Others :  Number of Transactions
Monthly;2019;JAN;;Others;Sales;2168834.14460027;2019-01-01;JAN 2019;Others :  Sales
Monthly;2019;NOV;;Others;Sales;3539143.92233243;2019-11-01;NOV 2019;Others :  Sales
Monthly;2019;MAY;;Total;Number of Transactions;126950.082;2019-05-01;MAY 2019;Total :  Number of Transactions
Monthly;2019;JUN;;Total;Number of Transactions;113896.036;2019-06-01;JUN 2019;Total :  Number of Transactions
Monthly;2019;SEP;;Total;Number of Transactions;148471.186;2019-09-01;SEP 2019;Total :  Number of Transactions
Monthly;2019;DEC;;Total;Number of Transactions;180958.712;2019-12-01;DEC 2019;Total :  Number of Transactions
Monthly;2019;FEB;;Total;Sales;19235192.0919997;2019-02-01;FEB 2019;Total :  Sales
Annually;2019;;;Health;Number of Transactions;169687.674;2019-01-01;2019;Health :  Number of Transactions
Annually;2019;;;Beverage and Food;Number of Transactions;387884.908;2019-01-01;2019;Beverage and Food :  Number of Transactions
Annually;2019;;;Clothing and Footwear;Sales;30530303.5743508;2019-01-01;2019;Clothing and Footwear :  Sales
Annually;2019;;;Recreation and Culture;Number of Transactions;45347.261;2019-01-01;2019;Recreation and Culture :  Number of Transactions
Annually;2019;;;Miscellaneous Goods and Services;Number of Transactions;61228.716;2019-01-01;2019;Miscellaneous Goods and Services :  Number of Transactions
Annually;2019;;;Electronic & Electric Devices;Number of Transactions;19414.64;2019-01-01;2019;Electronic & Electric Devices :  Number of Transactions
Annually;2019;;;Construction & Building Materials;Number of Transactions;15387.455;2019-01-01;2019;Construction & Building Materials :  Number of Transactions
Annually;2019;;;Public Utilities;Number of Transactions;18749.078;2019-01-01;2019;Public Utilities :  Number of Transactions
Annually;2019;;;Public Utilities;Sales;3345857.22225999;2019-01-01;2019;Public Utilities :  Sales
Annually;2019;;;Others;Sales;34737949.4659517;2019-01-01;2019;Others :  Sales
Quarterly;2019;;Q1;Health;Number of Transactions;38580.569;2019-01-01;Q1 2019;Health :  Number of Transactions
Quarterly;2019;;Q4;Health;Number of Transactions;49760.58;2019-10-01;Q4 2019;Health :  Number of Transactions
Quarterly;2019;;Q3;Health;Sales;6283984.65345997;2019-07-01;Q3 2019;Health :  Sales
Quarterly;2019;;Q3;Restaurants & Café;Sales;7627235.85451982;2019-07-01;Q3 2019;Restaurants & Café :  Sales
Quarterly;2019;;Q2;Hotels;Number of Transactions;3465.615;2019-04-01;Q2 2019;Hotels :  Number of Transactions
Quarterly;2019;;Q1;Hotels;Sales;2416569.60858998;2019-01-01;Q1 2019;Hotels :  Sales
Quarterly;2019;;Q1;Miscellaneous Goods and Services;Sales;6883520.11546991;2019-01-01;Q1 2019;Miscellaneous Goods and Services :  Sales
Quarterly;2019;;Q1;Electronic & Electric Devices;Number of Transactions;3716.749;2019-01-01;Q1 2019;Electronic & Electric Devices :  Number of Transactions
Quarterly;2019;;Q4;Electronic & Electric Devices;Number of Transactions;6117.79;2019-10-01;Q4 2019;Electronic & Electric Devices :  Number of Transactions
Quarterly;2019;;Q2;Electronic & Electric Devices;Sales;2689389.88146998;2019-04-01;Q2 2019;Electronic & Electric Devices :  Sales
Quarterly;2019;;Q4;Electronic & Electric Devices;Sales;3467241.26945997;2019-10-01;Q4 2019;Electronic & Electric Devices :  Sales
Quarterly;2019;;Q4;Jewelry;Number of Transactions;2046.9;2019-10-01;Q4 2019;Jewelry :  Number of Transactions
Quarterly;2019;;Q3;Jewelry;Sales;2463511.12989996;2019-07-01;Q3 2019;Jewelry :  Sales
Quarterly;2019;;Q3;Telecommunication;Number of Transactions;1615.733;2019-07-01;Q3 2019;Telecommunication :  Number of Transactions
Quarterly;2019;;Q1;Education;Number of Transactions;639.862;2019-01-01;Q1 2019;Education :  Number of Transactions
Quarterly;2019;;Q2;Education;Number of Transactions;447.276;2019-04-01;Q2 2019;Education :  Number of Transactions
Quarterly;2019;;Q4;Education;Number of Transactions;749.821;2019-10-01;Q4 2019;Education :  Number of Transactions
Quarterly;2019;;Q3;Education;Sales;2950209.74977999;2019-07-01;Q3 2019;Education :  Sales
Quarterly;2019;;Q4;Education;Sales;1501166.41661;2019-10-01;Q4 2019;Education :  Sales
Quarterly;2019;;Q1;Total;Number of Transactions;326126.619;2019-01-01;Q1 2019;Total :  Number of Transactions
Monthly;2019;MAY;;Transportation;Number of Transactions;2165.553;2019-05-01;MAY 2019;Transportation :  Number of Transactions
Monthly;2019;JUL;;Transportation;Number of Transactions;2588.204;2019-07-01;JUL 2019;Transportation :  Number of Transactions
Monthly;2019;JUN;;Transportation;Sales;1636422.86833;2019-06-01;JUN 2019;Transportation :  Sales
Monthly;2019;SEP;;Transportation;Sales;1879081.61300999;2019-09-01;SEP 2019;Transportation :  Sales
Monthly;2019;MAY;;Health;Number of Transactions;13299.023;2019-05-01;MAY 2019;Health :  Number of Transactions
Monthly;2019;AUG;;Health;Number of Transactions;13589.78;2019-08-01;AUG 2019;Health :  Number of Transactions
Monthly;2019;FEB;;Health;Sales;1813683.20407999;2019-02-01;FEB 2019;Health :  Sales
Monthly;2019;SEP;;Health;Sales;2210938.58481999;2019-09-01;SEP 2019;Health :  Sales
Monthly;2019;DEC;;Health;Sales;2338051.33789999;2019-12-01;DEC 2019;Health :  Sales
Monthly;2019;APR;;Restaurants & Café;Number of Transactions;35198.134;2019-04-01;APR 2019;Restaurants & Café :  Number of Transactions
Monthly;2019;OCT;;Restaurants & Café;Number of Transactions;49960.417;2019-10-01;OCT 2019;Restaurants & Café :  Number of Transactions
Monthly;2019;DEC;;Restaurants & Café;Number of Transactions;54985.328;2019-12-01;DEC 2019;Restaurants & Café :  Number of Transactions
Monthly;2019;JAN;;Restaurants & Café;Sales;2081076.92133992;2019-01-01;JAN 2019;Restaurants & Café :  Sales
Monthly;2019;JUN;;Restaurants & Café;Sales;2476076.31272996;2019-06-01;JUN 2019;Restaurants & Café :  Sales
Monthly;2019;MAR;;Hotels;Number of Transactions;1064.079;2019-03-01;MAR 2019;Hotels :  Number of Transactions
Monthly;2019;OCT;;Hotels;Number of Transactions;1333.607;2019-10-01;OCT 2019;Hotels :  Number of Transactions
Monthly;2019;MAY;;Hotels;Sales;787580.281749993;2019-05-01;MAY 2019;Hotels :  Sales
Monthly;2019;AUG;;Hotels;Sales;621123.900789998;2019-08-01;AUG 2019;Hotels :  Sales
Monthly;2019;JUN;;Beverage and Food;Number of Transactions;27813.987;2019-06-01;JUN 2019;Beverage and Food :  Number of Transactions
Monthly;2019;JUL;;Beverage and Food;Number of Transactions;32701.443;2019-07-01;JUL 2019;Beverage and Food :  Number of Transactions
Monthly;2019;AUG;;Beverage and Food;Number of Transactions;33087.305;2019-08-01;AUG 2019;Beverage and Food :  Number of Transactions
Monthly;2019;OCT;;Beverage and Food;Sales;3455207.39479009;2019-10-01;OCT 2019;Beverage and Food :  Sales
Monthly;2019;AUG;;Clothing and Footwear;Number of Transactions;13244.403;2019-08-01;AUG 2019;Clothing and Footwear :  Number of Transactions
Monthly;2019;SEP;;Clothing and Footwear;Sales;1894842.45520995;2019-09-01;SEP 2019;Clothing and Footwear :  Sales
Monthly;2019;FEB;;Recreation and Culture;Sales;722548.515519999;2019-02-01;FEB 2019;Recreation and Culture :  Sales
Monthly;2019;SEP;;Recreation and Culture;Sales;1100324.86685;2019-09-01;SEP 2019;Recreation and Culture :  Sales
Monthly;2019;MAY;;Miscellaneous Goods and Services;Number of Transactions;4799.748;2019-05-01;MAY 2019;Miscellaneous Goods and Services :  Number of Transactions
Monthly;2019;JUL;;Miscellaneous Goods and Services;Sales;2384534.35690998;2019-07-01;JUL 2019;Miscellaneous Goods and Services :  Sales
Monthly;2019;AUG;;Miscellaneous Goods and Services;Sales;2135942.80347999;2019-08-01;AUG 2019;Miscellaneous Goods and Services :  Sales
Monthly;2019;NOV;;Miscellaneous Goods and Services;Sales;2417280.33770998;2019-11-01;NOV 2019;Miscellaneous Goods and Services :  Sales
Monthly;2019;FEB;;Electronic & Electric Devices;Number of Transactions;1117.084;2019-02-01;FEB 2019;Electronic & Electric Devices :  Number of Transactions
Monthly;2019;APR;;Electronic & Electric Devices;Number of Transactions;1388.068;2019-04-01;APR 2019;Electronic & Electric Devices :  Number of Transactions
Monthly;2019;JUL;;Electronic & Electric Devices;Number of Transactions;1703.249;2019-07-01;JUL 2019;Electronic & Electric Devices :  Number of Transactions
Monthly;2019;AUG;;Electronic & Electric Devices;Number of Transactions;1633.314;2019-08-01;AUG 2019;Electronic & Electric Devices :  Number of Transactions
Monthly;2019;FEB;;Electronic & Electric Devices;Sales;631281.895839994;2019-02-01;FEB 2019;Electronic & Electric Devices :  Sales
Monthly;2019;DEC;;Electronic & Electric Devices;Sales;1068115.20967999;2019-12-01;DEC 2019;Electronic & Electric Devices :  Sales
Monthly;2019;MAR;;Furniture;Number of Transactions;1415.216;2019-03-01;MAR 2019;Furniture :  Number of Transactions
Monthly;2019;JUN;;Furniture;Number of Transactions;1220.943;2019-06-01;JUN 2019;Furniture :  Number of Transactions
Monthly;2019;JAN;;Furniture;Sales;802069.936089992;2019-01-01;JAN 2019;Furniture :  Sales
Monthly;2019;JUN;;Furniture;Sales;720435.188919995;2019-06-01;JUN 2019;Furniture :  Sales
Monthly;2019;FEB;;Construction & Building Materials;Number of Transactions;964.714;2019-02-01;FEB 2019;Construction & Building Materials :  Number of Transactions
Monthly;2019;MAR;;Construction & Building Materials;Number of Transactions;1180.556;2019-03-01;MAR 2019;Construction & Building Materials :  Number of Transactions
Monthly;2019;JUN;;Construction & Building Materials;Number of Transactions;1021.584;2019-06-01;JUN 2019;Construction & Building Materials :  Number of Transactions
Monthly;2019;DEC;;Construction & Building Materials;Number of Transactions;1773.197;2019-12-01;DEC 2019;Construction & Building Materials :  Number of Transactions
Monthly;2019;FEB;;Construction & Building Materials;Sales;971787.719509986;2019-02-01;FEB 2019;Construction & Building Materials :  Sales
Monthly;2019;NOV;;Construction & Building Materials;Sales;1224933.21364998;2019-11-01;NOV 2019;Construction & Building Materials :  Sales
Monthly;2019;MAR;;Jewelry;Number of Transactions;798.28;2019-03-01;MAR 2019;Jewelry :  Number of Transactions
Monthly;2019;JUN;;Jewelry;Number of Transactions;910.031;2019-06-01;JUN 2019;Jewelry :  Number of Transactions
Monthly;2019;NOV;;Jewelry;Number of Transactions;647.34;2019-11-01;NOV 2019;Jewelry :  Number of Transactions
Monthly;2019;DEC;;Jewelry;Number of Transactions;774.969;2019-12-01;DEC 2019;Jewelry :  Number of Transactions
Monthly;2019;APR;;Jewelry;Sales;1130409.95388998;2019-04-01;APR 2019;Jewelry :  Sales
Monthly;2019;JUL;;Jewelry;Sales;882539.483809986;2019-07-01;JUL 2019;Jewelry :  Sales
Monthly;2019;OCT;;Jewelry;Sales;803757.819539989;2019-10-01;OCT 2019;Jewelry :  Sales
Monthly;2019;DEC;;Jewelry;Sales;1026820.44441999;2019-12-01;DEC 2019;Jewelry :  Sales
Monthly;2019;FEB;;Telecommunication;Sales;129559.50422;2019-02-01;FEB 2019;Telecommunication :  Sales
Monthly;2019;MAR;;Telecommunication;Sales;159813.41383;2019-03-01;MAR 2019;Telecommunication :  Sales
Monthly;2019;SEP;;Telecommunication;Sales;146983.748690001;2019-09-01;SEP 2019;Telecommunication :  Sales
Monthly;2019;DEC;;Telecommunication;Sales;171597.31806;2019-12-01;DEC 2019;Telecommunication :  Sales
Monthly;2019;JAN;;Education;Number of Transactions;260.883;2019-01-01;JAN 2019;Education :  Number of Transactions
Monthly;2019;MAR;;Education;Number of Transactions;208.404;2019-03-01;MAR 2019;Education :  Number of Transactions
Monthly;2019;JUL;;Education;Number of Transactions;138.335;2019-07-01;JUL 2019;Education :  Number of Transactions
Monthly;2019;SEP;;Education;Number of Transactions;402.757;2019-09-01;SEP 2019;Education :  Number of Transactions
Monthly;2019;DEC;;Education;Number of Transactions;259.84;2019-12-01;DEC 2019;Education :  Number of Transactions
Monthly;2019;FEB;;Education;Sales;486098.323939998;2019-02-01;FEB 2019;Education :  Sales
Monthly;2019;SEP;;Education;Sales;1451716.48190999;2019-09-01;SEP 2019;Education :  Sales
Monthly;2019;NOV;;Education;Sales;418330.476259999;2019-11-01;NOV 2019;Education :  Sales
Monthly;2019;DEC;;Public Utilities;Number of Transactions;2137.213;2019-12-01;DEC 2019;Public Utilities :  Number of Transactions
Monthly;2019;MAR;;Public Utilities;Sales;254102.07516;2019-03-01;MAR 2019;Public Utilities :  Sales
Monthly;2019;JUN;;Public Utilities;Sales;223566.038109999;2019-06-01;JUN 2019;Public Utilities :  Sales
Monthly;2019;MAR;;Others;Number of Transactions;15082.267;2019-03-01;MAR 2019;Others :  Number of Transactions
Monthly;2019;MAY;;Others;Number of Transactions;17886.564;2019-05-01;MAY 2019;Others :  Number of Transactions
Monthly;2019;MAR;;Others;Sales;2679986.4990502;2019-03-01;MAR 2019;Others :  Sales
Monthly;2019;AUG;;Others;Sales;2951204.29108258;2019-08-01;AUG 2019;Others :  Sales
Monthly;2019;JAN;;Total;Number of Transactions;106357.197;2019-01-01;JAN 2019;Total :  Number of Transactions
Monthly;2019;MAR;;Total;Number of Transactions;120774.628;2019-03-01;MAR 2019;Total :  Number of Transactions
Monthly;2019;AUG;;Total;Number of Transactions;138025.343;2019-08-01;AUG 2019;Total :  Number of Transactions
Monthly;2019;OCT;;Total;Number of Transactions;164206.298;2019-10-01;OCT 2019;Total :  Number of Transactions
Monthly;2019;OCT;;Total;Sales;25117701.0251225;2019-10-01;OCT 2019;Total :  Sales
Monthly;2019;NOV;;Total;Sales;25848842.1681126;2019-11-01;NOV 2019;Total :  Sales
Annually;2019;;;Hotels;Number of Transactions;14605.903;2019-01-01;2019;Hotels :  Number of Transactions
Annually;2019;;;Electronic & Electric Devices;Sales;11191135.1718899;2019-01-01;2019;Electronic & Electric Devices :  Sales
Annually;2019;;;Telecommunication;Number of Transactions;6268.23;2019-01-01;2019;Telecommunication :  Number of Transactions
Annually;2019;;;Education;Sales;7761865.10798998;2019-01-01;2019;Education :  Sales
Annually;2019;;;Total;Sales;287794256.318092;2019-01-01;2019;Total :  Sales
Quarterly;2019;;Q1;Transportation;Sales;4595503.96854997;2019-01-01;Q1 2019;Transportation :  Sales
Quarterly;2019;;Q3;Health;Number of Transactions;42618.323;2019-07-01;Q3 2019;Health :  Number of Transactions
Quarterly;2019;;Q1;Restaurants & Café;Sales;6414764.71964975;2019-01-01;Q1 2019;Restaurants & Café :  Sales
Quarterly;2019;;Q4;Hotels;Number of Transactions;4093.102;2019-10-01;Q4 2019;Hotels :  Number of Transactions
Quarterly;2019;;Q1;Beverage and Food;Number of Transactions;76793.502;2019-01-01;Q1 2019;Beverage and Food :  Number of Transactions
Quarterly;2019;;Q3;Clothing and Footwear;Sales;6930864.89960999;2019-07-01;Q3 2019;Clothing and Footwear :  Sales
Quarterly;2019;;Q4;Clothing and Footwear;Sales;7588304.30858024;2019-10-01;Q4 2019;Clothing and Footwear :  Sales
Quarterly;2019;;Q3;Recreation and Culture;Sales;2935559.71561999;2019-07-01;Q3 2019;Recreation and Culture :  Sales
Quarterly;2019;;Q3;Electronic & Electric Devices;Number of Transactions;5129.026;2019-07-01;Q3 2019;Electronic & Electric Devices :  Number of Transactions
Quarterly;2019;;Q4;Construction & Building Materials;Number of Transactions;4941.357;2019-10-01;Q4 2019;Construction & Building Materials :  Number of Transactions
Quarterly;2019;;Q3;Construction & Building Materials;Sales;3159937.40684995;2019-07-01;Q3 2019;Construction & Building Materials :  Sales
Quarterly;2019;;Q4;Construction & Building Materials;Sales;3844997.02629995;2019-10-01;Q4 2019;Construction & Building Materials :  Sales
Quarterly;2019;;Q2;Telecommunication;Number of Transactions;1473.082;2019-04-01;Q2 2019;Telecommunication :  Number of Transactions
Quarterly;2019;;Q1;Education;Sales;2119789.51704;2019-01-01;Q1 2019;Education :  Sales
Quarterly;2019;;Q1;Public Utilities;Number of Transactions;2778.569;2019-01-01;Q1 2019;Public Utilities :  Number of Transactions
Quarterly;2019;;Q1;Public Utilities;Sales;719140.57122;2019-01-01;Q1 2019;Public Utilities :  Sales
Quarterly;2019;;Q4;Others;Number of Transactions;78859.973;2019-10-01;Q4 2019;Others :  Number of Transactions
Quarterly;2019;;Q4;Others;Sales;10650023.0850161;2019-10-01;Q4 2019;Others :  Sales
Quarterly;2019;;Q3;Total;Number of Transactions;419030.268;2019-07-01;Q3 2019;Total :  Number of Transactions
Quarterly;2019;;Q3;Total;Sales;72138750.0684568;2019-07-01;Q3 2019;Total :  Sales
Quarterly;2019;;Q4;Total;Sales;78898524.4432164;2019-10-01;Q4 2019;Total :  Sales
Monthly;2019;JAN;;Transportation;Number of Transactions;1899.077;2019-01-01;JAN 2019;Transportation :  Number of Transactions
Monthly;2019;MAR;;Transportation;Number of Transactions;2086.371;2019-03-01;MAR 2019;Transportation :  Number of Transactions
Monthly;2019;AUG;;Transportation;Number of Transactions;2303.998;2019-08-01;AUG 2019;Transportation :  Number of Transactions
Monthly;2019;APR;;Transportation;Sales;1672051.67368999;2019-04-01;APR 2019;Transportation :  Sales
Monthly;2019;JUL;;Transportation;Sales;2133472.61984999;2019-07-01;JUL 2019;Transportation :  Sales
Monthly;2019;AUG;;Transportation;Sales;1634392.59443999;2019-08-01;AUG 2019;Transportation :  Sales
Monthly;2019;FEB;;Health;Number of Transactions;11939.223;2019-02-01;FEB 2019;Health :  Number of Transactions
Monthly;2019;JUN;;Health;Number of Transactions;12624.781;2019-06-01;JUN 2019;Health :  Number of Transactions
Monthly;2019;NOV;;Health;Number of Transactions;16251.415;2019-11-01;NOV 2019;Health :  Number of Transactions
Monthly;2019;DEC;;Health;Number of Transactions;16979.633;2019-12-01;DEC 2019;Health :  Number of Transactions
Monthly;2019;JUL;;Health;Sales;2189404.32942999;2019-07-01;JUL 2019;Health :  Sales
Monthly;2019;AUG;;Health;Sales;1883641.73920999;2019-08-01;AUG 2019;Health :  Sales
Monthly;2019;JUN;;Restaurants & Café;Number of Transactions;34922.072;2019-06-01;JUN 2019;Restaurants & Café :  Number of Transactions
Monthly;2019;AUG;;Restaurants & Café;Number of Transactions;40425.012;2019-08-01;AUG 2019;Restaurants & Café :  Number of Transactions
Monthly;2019;JUL;;Restaurants & Café;Sales;2552515.49402992;2019-07-01;JUL 2019;Restaurants & Café :  Sales
Monthly;2019;SEP;;Restaurants & Café;Sales;2513913.61475994;2019-09-01;SEP 2019;Restaurants & Café :  Sales
Monthly;2019;OCT;;Restaurants & Café;Sales;2816242.24069002;2019-10-01;OCT 2019;Restaurants & Café :  Sales
Monthly;2019;DEC;;Restaurants & Café;Sales;3054016.62572011;2019-12-01;DEC 2019;Restaurants & Café :  Sales
Monthly;2019;JAN;;Hotels;Number of Transactions;1045.32;2019-01-01;JAN 2019;Hotels :  Number of Transactions
Monthly;2019;NOV;;Hotels;Number of Transactions;1344.622;2019-11-01;NOV 2019;Hotels :  Number of Transactions
Monthly;2019;DEC;;Hotels;Number of Transactions;1414.873;2019-12-01;DEC 2019;Hotels :  Number of Transactions
Monthly;2019;MAR;;Hotels;Sales;586378.986899996;2019-03-01;MAR 2019;Hotels :  Sales
Monthly;2019;SEP;;Hotels;Sales;656407.236129992;2019-09-01;SEP 2019;Hotels :  Sales
Monthly;2019;NOV;;Hotels;Sales;679593.041679991;2019-11-01;NOV 2019;Hotels :  Sales
Monthly;2019;MAY;;Beverage and Food;Number of Transactions;30376.712;2019-05-01;MAY 2019;Beverage and Food :  Number of Transactions
Monthly;2019;APR;;Beverage and Food;Sales;3232267.7979601;2019-04-01;APR 2019;Beverage and Food :  Sales
Monthly;2019;JUN;;Beverage and Food;Sales;2656291.73597;2019-06-01;JUN 2019;Beverage and Food :  Sales
Monthly;2019;JUL;;Beverage and Food;Sales;2964746.96640004;2019-07-01;JUL 2019;Beverage and Food :  Sales
Monthly;2019;JAN;;Clothing and Footwear;Number of Transactions;9773.773;2019-01-01;JAN 2019;Clothing and Footwear :  Number of Transactions
Monthly;2019;SEP;;Clothing and Footwear;Number of Transactions;9777.283;2019-09-01;SEP 2019;Clothing and Footwear :  Number of Transactions
Monthly;2019;MAR;;Clothing and Footwear;Sales;2381957.15942998;2019-03-01;MAR 2019;Clothing and Footwear :  Sales
Monthly;2019;MAY;;Clothing and Footwear;Sales;4799802.9628707;2019-05-01;MAY 2019;Clothing and Footwear :  Sales
Monthly;2019;MAR;;Recreation and Culture;Number of Transactions;3500.514;2019-03-01;MAR 2019;Recreation and Culture :  Number of Transactions
Monthly;2019;AUG;;Recreation and Culture;Number of Transactions;3913.466;2019-08-01;AUG 2019;Recreation and Culture :  Number of Transactions
Monthly;2019;MAR;;Recreation and Culture;Sales;894417.781889995;2019-03-01;MAR 2019;Recreation and Culture :  Sales
Monthly;2019;APR;;Recreation and Culture;Sales;912410.847849994;2019-04-01;APR 2019;Recreation and Culture :  Sales
Monthly;2019;MAY;;Recreation and Culture;Sales;1073186.083;2019-05-01;MAY 2019;Recreation and Culture :  Sales
Monthly;2019;JUL;;Recreation and Culture;Sales;779412.359419995;2019-07-01;JUL 2019;Recreation and Culture :  Sales
Monthly;2019;AUG;;Recreation and Culture;Sales;1055822.48935;2019-08-01;AUG 2019;Recreation and Culture :  Sales
Monthly;2019;FEB;;Miscellaneous Goods and Services;Number of Transactions;3894.387;2019-02-01;FEB 2019;Miscellaneous Goods and Services :  Number of Transactions
Monthly;2019;JUN;;Miscellaneous Goods and Services;Number of Transactions;4383.269;2019-06-01;JUN 2019;Miscellaneous Goods and Services :  Number of Transactions
Monthly;2019;SEP;;Miscellaneous Goods and Services;Number of Transactions;5638.655;2019-09-01;SEP 2019;Miscellaneous Goods and Services :  Number of Transactions
Monthly;2019;FEB;;Miscellaneous Goods and Services;Sales;2077502.28805997;2019-02-01;FEB 2019;Miscellaneous Goods and Services :  Sales
Monthly;2019;MAR;;Miscellaneous Goods and Services;Sales;2515978.49844997;2019-03-01;MAR 2019;Miscellaneous Goods and Services :  Sales
Monthly;2019;SEP;;Miscellaneous Goods and Services;Sales;2556362.26399998;2019-09-01;SEP 2019;Miscellaneous Goods and Services :  Sales
Monthly;2019;DEC;;Miscellaneous Goods and Services;Sales;2756321.65710998;2019-12-01;DEC 2019;Miscellaneous Goods and Services :  Sales
Monthly;2019;NOV;;Electronic & Electric Devices;Number of Transactions;2167.326;2019-11-01;NOV 2019;Electronic & Electric Devices :  Number of Transactions
Monthly;2019;MAR;;Electronic & Electric Devices;Sales;786550.177749992;2019-03-01;MAR 2019;Electronic & Electric Devices :  Sales
Monthly;2019;AUG;;Electronic & Electric Devices;Sales;868761.549609993;2019-08-01;AUG 2019;Electronic & Electric Devices :  Sales
Monthly;2019;FEB;;Furniture;Number of Transactions;1116.431;2019-02-01;FEB 2019;Furniture :  Number of Transactions
Monthly;2019;NOV;;Furniture;Number of Transactions;1808.02;2019-11-01;NOV 2019;Furniture :  Number of Transactions
Monthly;2019;JUL;;Furniture;Sales;976377.06140999;2019-07-01;JUL 2019;Furniture :  Sales
Monthly;2019;APR;;Construction & Building Materials;Number of Transactions;1235.156;2019-04-01;APR 2019;Construction & Building Materials :  Number of Transactions
Monthly;2019;MAY;;Construction & Building Materials;Sales;914062.8424;2019-05-01;MAY 2019;Construction & Building Materials :  Sales
Monthly;2019;JUN;;Construction & Building Materials;Sales;872064.183999988;2019-06-01;JUN 2019;Construction & Building Materials :  Sales
Monthly;2019;JUL;;Construction & Building Materials;Sales;1157338.26128998;2019-07-01;JUL 2019;Construction & Building Materials :  Sales
Monthly;2019;SEP;;Jewelry;Number of Transactions;576.731;2019-09-01;SEP 2019;Jewelry :  Number of Transactions
Monthly;2019;OCT;;Jewelry;Number of Transactions;624.591;2019-10-01;OCT 2019;Jewelry :  Number of Transactions
Monthly;2019;APR;;Telecommunication;Number of Transactions;464.39;2019-04-01;APR 2019;Telecommunication :  Number of Transactions
Monthly;2019;JUN;;Telecommunication;Number of Transactions;452.041;2019-06-01;JUN 2019;Telecommunication :  Number of Transactions
Monthly;2019;AUG;;Telecommunication;Number of Transactions;516.372;2019-08-01;AUG 2019;Telecommunication :  Number of Transactions
Monthly;2019;OCT;;Telecommunication;Number of Transactions;624.567;2019-10-01;OCT 2019;Telecommunication :  Number of Transactions
Monthly;2019;FEB;;Education;Number of Transactions;170.575;2019-02-01;FEB 2019;Education :  Number of Transactions
Monthly;2019;OCT;;Education;Number of Transactions;255.97;2019-10-01;OCT 2019;Education :  Number of Transactions
Monthly;2019;NOV;;Education;Number of Transactions;234.011;2019-11-01;NOV 2019;Education :  Number of Transactions
Monthly;2019;JAN;;Education;Sales;1040591.10809;2019-01-01;JAN 2019;Education :  Sales
Monthly;2019;JUN;;Education;Sales;158873.2729;2019-06-01;JUN 2019;Education :  Sales
Monthly;2019;MAR;;Public Utilities;Number of Transactions;1071.022;2019-03-01;MAR 2019;Public Utilities :  Number of Transactions
Monthly;2019;MAY;;Public Utilities;Number of Transactions;1219.179;2019-05-01;MAY 2019;Public Utilities :  Number of Transactions
Monthly;2019;NOV;;Public Utilities;Number of Transactions;2135.968;2019-11-01;NOV 2019;Public Utilities :  Number of Transactions
Monthly;2019;FEB;;Public Utilities;Sales;217098.33177;2019-02-01;FEB 2019;Public Utilities :  Sales
Monthly;2019;MAY;;Public Utilities;Sales;281471.5487;2019-05-01;MAY 2019;Public Utilities :  Sales
Monthly;2019;DEC;;Public Utilities;Sales;316192.791979999;2019-12-01;DEC 2019;Public Utilities :  Sales
Monthly;2019;JUN;;Others;Number of Transactions;10830.075;2019-06-01;JUN 2019;Others :  Number of Transactions
Monthly;2019;AUG;;Others;Number of Transactions;17422.591;2019-08-01;AUG 2019;Others :  Number of Transactions
Monthly;2019;DEC;;Others;Number of Transactions;29141.584;2019-12-01;DEC 2019;Others :  Number of Transactions
Monthly;2019;JUN;;Others;Sales;2287362.95188809;2019-06-01;JUN 2019;Others :  Sales
Monthly;2019;DEC;;Others;Sales;3883218.99040105;2019-12-01;DEC 2019;Others :  Sales
Monthly;2019;APR;;Total;Sales;24128728.067;2019-04-01;APR 2019;Total :  Sales
Annually;2019;;;Transportation;Number of Transactions;28145.646;2019-01-01;2019;Transportation :  Number of Transactions
Annually;2019;;;Miscellaneous Goods and Services;Sales;28658831.6621397;2019-01-01;2019;Miscellaneous Goods and Services :  Sales
Annually;2019;;;Education;Number of Transactions;2669.751;2019-01-01;2019;Education :  Number of Transactions
Annually;2019;;;Others;Number of Transactions;214597.08;2019-01-01;2019;Others :  Number of Transactions
Quarterly;2019;;Q1;Transportation;Number of Transactions;5732.149;2019-01-01;Q1 2019;Transportation :  Number of Transactions
Quarterly;2019;;Q2;Transportation;Number of Transactions;6356.541;2019-04-01;Q2 2019;Transportation :  Number of Transactions
Quarterly;2019;;Q4;Transportation;Number of Transactions;8590.883;2019-10-01;Q4 2019;Transportation :  Number of Transactions
Quarterly;2019;;Q2;Transportation;Sales;5223854.02911999;2019-04-01;Q2 2019;Transportation :  Sales
Quarterly;2019;;Q1;Restaurants & Café;Number of Transactions;94160.986;2019-01-01;Q1 2019;Restaurants & Café :  Number of Transactions
Quarterly;2019;;Q3;Restaurants & Café;Number of Transactions;125575.996;2019-07-01;Q3 2019;Restaurants & Café :  Number of Transactions
Quarterly;2019;;Q4;Restaurants & Café;Number of Transactions;156297.329;2019-10-01;Q4 2019;Restaurants & Café :  Number of Transactions
Quarterly;2019;;Q2;Restaurants & Café;Sales;6788614.81816989;2019-04-01;Q2 2019;Restaurants & Café :  Sales
Quarterly;2019;;Q4;Restaurants & Café;Sales;8719339.65691018;2019-10-01;Q4 2019;Restaurants & Café :  Sales
Quarterly;2019;;Q1;Beverage and Food;Sales;8385151.25567003;2019-01-01;Q1 2019;Beverage and Food :  Sales
Quarterly;2019;;Q2;Clothing and Footwear;Number of Transactions;40304.068;2019-04-01;Q2 2019;Clothing and Footwear :  Number of Transactions
Quarterly;2019;;Q2;Clothing and Footwear;Sales;9884866.21909078;2019-04-01;Q2 2019;Clothing and Footwear :  Sales
Quarterly;2019;;Q1;Recreation and Culture;Number of Transactions;9838.128;2019-01-01;Q1 2019;Recreation and Culture :  Number of Transactions
Quarterly;2019;;Q4;Recreation and Culture;Number of Transactions;13419.58;2019-10-01;Q4 2019;Recreation and Culture :  Number of Transactions
Quarterly;2019;;Q1;Recreation and Culture;Sales;2544126.74072999;2019-01-01;Q1 2019;Recreation and Culture :  Sales
Quarterly;2019;;Q1;Miscellaneous Goods and Services;Number of Transactions;12853.538;2019-01-01;Q1 2019;Miscellaneous Goods and Services :  Number of Transactions
Quarterly;2019;;Q2;Miscellaneous Goods and Services;Number of Transactions;13767.026;2019-04-01;Q2 2019;Miscellaneous Goods and Services :  Number of Transactions
Quarterly;2019;;Q4;Miscellaneous Goods and Services;Number of Transactions;18940.955;2019-10-01;Q4 2019;Miscellaneous Goods and Services :  Number of Transactions
Quarterly;2019;;Q2;Miscellaneous Goods and Services;Sales;6897927.01141995;2019-04-01;Q2 2019;Miscellaneous Goods and Services :  Sales
Quarterly;2019;;Q3;Miscellaneous Goods and Services;Sales;7076839.42438995;2019-07-01;Q3 2019;Miscellaneous Goods and Services :  Sales
Quarterly;2019;;Q1;Furniture;Sales;2505552.65259997;2019-01-01;Q1 2019;Furniture :  Sales
Quarterly;2019;;Q2;Furniture;Sales;2862417.59594997;2019-04-01;Q2 2019;Furniture :  Sales
Quarterly;2019;;Q3;Furniture;Sales;2802175.23706998;2019-07-01;Q3 2019;Furniture :  Sales
Quarterly;2019;;Q1;Construction & Building Materials;Number of Transactions;3168.685;2019-01-01;Q1 2019;Construction & Building Materials :  Number of Transactions
Quarterly;2019;;Q1;Construction & Building Materials;Sales;3155011.97233997;2019-01-01;Q1 2019;Construction & Building Materials :  Sales
Quarterly;2019;;Q1;Jewelry;Number of Transactions;1997.504;2019-01-01;Q1 2019;Jewelry :  Number of Transactions
Quarterly;2019;;Q2;Jewelry;Number of Transactions;2947.4;2019-04-01;Q2 2019;Jewelry :  Number of Transactions
Quarterly;2019;;Q1;Jewelry;Sales;2929264.95099995;2019-01-01;Q1 2019;Jewelry :  Sales
Quarterly;2019;;Q2;Jewelry;Sales;4044695.55278996;2019-04-01;Q2 2019;Jewelry :  Sales
Quarterly;2019;;Q1;Telecommunication;Number of Transactions;1426.211;2019-01-01;Q1 2019;Telecommunication :  Number of Transactions
Quarterly;2019;;Q1;Telecommunication;Sales;446954.44524;2019-01-01;Q1 2019;Telecommunication :  Sales
Quarterly;2019;;Q2;Telecommunication;Sales;486539.95223;2019-04-01;Q2 2019;Telecommunication :  Sales
Quarterly;2019;;Q3;Education;Number of Transactions;832.792;2019-07-01;Q3 2019;Education :  Number of Transactions
Quarterly;2019;;Q2;Public Utilities;Number of Transactions;3488.851;2019-04-01;Q2 2019;Public Utilities :  Number of Transactions
Quarterly;2019;;Q4;Public Utilities;Number of Transactions;6534.449;2019-10-01;Q4 2019;Public Utilities :  Number of Transactions
Quarterly;2019;;Q3;Public Utilities;Sales;883824.317619996;2019-07-01;Q3 2019;Public Utilities :  Sales
Quarterly;2019;;Q4;Public Utilities;Sales;961369.452829997;2019-10-01;Q4 2019;Public Utilities :  Sales
Quarterly;2019;;Q2;Others;Number of Transactions;44551.687;2019-04-01;Q2 2019;Others :  Number of Transactions
Quarterly;2019;;Q3;Others;Number of Transactions;51164.581;2019-07-01;Q3 2019;Others :  Number of Transactions
Quarterly;2019;;Q2;Total;Number of Transactions;362372.235;2019-04-01;Q2 2019;Total :  Number of Transactions
Monthly;2019;FEB;;Transportation;Number of Transactions;1746.701;2019-02-01;FEB 2019;Transportation :  Number of Transactions
Monthly;2019;SEP;;Transportation;Number of Transactions;2573.871;2019-09-01;SEP 2019;Transportation :  Number of Transactions
Monthly;2019;JAN;;Transportation;Sales;1550703.80265999;2019-01-01;JAN 2019;Transportation :  Sales
Monthly;2019;MAR;;Transportation;Sales;1655389.90953999;2019-03-01;MAR 2019;Transportation :  Sales
Monthly;2019;OCT;;Transportation;Sales;1895700.35976999;2019-10-01;OCT 2019;Transportation :  Sales
Monthly;2019;MAR;;Health;Number of Transactions;14027.252;2019-03-01;MAR 2019;Health :  Number of Transactions
Monthly;2019;APR;;Health;Number of Transactions;12804.398;2019-04-01;APR 2019;Health :  Number of Transactions
Monthly;2019;SEP;;Health;Number of Transactions;15053.449;2019-09-01;SEP 2019;Health :  Number of Transactions
Monthly;2019;JAN;;Health;Sales;1973117.29363999;2019-01-01;JAN 2019;Health :  Sales
Monthly;2019;APR;;Health;Sales;2009108.47987999;2019-04-01;APR 2019;Health :  Sales
Monthly;2019;JUN;;Health;Sales;1795911.03987;2019-06-01;JUN 2019;Health :  Sales
Monthly;2019;OCT;;Health;Sales;2252452.75874;2019-10-01;OCT 2019;Health :  Sales
Monthly;2019;JAN;;Restaurants & Café;Number of Transactions;29663.872;2019-01-01;JAN 2019;Restaurants & Café :  Number of Transactions
Monthly;2019;MAR;;Restaurants & Café;Sales;2385470.64784991;2019-03-01;MAR 2019;Restaurants & Café :  Sales
Monthly;2019;MAY;;Restaurants & Café;Sales;2011839.923;2019-05-01;MAY 2019;Restaurants & Café :  Sales
Monthly;2019;AUG;;Restaurants & Café;Sales;2560806.74572996;2019-08-01;AUG 2019;Restaurants & Café :  Sales
Monthly;2019;NOV;;Restaurants & Café;Sales;2849080.79050005;2019-11-01;NOV 2019;Restaurants & Café :  Sales
Monthly;2019;APR;;Hotels;Number of Transactions;1025.882;2019-04-01;APR 2019;Hotels :  Number of Transactions
Monthly;2019;MAY;;Hotels;Number of Transactions;1105.78;2019-05-01;MAY 2019;Hotels :  Number of Transactions
Monthly;2019;JUN;;Hotels;Number of Transactions;1333.953;2019-06-01;JUN 2019;Hotels :  Number of Transactions
Monthly;2019;JUL;;Hotels;Number of Transactions;1451.638;2019-07-01;JUL 2019;Hotels :  Number of Transactions
Monthly;2019;JAN;;Hotels;Sales;685241.502309993;2019-01-01;JAN 2019;Hotels :  Sales
Monthly;2019;FEB;;Hotels;Sales;1144949.11937999;2019-02-01;FEB 2019;Hotels :  Sales
Monthly;2019;JUL;;Hotels;Sales;733104.809289992;2019-07-01;JUL 2019;Hotels :  Sales
Monthly;2019;OCT;;Hotels;Sales;689406.686279995;2019-10-01;OCT 2019;Hotels :  Sales
Monthly;2019;APR;;Beverage and Food;Number of Transactions;28642.083;2019-04-01;APR 2019;Beverage and Food :  Number of Transactions
Monthly;2019;OCT;;Beverage and Food;Number of Transactions;40409.243;2019-10-01;OCT 2019;Beverage and Food :  Number of Transactions
Monthly;2019;DEC;;Beverage and Food;Number of Transactions;41426.653;2019-12-01;DEC 2019;Beverage and Food :  Number of Transactions
Monthly;2019;JAN;;Beverage and Food;Sales;2802871.73020001;2019-01-01;JAN 2019;Beverage and Food :  Sales
Monthly;2019;FEB;;Beverage and Food;Sales;2530199.89780999;2019-02-01;FEB 2019;Beverage and Food :  Sales
Monthly;2019;MAR;;Beverage and Food;Sales;3052079.62766003;2019-03-01;MAR 2019;Beverage and Food :  Sales
Monthly;2019;AUG;;Beverage and Food;Sales;3059998.13198006;2019-08-01;AUG 2019;Beverage and Food :  Sales
Monthly;2019;SEP;;Beverage and Food;Sales;3275251.82032009;2019-09-01;SEP 2019;Beverage and Food :  Sales
Monthly;2019;NOV;;Beverage and Food;Sales;3408177.83615005;2019-11-01;NOV 2019;Beverage and Food :  Sales
Monthly;2019;FEB;;Clothing and Footwear;Number of Transactions;7588.253;2019-02-01;FEB 2019;Clothing and Footwear :  Number of Transactions
Monthly;2019;MAR;;Clothing and Footwear;Number of Transactions;10263.027;2019-03-01;MAR 2019;Clothing and Footwear :  Number of Transactions
Monthly;2019;APR;;Clothing and Footwear;Number of Transactions;11237.533;2019-04-01;APR 2019;Clothing and Footwear :  Number of Transactions
Monthly;2019;MAY;;Clothing and Footwear;Number of Transactions;18462.463;2019-05-01;MAY 2019;Clothing and Footwear :  Number of Transactions
Monthly;2019;FEB;;Clothing and Footwear;Sales;1669056.65481991;2019-02-01;FEB 2019;Clothing and Footwear :  Sales
Monthly;2019;JUN;;Clothing and Footwear;Sales;2338217.16684996;2019-06-01;JUN 2019;Clothing and Footwear :  Sales
Monthly;2019;OCT;;Clothing and Footwear;Sales;2067083.93083993;2019-10-01;OCT 2019;Clothing and Footwear :  Sales
Monthly;2019;NOV;;Clothing and Footwear;Sales;2777696.3323802;2019-11-01;NOV 2019;Clothing and Footwear :  Sales
Monthly;2019;DEC;;Clothing and Footwear;Sales;2743524.04536011;2019-12-01;DEC 2019;Clothing and Footwear :  Sales
Monthly;2019;FEB;;Recreation and Culture;Number of Transactions;2859.138;2019-02-01;FEB 2019;Recreation and Culture :  Number of Transactions
Monthly;2019;NOV;;Recreation and Culture;Sales;965242.531879996;2019-11-01;NOV 2019;Recreation and Culture :  Sales
Monthly;2019;DEC;;Recreation and Culture;Sales;1085701.17393;2019-12-01;DEC 2019;Recreation and Culture :  Sales
Monthly;2019;APR;;Miscellaneous Goods and Services;Number of Transactions;4584.009;2019-04-01;APR 2019;Miscellaneous Goods and Services :  Number of Transactions
Monthly;2019;JUL;;Miscellaneous Goods and Services;Number of Transactions;4977.98;2019-07-01;JUL 2019;Miscellaneous Goods and Services :  Number of Transactions
Monthly;2019;AUG;;Miscellaneous Goods and Services;Number of Transactions;5050.562;2019-08-01;AUG 2019;Miscellaneous Goods and Services :  Number of Transactions
Monthly;2019;JAN;;Miscellaneous Goods and Services;Sales;2290039.32895997;2019-01-01;JAN 2019;Miscellaneous Goods and Services :  Sales
Monthly;2019;JAN;;Electronic & Electric Devices;Number of Transactions;1241.911;2019-01-01;JAN 2019;Electronic & Electric Devices :  Number of Transactions
Monthly;2019;MAY;;Electronic & Electric Devices;Number of Transactions;1638.598;2019-05-01;MAY 2019;Electronic & Electric Devices :  Number of Transactions
Monthly;2019;JUN;;Electronic & Electric Devices;Number of Transactions;1424.409;2019-06-01;JUN 2019;Electronic & Electric Devices :  Number of Transactions
Monthly;2019;SEP;;Electronic & Electric Devices;Number of Transactions;1792.463;2019-09-01;SEP 2019;Electronic & Electric Devices :  Number of Transactions
Monthly;2019;APR;;Electronic & Electric Devices;Sales;865057.67151999;2019-04-01;APR 2019;Electronic & Electric Devices :  Sales
Monthly;2019;JUN;;Electronic & Electric Devices;Sales;832193.855949992;2019-06-01;JUN 2019;Electronic & Electric Devices :  Sales
Monthly;2019;APR;;Furniture;Number of Transactions;1549.739;2019-04-01;APR 2019;Furniture :  Number of Transactions
Monthly;2019;JUL;;Furniture;Number of Transactions;1530.457;2019-07-01;JUL 2019;Furniture :  Number of Transactions
Monthly;2019;AUG;;Furniture;Sales;829737.26019999;2019-08-01;AUG 2019;Furniture :  Sales
Monthly;2019;DEC;;Furniture;Sales;1193816.15495998;2019-12-01;DEC 2019;Furniture :  Sales
Monthly;2019;JUL;;Construction & Building Materials;Number of Transactions;1311.552;2019-07-01;JUL 2019;Construction & Building Materials :  Number of Transactions
Monthly;2019;SEP;;Construction & Building Materials;Number of Transactions;1328.251;2019-09-01;SEP 2019;Construction & Building Materials :  Number of Transactions
Monthly;2019;NOV;;Construction & Building Materials;Number of Transactions;1632.749;2019-11-01;NOV 2019;Construction & Building Materials :  Number of Transactions
Monthly;2019;JAN;;Construction & Building Materials;Sales;1016552.24944999;2019-01-01;JAN 2019;Construction & Building Materials :  Sales
Monthly;2019;MAR;;Construction & Building Materials;Sales;1166672.00337999;2019-03-01;MAR 2019;Construction & Building Materials :  Sales
Monthly;2019;AUG;;Construction & Building Materials;Sales;905328.970419986;2019-08-01;AUG 2019;Construction & Building Materials :  Sales
Monthly;2019;SEP;;Construction & Building Materials;Sales;1097270.17513998;2019-09-01;SEP 2019;Construction & Building Materials :  Sales
Monthly;2019;FEB;;Jewelry;Number of Transactions;574.471;2019-02-01;FEB 2019;Jewelry :  Number of Transactions
Monthly;2019;MAY;;Jewelry;Number of Transactions;1236.534;2019-05-01;MAY 2019;Jewelry :  Number of Transactions
Monthly;2019;JAN;;Jewelry;Sales;885794.064259982;2019-01-01;JAN 2019;Jewelry :  Sales
Monthly;2019;JUN;;Jewelry;Sales;1181050.49189998;2019-06-01;JUN 2019;Jewelry :  Sales
Monthly;2019;AUG;;Jewelry;Sales;864090.620339986;2019-08-01;AUG 2019;Jewelry :  Sales
Monthly;2019;FEB;;Telecommunication;Number of Transactions;429.429;2019-02-01;FEB 2019;Telecommunication :  Number of Transactions
Monthly;2019;SEP;;Telecommunication;Number of Transactions;548.31;2019-09-01;SEP 2019;Telecommunication :  Number of Transactions
Monthly;2019;NOV;;Telecommunication;Number of Transactions;539.437;2019-11-01;NOV 2019;Telecommunication :  Number of Transactions
Monthly;2019;DEC;;Telecommunication;Number of Transactions;589.2;2019-12-01;DEC 2019;Telecommunication :  Number of Transactions
Monthly;2019;JAN;;Telecommunication;Sales;157581.52719;2019-01-01;JAN 2019;Telecommunication :  Sales
Monthly;2019;JUL;;Telecommunication;Sales;154727.29443;2019-07-01;JUL 2019;Telecommunication :  Sales
Monthly;2019;APR;;Education;Number of Transactions;210.882;2019-04-01;APR 2019;Education :  Number of Transactions
Monthly;2019;JUN;;Education;Number of Transactions;110.241;2019-06-01;JUN 2019;Education :  Number of Transactions
Monthly;2019;AUG;;Education;Number of Transactions;291.7;2019-08-01;AUG 2019;Education :  Number of Transactions
Monthly;2019;AUG;;Education;Sales;1248276.30606;2019-08-01;AUG 2019;Education :  Sales
Monthly;2019;DEC;;Education;Sales;591583.264609999;2019-12-01;DEC 2019;Education :  Sales
Monthly;2019;JUN;;Public Utilities;Number of Transactions;1130.382;2019-06-01;JUN 2019;Public Utilities :  Number of Transactions
Monthly;2019;AUG;;Public Utilities;Number of Transactions;1798.428;2019-08-01;AUG 2019;Public Utilities :  Number of Transactions
Monthly;2019;APR;;Public Utilities;Sales;276485.29378;2019-04-01;APR 2019;Public Utilities :  Sales
Monthly;2019;APR;;Others;Number of Transactions;15835.048;2019-04-01;APR 2019;Others :  Number of Transactions
Monthly;2019;NOV;;Others;Number of Transactions;26200.192;2019-11-01;NOV 2019;Others :  Number of Transactions
Monthly;2019;FEB;;Others;Sales;1913528.23765;2019-02-01;FEB 2019;Others :  Sales
Monthly;2019;APR;;Others;Sales;2931348.57069;2019-04-01;APR 2019;Others :  Sales
Monthly;2019;MAY;;Others;Sales;3420845.37787;2019-05-01;MAY 2019;Others :  Sales
Monthly;2019;JUL;;Others;Sales;2723152.89589071;2019-07-01;JUL 2019;Others :  Sales
Monthly;2019;SEP;;Others;Sales;3011663.41221379;2019-09-01;SEP 2019;Others :  Sales
Monthly;2019;JUL;;Total;Number of Transactions;132533.739;2019-07-01;JUL 2019;Total :  Number of Transactions
Monthly;2019;MAR;;Total;Sales;23431926.271;2019-03-01;MAR 2019;Total :  Sales
Monthly;2019;MAY;;Total;Sales;27819738.4881907;2019-05-01;MAY 2019;Total :  Sales
Monthly;2019;JUN;;Total;Sales;20760253.0182279;2019-06-01;JUN 2019;Total :  Sales
Monthly;2019;AUG;;Total;Sales;23758511.7216126;2019-08-01;AUG 2019;Total :  Sales
Monthly;2019;SEP;;Total;Sales;24842705.4997637;2019-09-01;SEP 2019;Total :  Sales
Annually;2019;;;Transportation;Sales;21165524.3950199;2019-01-01;2019;Transportation :  Sales
Annually;2019;;;Health;Sales;24984246.1852099;2019-01-01;2019;Health :  Sales
Annually;2019;;;Restaurants & Café;Number of Transactions;473703.924;2019-01-01;2019;Restaurants & Café :  Number of Transactions
Annually;2019;;;Hotels;Sales;8653771.57663993;2019-01-01;2019;Hotels :  Sales
Annually;2019;;;Furniture;Sales;11367618.2102199;2019-01-01;2019;Furniture :  Sales
Annually;2019;;;Construction & Building Materials;Sales;13148817.0613898;2019-01-01;2019;Construction & Building Materials :  Sales
Annually;2019;;;Jewelry;Number of Transactions;9062.979;2019-01-01;2019;Jewelry :  Number of Transactions
Annually;2019;;;Telecommunication;Sales;1897397.1864;2019-01-01;2019;Telecommunication :  Sales
Quarterly;2019;;Q3;Transportation;Number of Transactions;7466.073;2019-07-01;Q3 2019;Transportation :  Number of Transactions
Quarterly;2019;;Q4;Transportation;Sales;5699219.57004997;2019-10-01;Q4 2019;Transportation :  Sales
Quarterly;2019;;Q1;Health;Sales;5950147.29215997;2019-01-01;Q1 2019;Health :  Sales
Quarterly;2019;;Q2;Restaurants & Café;Number of Transactions;97669.613;2019-04-01;Q2 2019;Restaurants & Café :  Number of Transactions
Quarterly;2019;;Q2;Hotels;Sales;2096595.64221998;2019-04-01;Q2 2019;Hotels :  Sales
Quarterly;2019;;Q3;Hotels;Sales;2010635.94620998;2019-07-01;Q3 2019;Hotels :  Sales
Quarterly;2019;;Q4;Hotels;Sales;2129970.37961998;2019-10-01;Q4 2019;Hotels :  Sales
Quarterly;2019;;Q3;Beverage and Food;Number of Transactions;102315.927;2019-07-01;Q3 2019;Beverage and Food :  Number of Transactions
Quarterly;2019;;Q2;Beverage and Food;Sales;9383730.3729301;2019-04-01;Q2 2019;Beverage and Food :  Sales
Quarterly;2019;;Q4;Beverage and Food;Sales;10374523.7661902;2019-10-01;Q4 2019;Beverage and Food :  Sales
Quarterly;2019;;Q1;Clothing and Footwear;Number of Transactions;27625.053;2019-01-01;Q1 2019;Clothing and Footwear :  Number of Transactions
Quarterly;2019;;Q3;Clothing and Footwear;Number of Transactions;34011.729;2019-07-01;Q3 2019;Clothing and Footwear :  Number of Transactions
Quarterly;2019;;Q4;Clothing and Footwear;Number of Transactions;35905.091;2019-10-01;Q4 2019;Clothing and Footwear :  Number of Transactions
Quarterly;2019;;Q1;Clothing and Footwear;Sales;6126268.14706979;2019-01-01;Q1 2019;Clothing and Footwear :  Sales
Quarterly;2019;;Q2;Recreation and Culture;Number of Transactions;9995.94;2019-04-01;Q2 2019;Recreation and Culture :  Number of Transactions
Quarterly;2019;;Q2;Recreation and Culture;Sales;2737924.82727999;2019-04-01;Q2 2019;Recreation and Culture :  Sales
Quarterly;2019;;Q4;Recreation and Culture;Sales;3019313.33860999;2019-10-01;Q4 2019;Recreation and Culture :  Sales
Quarterly;2019;;Q3;Miscellaneous Goods and Services;Number of Transactions;15667.197;2019-07-01;Q3 2019;Miscellaneous Goods and Services :  Number of Transactions
Quarterly;2019;;Q1;Electronic & Electric Devices;Sales;2094147.39436998;2019-01-01;Q1 2019;Electronic & Electric Devices :  Sales
Quarterly;2019;;Q3;Electronic & Electric Devices;Sales;2940356.62658997;2019-07-01;Q3 2019;Electronic & Electric Devices :  Sales
Quarterly;2019;;Q1;Furniture;Number of Transactions;3766.853;2019-01-01;Q1 2019;Furniture :  Number of Transactions
Quarterly;2019;;Q2;Construction & Building Materials;Sales;2988870.65589998;2019-04-01;Q2 2019;Construction & Building Materials :  Sales
Quarterly;2019;;Q3;Jewelry;Number of Transactions;2071.175;2019-07-01;Q3 2019;Jewelry :  Number of Transactions
Quarterly;2019;;Q3;Telecommunication;Sales;440650.761650001;2019-07-01;Q3 2019;Telecommunication :  Sales
Quarterly;2019;;Q2;Education;Sales;1190699.42456;2019-04-01;Q2 2019;Education :  Sales
Quarterly;2019;;Q1;Others;Sales;6762348.88130047;2019-01-01;Q1 2019;Others :  Sales
Quarterly;2019;;Q3;Others;Sales;8686020.59918708;2019-07-01;Q3 2019;Others :  Sales
Quarterly;2019;;Q2;Total;Sales;72708719.5734186;2019-04-01;Q2 2019;Total :  Sales
Monthly;2019;APR;;Transportation;Number of Transactions;2048.745;2019-04-01;APR 2019;Transportation :  Number of Transactions
Monthly;2019;DEC;;Transportation;Number of Transactions;3037.424;2019-12-01;DEC 2019;Transportation :  Number of Transactions
Monthly;2019;FEB;;Transportation;Sales;1389410.25634999;2019-02-01;FEB 2019;Transportation :  Sales
Monthly;2019;NOV;;Transportation;Sales;1782993.37358999;2019-11-01;NOV 2019;Transportation :  Sales
Monthly;2019;OCT;;Health;Number of Transactions;16529.532;2019-10-01;OCT 2019;Health :  Number of Transactions
Monthly;2019;MAY;;Health;Sales;2206494.2895;2019-05-01;MAY 2019;Health :  Sales
Monthly;2019;NOV;;Health;Sales;2148096.3337;2019-11-01;NOV 2019;Health :  Sales
Monthly;2019;FEB;;Restaurants & Café;Number of Transactions;29106.222;2019-02-01;FEB 2019;Restaurants & Café :  Number of Transactions
Monthly;2019;MAY;;Restaurants & Café;Number of Transactions;27549.407;2019-05-01;MAY 2019;Restaurants & Café :  Number of Transactions
Monthly;2019;SEP;;Restaurants & Café;Number of Transactions;44116.194;2019-09-01;SEP 2019;Restaurants & Café :  Number of Transactions
Monthly;2019;NOV;;Restaurants & Café;Number of Transactions;51351.584;2019-11-01;NOV 2019;Restaurants & Café :  Number of Transactions
Monthly;2019;FEB;;Restaurants & Café;Sales;1948217.15045992;2019-02-01;FEB 2019;Restaurants & Café :  Sales
Monthly;2019;APR;;Restaurants & Café;Sales;2300698.58243993;2019-04-01;APR 2019;Restaurants & Café :  Sales
Monthly;2019;FEB;;Hotels;Number of Transactions;918.023;2019-02-01;FEB 2019;Hotels :  Number of Transactions
Monthly;2019;AUG;;Hotels;Number of Transactions;1266.849;2019-08-01;AUG 2019;Hotels :  Number of Transactions
Monthly;2019;APR;;Hotels;Sales;534941.818919995;2019-04-01;APR 2019;Hotels :  Sales
Monthly;2019;DEC;;Hotels;Sales;760970.651659998;2019-12-01;DEC 2019;Hotels :  Sales
Monthly;2019;JAN;;Beverage and Food;Number of Transactions;24908.664;2019-01-01;JAN 2019;Beverage and Food :  Number of Transactions
Monthly;2019;SEP;;Beverage and Food;Number of Transactions;36527.179;2019-09-01;SEP 2019;Beverage and Food :  Number of Transactions
Monthly;2019;NOV;;Beverage and Food;Number of Transactions;40106.801;2019-11-01;NOV 2019;Beverage and Food :  Number of Transactions
Monthly;2019;DEC;;Clothing and Footwear;Number of Transactions;13139.273;2019-12-01;DEC 2019;Clothing and Footwear :  Number of Transactions
Monthly;2019;APR;;Clothing and Footwear;Sales;2746846.08937012;2019-04-01;APR 2019;Clothing and Footwear :  Sales
Monthly;2019;JUL;;Clothing and Footwear;Sales;2301733.81653994;2019-07-01;JUL 2019;Clothing and Footwear :  Sales
Monthly;2019;AUG;;Clothing and Footwear;Sales;2734288.6278601;2019-08-01;AUG 2019;Clothing and Footwear :  Sales
Monthly;2019;JAN;;Recreation and Culture;Number of Transactions;3478.476;2019-01-01;JAN 2019;Recreation and Culture :  Number of Transactions
Monthly;2019;APR;;Recreation and Culture;Number of Transactions;3361.925;2019-04-01;APR 2019;Recreation and Culture :  Number of Transactions
Monthly;2019;JUN;;Recreation and Culture;Number of Transactions;2971.953;2019-06-01;JUN 2019;Recreation and Culture :  Number of Transactions
Monthly;2019;JUL;;Recreation and Culture;Number of Transactions;3147.021;2019-07-01;JUL 2019;Recreation and Culture :  Number of Transactions
Monthly;2019;OCT;;Recreation and Culture;Number of Transactions;4565.201;2019-10-01;OCT 2019;Recreation and Culture :  Number of Transactions
Monthly;2019;NOV;;Recreation and Culture;Number of Transactions;4301.409;2019-11-01;NOV 2019;Recreation and Culture :  Number of Transactions
Monthly;2019;DEC;;Recreation and Culture;Number of Transactions;4552.97;2019-12-01;DEC 2019;Recreation and Culture :  Number of Transactions
Monthly;2019;JAN;;Miscellaneous Goods and Services;Number of Transactions;4227.172;2019-01-01;JAN 2019;Miscellaneous Goods and Services :  Number of Transactions
Monthly;2019;MAR;;Miscellaneous Goods and Services;Number of Transactions;4731.979;2019-03-01;MAR 2019;Miscellaneous Goods and Services :  Number of Transactions
Monthly;2019;OCT;;Miscellaneous Goods and Services;Number of Transactions;5954.014;2019-10-01;OCT 2019;Miscellaneous Goods and Services :  Number of Transactions
Monthly;2019;DEC;;Miscellaneous Goods and Services;Number of Transactions;6728.647;2019-12-01;DEC 2019;Miscellaneous Goods and Services :  Number of Transactions
Monthly;2019;APR;;Miscellaneous Goods and Services;Sales;2404890.99344997;2019-04-01;APR 2019;Miscellaneous Goods and Services :  Sales
Monthly;2019;MAR;;Electronic & Electric Devices;Number of Transactions;1357.754;2019-03-01;MAR 2019;Electronic & Electric Devices :  Number of Transactions
Monthly;2019;JAN;;Electronic & Electric Devices;Sales;676315.320779993;2019-01-01;JAN 2019;Electronic & Electric Devices :  Sales
Monthly;2019;SEP;;Electronic & Electric Devices;Sales;1032223.74872999;2019-09-01;SEP 2019;Electronic & Electric Devices :  Sales
Monthly;2019;JAN;;Furniture;Number of Transactions;1235.206;2019-01-01;JAN 2019;Furniture :  Number of Transactions
Monthly;2019;MAY;;Furniture;Number of Transactions;1671.032;2019-05-01;MAY 2019;Furniture :  Number of Transactions
Monthly;2019;DEC;;Furniture;Number of Transactions;2034.676;2019-12-01;DEC 2019;Furniture :  Number of Transactions
Monthly;2019;FEB;;Furniture;Sales;736377.748429992;2019-02-01;FEB 2019;Furniture :  Sales
Monthly;2019;MAR;;Furniture;Sales;967104.968079988;2019-03-01;MAR 2019;Furniture :  Sales
Monthly;2019;APR;;Furniture;Sales;1061816.08602998;2019-04-01;APR 2019;Furniture :  Sales
Monthly;2019;NOV;;Furniture;Sales;1054961.40603999;2019-11-01;NOV 2019;Furniture :  Sales
Monthly;2019;JAN;;Construction & Building Materials;Number of Transactions;1023.415;2019-01-01;JAN 2019;Construction & Building Materials :  Number of Transactions
Monthly;2019;MAY;;Construction & Building Materials;Number of Transactions;1194.623;2019-05-01;MAY 2019;Construction & Building Materials :  Number of Transactions
Monthly;2019;OCT;;Construction & Building Materials;Number of Transactions;1535.411;2019-10-01;OCT 2019;Construction & Building Materials :  Number of Transactions
Monthly;2019;APR;;Construction & Building Materials;Sales;1202743.62949999;2019-04-01;APR 2019;Construction & Building Materials :  Sales
Monthly;2019;OCT;;Construction & Building Materials;Sales;1209676.60039998;2019-10-01;OCT 2019;Construction & Building Materials :  Sales
Monthly;2019;DEC;;Construction & Building Materials;Sales;1410387.21224999;2019-12-01;DEC 2019;Construction & Building Materials :  Sales
Monthly;2019;JAN;;Jewelry;Number of Transactions;624.753;2019-01-01;JAN 2019;Jewelry :  Number of Transactions
Monthly;2019;AUG;;Jewelry;Number of Transactions;767.98;2019-08-01;AUG 2019;Jewelry :  Number of Transactions
Monthly;2019;MAR;;Jewelry;Sales;1189577.64257998;2019-03-01;MAR 2019;Jewelry :  Sales
Monthly;2019;MAY;;Jewelry;Sales;1733235.107;2019-05-01;MAY 2019;Jewelry :  Sales
Monthly;2019;JAN;;Telecommunication;Number of Transactions;480.769;2019-01-01;JAN 2019;Telecommunication :  Number of Transactions
Monthly;2019;MAR;;Telecommunication;Number of Transactions;516.013;2019-03-01;MAR 2019;Telecommunication :  Number of Transactions
Monthly;2019;JUL;;Telecommunication;Number of Transactions;551.051;2019-07-01;JUL 2019;Telecommunication :  Number of Transactions
Monthly;2019;JUN;;Telecommunication;Sales;139261.66786;2019-06-01;JUN 2019;Telecommunication :  Sales
Monthly;2019;AUG;;Telecommunication;Sales;138939.71853;2019-08-01;AUG 2019;Telecommunication :  Sales
Monthly;2019;OCT;;Telecommunication;Sales;195767.87939;2019-10-01;OCT 2019;Telecommunication :  Sales
Monthly;2019;NOV;;Telecommunication;Sales;155886.829830001;2019-11-01;NOV 2019;Telecommunication :  Sales
Monthly;2019;OCT;;Education;Sales;491252.675739997;2019-10-01;OCT 2019;Education :  Sales
Monthly;2019;JAN;;Public Utilities;Number of Transactions;846.109;2019-01-01;JAN 2019;Public Utilities :  Number of Transactions
Monthly;2019;FEB;;Public Utilities;Number of Transactions;861.438;2019-02-01;FEB 2019;Public Utilities :  Number of Transactions
Monthly;2019;OCT;;Public Utilities;Number of Transactions;2261.268;2019-10-01;OCT 2019;Public Utilities :  Number of Transactions
Monthly;2019;JAN;;Public Utilities;Sales;247940.16429;2019-01-01;JAN 2019;Public Utilities :  Sales
Monthly;2019;JUL;;Public Utilities;Sales;314884.808319997;2019-07-01;JUL 2019;Public Utilities :  Sales
Monthly;2019;OCT;;Public Utilities;Sales;335497.149989999;2019-10-01;OCT 2019;Public Utilities :  Sales
Monthly;2019;NOV;;Public Utilities;Sales;309679.510859999;2019-11-01;NOV 2019;Public Utilities :  Sales
Monthly;2019;JAN;;Others;Number of Transactions;13033.703;2019-01-01;JAN 2019;Others :  Number of Transactions
Monthly;2019;JUL;;Others;Number of Transactions;13634.697;2019-07-01;JUL 2019;Others :  Number of Transactions
Monthly;2019;OCT;;Others;Number of Transactions;23518.197;2019-10-01;OCT 2019;Others :  Number of Transactions
Monthly;2019;OCT;;Others;Sales;3227660.17228261;2019-10-01;OCT 2019;Others :  Sales
Monthly;2019;FEB;;Total;Number of Transactions;98994.794;2019-02-01;FEB 2019;Total :  Number of Transactions
Monthly;2019;APR;;Total;Number of Transactions;121526.117;2019-04-01;APR 2019;Total :  Number of Transactions
Monthly;2019;NOV;;Total;Number of Transactions;170308.609;2019-11-01;NOV 2019;Total :  Number of Transactions
Monthly;2019;JAN;;Total;Sales;21381143.87;2019-01-01;JAN 2019;Total :  Sales
Monthly;2019;JUL;;Total;Sales;23537532.8470805;2019-07-01;JUL 2019;Total :  Sales
Monthly;2019;DEC;;Total;Sales;27931981.2499813;2019-12-01;DEC 2019;Total :  Sales
Annually;2018;;;Transportation;Number of Transactions;19576.163;2018-01-01;2018;Transportation :  Number of Transactions
Annually;2018;;;Health;Sales;21575960.82341;2018-01-01;2018;Health :  Sales
Annually;2018;;;Restaurants & Café;Number of Transactions;260115.393;2018-01-01;2018;Restaurants & Café :  Number of Transactions
Annually;2018;;;Hotels;Sales;8346169.32703994;2018-01-01;2018;Hotels :  Sales
Annually;2018;;;Recreation and Culture;Number of Transactions;32488.337;2018-01-01;2018;Recreation and Culture :  Number of Transactions
Annually;2018;;;Construction & Building Materials;Sales;10517614.1794999;2018-01-01;2018;Construction & Building Materials :  Sales
Annually;2018;;;Jewelry;Number of Transactions;7507.542;2018-01-01;2018;Jewelry :  Number of Transactions
Annually;2018;;;Others;Sales;21912210.3960915;2018-01-01;2018;Others :  Sales
Quarterly;2018;;Q4;Transportation;Sales;4612751.34588998;2018-10-01;Q4 2018;Transportation :  Sales
Quarterly;2018;;Q2;Health;Number of Transactions;30738.441;2018-04-01;Q2 2018;Health :  Number of Transactions
Quarterly;2018;;Q3;Health;Number of Transactions;32108.421;2018-07-01;Q3 2018;Health :  Number of Transactions
Quarterly;2018;;Q2;Health;Sales;5294269.0323;2018-04-01;Q2 2018;Health :  Sales
Quarterly;2018;;Q1;Hotels;Number of Transactions;2351.34;2018-01-01;Q1 2018;Hotels :  Number of Transactions
Quarterly;2018;;Q4;Hotels;Number of Transactions;2852.213;2018-10-01;Q4 2018;Hotels :  Number of Transactions
Quarterly;2018;;Q3;Hotels;Sales;1694497.05482999;2018-07-01;Q3 2018;Hotels :  Sales
Quarterly;2018;;Q4;Hotels;Sales;1870350.05516999;2018-10-01;Q4 2018;Hotels :  Sales
Quarterly;2018;;Q2;Beverage and Food;Sales;7542607.21176;2018-04-01;Q2 2018;Beverage and Food :  Sales
Quarterly;2018;;Q2;Clothing and Footwear;Number of Transactions;34365.593;2018-04-01;Q2 2018;Clothing and Footwear :  Number of Transactions
Quarterly;2018;;Q1;Clothing and Footwear;Sales;5930821.6;2018-01-01;Q1 2018;Clothing and Footwear :  Sales
Quarterly;2018;;Q2;Recreation and Culture;Number of Transactions;8035.875;2018-04-01;Q2 2018;Recreation and Culture :  Number of Transactions
Quarterly;2018;;Q3;Recreation and Culture;Number of Transactions;8322.731;2018-07-01;Q3 2018;Recreation and Culture :  Number of Transactions
Quarterly;2018;;Q4;Recreation and Culture;Number of Transactions;8779.816;2018-10-01;Q4 2018;Recreation and Culture :  Number of Transactions
Quarterly;2018;;Q2;Miscellaneous Goods and Services;Number of Transactions;12092.495;2018-04-01;Q2 2018;Miscellaneous Goods and Services :  Number of Transactions
Quarterly;2018;;Q1;Miscellaneous Goods and Services;Sales;5599637.65749993;2018-01-01;Q1 2018;Miscellaneous Goods and Services :  Sales
Quarterly;2018;;Q4;Miscellaneous Goods and Services;Sales;6818620.91533994;2018-10-01;Q4 2018;Miscellaneous Goods and Services :  Sales
Quarterly;2018;;Q3;Electronic & Electric Devices;Sales;2081126.20731998;2018-07-01;Q3 2018;Electronic & Electric Devices :  Sales
Quarterly;2018;;Q4;Furniture;Number of Transactions;3714.753;2018-10-01;Q4 2018;Furniture :  Number of Transactions
Quarterly;2018;;Q4;Construction & Building Materials;Number of Transactions;2923.873;2018-10-01;Q4 2018;Construction & Building Materials :  Number of Transactions
Quarterly;2018;;Q1;Construction & Building Materials;Sales;2545859.06455997;2018-01-01;Q1 2018;Construction & Building Materials :  Sales
Quarterly;2018;;Q4;Construction & Building Materials;Sales;2932965.66683996;2018-10-01;Q4 2018;Construction & Building Materials :  Sales
Quarterly;2018;;Q1;Jewelry;Number of Transactions;1591.845;2018-01-01;Q1 2018;Jewelry :  Number of Transactions
Quarterly;2018;;Q1;Telecommunication;Number of Transactions;1112.801;2018-01-01;Q1 2018;Telecommunication :  Number of Transactions
Quarterly;2018;;Q2;Telecommunication;Number of Transactions;1194.843;2018-04-01;Q2 2018;Telecommunication :  Number of Transactions
Quarterly;2018;;Q4;Telecommunication;Number of Transactions;1430.916;2018-10-01;Q4 2018;Telecommunication :  Number of Transactions
Quarterly;2018;;Q3;Education;Sales;2358075.66656999;2018-07-01;Q3 2018;Education :  Sales
Quarterly;2018;;Q4;Education;Sales;1352002.91652;2018-10-01;Q4 2018;Education :  Sales
Quarterly;2018;;Q4;Public Utilities;Number of Transactions;2267.059;2018-10-01;Q4 2018;Public Utilities :  Number of Transactions
Quarterly;2018;;Q1;Others;Number of Transactions;21993.559;2018-01-01;Q1 2018;Others :  Number of Transactions
Quarterly;2018;;Q1;Total;Number of Transactions;220704.28;2018-01-01;Q1 2018;Total :  Number of Transactions
Quarterly;2018;;Q4;Total;Number of Transactions;301250.338;2018-10-01;Q4 2018;Total :  Number of Transactions
Quarterly;2018;;Q2;Total;Sales;61761998.0;2018-04-01;Q2 2018;Total :  Sales
Monthly;2018;MAY;;Transportation;Number of Transactions;1605.617;2018-05-01;MAY 2018;Transportation :  Number of Transactions
Monthly;2018;SEP;;Transportation;Number of Transactions;1690.301;2018-09-01;SEP 2018;Transportation :  Number of Transactions
Monthly;2018;OCT;;Transportation;Number of Transactions;1834.271;2018-10-01;OCT 2018;Transportation :  Number of Transactions
Monthly;2018;MAR;;Transportation;Sales;1452878.102;2018-03-01;MAR 2018;Transportation :  Sales
Monthly;2018;JUN;;Transportation;Sales;1387634.67063;2018-06-01;JUN 2018;Transportation :  Sales
Monthly;2018;DEC;;Transportation;Sales;1669803.93888999;2018-12-01;DEC 2018;Transportation :  Sales
Monthly;2018;JAN;;Health;Number of Transactions;9752.201;2018-01-01;JAN 2018;Health :  Number of Transactions
Monthly;2018;OCT;;Health;Number of Transactions;11945.56;2018-10-01;OCT 2018;Health :  Number of Transactions
Monthly;2018;NOV;;Health;Number of Transactions;11726.466;2018-11-01;NOV 2018;Health :  Number of Transactions
Monthly;2018;FEB;;Health;Sales;1599231.487;2018-02-01;FEB 2018;Health :  Sales
Monthly;2018;FEB;;Restaurants & Café;Sales;1319859.93574995;2018-02-01;FEB 2018;Restaurants & Café :  Sales
Monthly;2018;APR;;Restaurants & Café;Sales;1589268.80690995;2018-04-01;APR 2018;Restaurants & Café :  Sales
Monthly;2018;JUL;;Restaurants & Café;Sales;1757133.10265994;2018-07-01;JUL 2018;Restaurants & Café :  Sales
Monthly;2018;AUG;;Restaurants & Café;Sales;1757891.28029995;2018-08-01;AUG 2018;Restaurants & Café :  Sales
Monthly;2018;JAN;;Hotels;Number of Transactions;805.187;2018-01-01;JAN 2018;Hotels :  Number of Transactions
Monthly;2018;FEB;;Hotels;Number of Transactions;690.968;2018-02-01;FEB 2018;Hotels :  Number of Transactions
Monthly;2018;MAR;;Hotels;Number of Transactions;855.185;2018-03-01;MAR 2018;Hotels :  Number of Transactions
Monthly;2018;MAY;;Hotels;Number of Transactions;852.66;2018-05-01;MAY 2018;Hotels :  Number of Transactions
Monthly;2018;SEP;;Hotels;Number of Transactions;799.137;2018-09-01;SEP 2018;Hotels :  Number of Transactions
Monthly;2018;FEB;;Hotels;Sales;516340.287709997;2018-02-01;FEB 2018;Hotels :  Sales
Monthly;2018;AUG;;Hotels;Sales;521353.388699996;2018-08-01;AUG 2018;Hotels :  Sales
Monthly;2018;NOV;;Hotels;Sales;575198.737269997;2018-11-01;NOV 2018;Hotels :  Sales
Monthly;2018;AUG;;Beverage and Food;Number of Transactions;19999.796;2018-08-01;AUG 2018;Beverage and Food :  Number of Transactions
Monthly;2018;DEC;;Beverage and Food;Number of Transactions;24266.392;2018-12-01;DEC 2018;Beverage and Food :  Number of Transactions
Monthly;2018;MAR;;Beverage and Food;Sales;2433430.541;2018-03-01;MAR 2018;Beverage and Food :  Sales
Monthly;2018;APR;;Beverage and Food;Sales;2451799.927;2018-04-01;APR 2018;Beverage and Food :  Sales
Monthly;2018;MAY;;Beverage and Food;Sales;2964148.799;2018-05-01;MAY 2018;Beverage and Food :  Sales
Monthly;2018;NOV;;Beverage and Food;Sales;2599339.59284001;2018-11-01;NOV 2018;Beverage and Food :  Sales
Monthly;2018;APR;;Clothing and Footwear;Number of Transactions;9792.432;2018-04-01;APR 2018;Clothing and Footwear :  Number of Transactions
Monthly;2018;APR;;Clothing and Footwear;Sales;2474665.775;2018-04-01;APR 2018;Clothing and Footwear :  Sales
Monthly;2018;JUL;;Clothing and Footwear;Sales;2014702.54678992;2018-07-01;JUL 2018;Clothing and Footwear :  Sales
Monthly;2018;DEC;;Clothing and Footwear;Sales;2570754.97488007;2018-12-01;DEC 2018;Clothing and Footwear :  Sales
Monthly;2018;MAR;;Recreation and Culture;Number of Transactions;2674.508;2018-03-01;MAR 2018;Recreation and Culture :  Number of Transactions
Monthly;2018;MAY;;Recreation and Culture;Number of Transactions;2977.615;2018-05-01;MAY 2018;Recreation and Culture :  Number of Transactions
Monthly;2018;DEC;;Recreation and Culture;Number of Transactions;3087.774;2018-12-01;DEC 2018;Recreation and Culture :  Number of Transactions
Monthly;2018;APR;;Miscellaneous Goods and Services;Number of Transactions;3925.584;2018-04-01;APR 2018;Miscellaneous Goods and Services :  Number of Transactions
Monthly;2018;MAY;;Miscellaneous Goods and Services;Sales;2401633.46527997;2018-05-01;MAY 2018;Miscellaneous Goods and Services :  Sales
Monthly;2018;JUL;;Miscellaneous Goods and Services;Sales;2188053.95732998;2018-07-01;JUL 2018;Miscellaneous Goods and Services :  Sales
Monthly;2018;AUG;;Electronic & Electric Devices;Sales;617425.951699996;2018-08-01;AUG 2018;Electronic & Electric Devices :  Sales
Monthly;2018;JUL;;Furniture;Number of Transactions;1073.244;2018-07-01;JUL 2018;Furniture :  Number of Transactions
Monthly;2018;AUG;;Furniture;Number of Transactions;1044.394;2018-08-01;AUG 2018;Furniture :  Number of Transactions
Monthly;2018;OCT;;Furniture;Number of Transactions;1138.735;2018-10-01;OCT 2018;Furniture :  Number of Transactions
Monthly;2018;NOV;;Furniture;Number of Transactions;1176.764;2018-11-01;NOV 2018;Furniture :  Number of Transactions
Monthly;2018;JUL;;Furniture;Sales;838897.792199991;2018-07-01;JUL 2018;Furniture :  Sales
Monthly;2018;AUG;;Furniture;Sales;713819.687009995;2018-08-01;AUG 2018;Furniture :  Sales
Monthly;2018;OCT;;Furniture;Sales;772316.746209993;2018-10-01;OCT 2018;Furniture :  Sales
Monthly;2018;NOV;;Furniture;Sales;822763.147429992;2018-11-01;NOV 2018;Furniture :  Sales
Monthly;2018;JAN;;Construction & Building Materials;Number of Transactions;689.492;2018-01-01;JAN 2018;Construction & Building Materials :  Number of Transactions
Monthly;2018;MAY;;Construction & Building Materials;Number of Transactions;817.914;2018-05-01;MAY 2018;Construction & Building Materials :  Number of Transactions
Monthly;2018;JUL;;Construction & Building Materials;Number of Transactions;799.193;2018-07-01;JUL 2018;Construction & Building Materials :  Number of Transactions
Monthly;2018;SEP;;Construction & Building Materials;Number of Transactions;792.74;2018-09-01;SEP 2018;Construction & Building Materials :  Number of Transactions
Monthly;2018;AUG;;Construction & Building Materials;Sales;791324.46402999;2018-08-01;AUG 2018;Construction & Building Materials :  Sales
Monthly;2018;FEB;;Jewelry;Number of Transactions;452.853;2018-02-01;FEB 2018;Jewelry :  Number of Transactions
Monthly;2018;APR;;Jewelry;Number of Transactions;616.939;2018-04-01;APR 2018;Jewelry :  Number of Transactions
Monthly;2018;JUL;;Jewelry;Number of Transactions;592.641;2018-07-01;JUL 2018;Jewelry :  Number of Transactions
Monthly;2018;AUG;;Jewelry;Number of Transactions;671.579;2018-08-01;AUG 2018;Jewelry :  Number of Transactions
Monthly;2018;OCT;;Jewelry;Number of Transactions;508.328;2018-10-01;OCT 2018;Jewelry :  Number of Transactions
Monthly;2018;APR;;Jewelry;Sales;964864.421239986;2018-04-01;APR 2018;Jewelry :  Sales
Monthly;2018;FEB;;Telecommunication;Number of Transactions;329.978;2018-02-01;FEB 2018;Telecommunication :  Number of Transactions
Monthly;2018;JUL;;Telecommunication;Number of Transactions;457.96;2018-07-01;JUL 2018;Telecommunication :  Number of Transactions
Monthly;2018;AUG;;Telecommunication;Number of Transactions;401.057;2018-08-01;AUG 2018;Telecommunication :  Number of Transactions
Monthly;2018;MAR;;Education;Number of Transactions;140.085;2018-03-01;MAR 2018;Education :  Number of Transactions
Monthly;2018;NOV;;Education;Number of Transactions;153.701;2018-11-01;NOV 2018;Education :  Number of Transactions
Monthly;2018;DEC;;Education;Number of Transactions;163.984;2018-12-01;DEC 2018;Education :  Number of Transactions
Monthly;2018;FEB;;Education;Sales;348034.294;2018-02-01;FEB 2018;Education :  Sales
Monthly;2018;FEB;;Public Utilities;Number of Transactions;450.652;2018-02-01;FEB 2018;Public Utilities :  Number of Transactions
Monthly;2018;MAY;;Public Utilities;Number of Transactions;539.364;2018-05-01;MAY 2018;Public Utilities :  Number of Transactions
Monthly;2018;NOV;;Public Utilities;Number of Transactions;750.988;2018-11-01;NOV 2018;Public Utilities :  Number of Transactions
Monthly;2018;JUL;;Public Utilities;Sales;206824.67172;2018-07-01;JUL 2018;Public Utilities :  Sales
Monthly;2018;DEC;;Public Utilities;Sales;242290.73662;2018-12-01;DEC 2018;Public Utilities :  Sales
Monthly;2018;JAN;;Others;Number of Transactions;6928.076;2018-01-01;JAN 2018;Others :  Number of Transactions
Monthly;2018;FEB;;Others;Number of Transactions;6782.575;2018-02-01;FEB 2018;Others :  Number of Transactions
Monthly;2018;APR;;Others;Number of Transactions;8490.571;2018-04-01;APR 2018;Others :  Number of Transactions
Monthly;2018;OCT;;Others;Sales;2084269.61893023;2018-10-01;OCT 2018;Others :  Sales
Monthly;2018;APR;;Total;Number of Transactions;82452.555;2018-04-01;APR 2018;Total :  Number of Transactions
Monthly;2018;JUL;;Total;Number of Transactions;85535.661;2018-07-01;JUL 2018;Total :  Number of Transactions
Monthly;2018;MAR;;Total;Sales;19538417.0;2018-03-01;MAR 2018;Total :  Sales
Monthly;2018;SEP;;Total;Sales;19309486.6;2018-09-01;SEP 2018;Total :  Sales
Monthly;2018;NOV;;Total;Sales;19869043.9;2018-11-01;NOV 2018;Total :  Sales
Monthly;2018;DEC;;Total;Sales;22327623.6;2018-12-01;DEC 2018;Total :  Sales
Annually;2018;;;Transportation;Sales;17576708.13314;2018-01-01;2018;Transportation :  Sales
Annually;2018;;;Health;Number of Transactions;129750.194;2018-01-01;2018;Health :  Number of Transactions
Annually;2018;;;Beverage and Food;Number of Transactions;243530.152;2018-01-01;2018;Beverage and Food :  Number of Transactions
Annually;2018;;;Recreation and Culture;Sales;9661258.66754998;2018-01-01;2018;Recreation and Culture :  Sales
Annually;2018;;;Furniture;Number of Transactions;12763.203;2018-01-01;2018;Furniture :  Number of Transactions
Annually;2018;;;Telecommunication;Sales;1946203.32832;2018-01-01;2018;Telecommunication :  Sales
Annually;2018;;;Public Utilities;Number of Transactions;6961.945;2018-01-01;2018;Public Utilities :  Number of Transactions
Annually;2018;;;Public Utilities;Sales;2677827.48729;2018-01-01;2018;Public Utilities :  Sales
Quarterly;2018;;Q1;Transportation;Sales;3902399.56;2018-01-01;Q1 2018;Transportation :  Sales
Quarterly;2018;;Q3;Transportation;Sales;4654238.82861998;2018-07-01;Q3 2018;Transportation :  Sales
Quarterly;2018;;Q1;Health;Number of Transactions;30577.173;2018-01-01;Q1 2018;Health :  Number of Transactions
Quarterly;2018;;Q3;Health;Sales;5416040.64901999;2018-07-01;Q3 2018;Health :  Sales
Quarterly;2018;;Q3;Restaurants & Café;Number of Transactions;68147.93;2018-07-01;Q3 2018;Restaurants & Café :  Number of Transactions
Quarterly;2018;;Q1;Restaurants & Café;Sales;4345464.26604985;2018-01-01;Q1 2018;Restaurants & Café :  Sales
Quarterly;2018;;Q3;Restaurants & Café;Sales;5165910.28667985;2018-07-01;Q3 2018;Restaurants & Café :  Sales
Quarterly;2018;;Q2;Hotels;Number of Transactions;2559.489;2018-04-01;Q2 2018;Hotels :  Number of Transactions
Quarterly;2018;;Q3;Beverage and Food;Sales;7219460.29040996;2018-07-01;Q3 2018;Beverage and Food :  Sales
Quarterly;2018;;Q4;Clothing and Footwear;Sales;6805128.23152997;2018-10-01;Q4 2018;Clothing and Footwear :  Sales
Quarterly;2018;;Q1;Recreation and Culture;Number of Transactions;7349.915;2018-01-01;Q1 2018;Recreation and Culture :  Number of Transactions
Quarterly;2018;;Q1;Recreation and Culture;Sales;2184340.2309;2018-01-01;Q1 2018;Recreation and Culture :  Sales
Quarterly;2018;;Q3;Miscellaneous Goods and Services;Number of Transactions;11851.476;2018-07-01;Q3 2018;Miscellaneous Goods and Services :  Number of Transactions
Quarterly;2018;;Q4;Electronic & Electric Devices;Number of Transactions;3445.356;2018-10-01;Q4 2018;Electronic & Electric Devices :  Number of Transactions
Quarterly;2018;;Q2;Electronic & Electric Devices;Sales;2417561.56041997;2018-04-01;Q2 2018;Electronic & Electric Devices :  Sales
Quarterly;2018;;Q1;Furniture;Number of Transactions;2697.336;2018-01-01;Q1 2018;Furniture :  Number of Transactions
Quarterly;2018;;Q3;Furniture;Number of Transactions;3186.492;2018-07-01;Q3 2018;Furniture :  Number of Transactions
Quarterly;2018;;Q2;Furniture;Sales;2457251.90167998;2018-04-01;Q2 2018;Furniture :  Sales
Quarterly;2018;;Q3;Furniture;Sales;2297924.05996998;2018-07-01;Q3 2018;Furniture :  Sales
Quarterly;2018;;Q1;Construction & Building Materials;Number of Transactions;2124.515;2018-01-01;Q1 2018;Construction & Building Materials :  Number of Transactions
Quarterly;2018;;Q3;Construction & Building Materials;Number of Transactions;2356.687;2018-07-01;Q3 2018;Construction & Building Materials :  Number of Transactions
Quarterly;2018;;Q2;Jewelry;Number of Transactions;2406.787;2018-04-01;Q2 2018;Jewelry :  Number of Transactions
Quarterly;2018;;Q3;Jewelry;Number of Transactions;1742.895;2018-07-01;Q3 2018;Jewelry :  Number of Transactions
Quarterly;2018;;Q3;Telecommunication;Number of Transactions;1290.106;2018-07-01;Q3 2018;Telecommunication :  Number of Transactions
Quarterly;2018;;Q2;Telecommunication;Sales;510220.70884;2018-04-01;Q2 2018;Telecommunication :  Sales
Quarterly;2018;;Q4;Education;Number of Transactions;483.524;2018-10-01;Q4 2018;Education :  Number of Transactions
Quarterly;2018;;Q1;Education;Sales;1316104.7975;2018-01-01;Q1 2018;Education :  Sales
Quarterly;2018;;Q2;Others;Number of Transactions;27096.298;2018-04-01;Q2 2018;Others :  Number of Transactions
Quarterly;2018;;Q4;Others;Number of Transactions;37399.629;2018-10-01;Q4 2018;Others :  Number of Transactions
Quarterly;2018;;Q1;Others;Sales;4063055.14754034;2018-01-01;Q1 2018;Others :  Sales
Monthly;2018;MAR;;Transportation;Number of Transactions;1565.95;2018-03-01;MAR 2018;Transportation :  Number of Transactions
Monthly;2018;JUL;;Transportation;Number of Transactions;1873.582;2018-07-01;JUL 2018;Transportation :  Number of Transactions
Monthly;2018;DEC;;Transportation;Number of Transactions;1976.79;2018-12-01;DEC 2018;Transportation :  Number of Transactions
Monthly;2018;APR;;Transportation;Sales;1428019.893;2018-04-01;APR 2018;Transportation :  Sales
Monthly;2018;MAR;;Health;Sales;1910196.055;2018-03-01;MAR 2018;Health :  Sales
Monthly;2018;APR;;Health;Sales;1798771.703;2018-04-01;APR 2018;Health :  Sales
Monthly;2018;JUN;;Health;Sales;1629667.7813;2018-06-01;JUN 2018;Health :  Sales
Monthly;2018;NOV;;Health;Sales;1785924.11355;2018-11-01;NOV 2018;Health :  Sales
Monthly;2018;FEB;;Restaurants & Café;Number of Transactions;16690.465;2018-02-01;FEB 2018;Restaurants & Café :  Number of Transactions
Monthly;2018;AUG;;Restaurants & Café;Number of Transactions;22346.774;2018-08-01;AUG 2018;Restaurants & Café :  Number of Transactions
Monthly;2018;SEP;;Restaurants & Café;Number of Transactions;23047.59;2018-09-01;SEP 2018;Restaurants & Café :  Number of Transactions
Monthly;2018;NOV;;Restaurants & Café;Number of Transactions;26850.787;2018-11-01;NOV 2018;Restaurants & Café :  Number of Transactions
Monthly;2018;JAN;;Restaurants & Café;Sales;1388660.30318995;2018-01-01;JAN 2018;Restaurants & Café :  Sales
Monthly;2018;JUN;;Hotels;Number of Transactions;899.656;2018-06-01;JUN 2018;Hotels :  Number of Transactions
Monthly;2018;JUL;;Hotels;Number of Transactions;1067.997;2018-07-01;JUL 2018;Hotels :  Number of Transactions
Monthly;2018;AUG;;Hotels;Number of Transactions;865.017;2018-08-01;AUG 2018;Hotels :  Number of Transactions
Monthly;2018;APR;;Hotels;Sales;561878.083389995;2018-04-01;APR 2018;Hotels :  Sales
Monthly;2018;JAN;;Beverage and Food;Number of Transactions;16320.862;2018-01-01;JAN 2018;Beverage and Food :  Number of Transactions
Monthly;2018;AUG;;Beverage and Food;Sales;2337064.45602997;2018-08-01;AUG 2018;Beverage and Food :  Sales
Monthly;2018;JUL;;Clothing and Footwear;Number of Transactions;8819.406;2018-07-01;JUL 2018;Clothing and Footwear :  Number of Transactions
Monthly;2018;AUG;;Clothing and Footwear;Number of Transactions;10663.176;2018-08-01;AUG 2018;Clothing and Footwear :  Number of Transactions
Monthly;2018;AUG;;Clothing and Footwear;Sales;2468601.45761;2018-08-01;AUG 2018;Clothing and Footwear :  Sales
Monthly;2018;SEP;;Clothing and Footwear;Sales;1651313.18047993;2018-09-01;SEP 2018;Clothing and Footwear :  Sales
Monthly;2018;JAN;;Recreation and Culture;Number of Transactions;2383.292;2018-01-01;JAN 2018;Recreation and Culture :  Number of Transactions
Monthly;2018;FEB;;Recreation and Culture;Number of Transactions;2292.115;2018-02-01;FEB 2018;Recreation and Culture :  Number of Transactions
Monthly;2018;JAN;;Recreation and Culture;Sales;722529.4974;2018-01-01;JAN 2018;Recreation and Culture :  Sales
Monthly;2018;NOV;;Recreation and Culture;Sales;739687.721189999;2018-11-01;NOV 2018;Recreation and Culture :  Sales
Monthly;2018;MAR;;Miscellaneous Goods and Services;Number of Transactions;3961.736;2018-03-01;MAR 2018;Miscellaneous Goods and Services :  Number of Transactions
Monthly;2018;AUG;;Miscellaneous Goods and Services;Number of Transactions;3898.505;2018-08-01;AUG 2018;Miscellaneous Goods and Services :  Number of Transactions
Monthly;2018;NOV;;Miscellaneous Goods and Services;Number of Transactions;4219.197;2018-11-01;NOV 2018;Miscellaneous Goods and Services :  Number of Transactions
Monthly;2018;JAN;;Miscellaneous Goods and Services;Sales;1734932.93815998;2018-01-01;JAN 2018;Miscellaneous Goods and Services :  Sales
Monthly;2018;FEB;;Miscellaneous Goods and Services;Sales;1695763.45544998;2018-02-01;FEB 2018;Miscellaneous Goods and Services :  Sales
Monthly;2018;MAR;;Miscellaneous Goods and Services;Sales;2168941.26388997;2018-03-01;MAR 2018;Miscellaneous Goods and Services :  Sales
Monthly;2018;MAY;;Electronic & Electric Devices;Number of Transactions;1457.95;2018-05-01;MAY 2018;Electronic & Electric Devices :  Number of Transactions
Monthly;2018;NOV;;Electronic & Electric Devices;Number of Transactions;1099.221;2018-11-01;NOV 2018;Electronic & Electric Devices :  Number of Transactions
Monthly;2018;JAN;;Electronic & Electric Devices;Sales;695050.570249993;2018-01-01;JAN 2018;Electronic & Electric Devices :  Sales
Monthly;2018;MAR;;Electronic & Electric Devices;Sales;877811.36531999;2018-03-01;MAR 2018;Electronic & Electric Devices :  Sales
Monthly;2018;APR;;Electronic & Electric Devices;Sales;845092.867889991;2018-04-01;APR 2018;Electronic & Electric Devices :  Sales
Monthly;2018;APR;;Furniture;Number of Transactions;1026.462;2018-04-01;APR 2018;Furniture :  Number of Transactions
Monthly;2018;SEP;;Furniture;Number of Transactions;1068.854;2018-09-01;SEP 2018;Furniture :  Number of Transactions
Monthly;2018;APR;;Furniture;Sales;837615.799489991;2018-04-01;APR 2018;Furniture :  Sales
Monthly;2018;AUG;;Construction & Building Materials;Number of Transactions;764.754;2018-08-01;AUG 2018;Construction & Building Materials :  Number of Transactions
Monthly;2018;MAR;;Construction & Building Materials;Sales;977079.080949985;2018-03-01;MAR 2018;Construction & Building Materials :  Sales
Monthly;2018;OCT;;Construction & Building Materials;Sales;950249.461159989;2018-10-01;OCT 2018;Construction & Building Materials :  Sales
Monthly;2018;JAN;;Jewelry;Number of Transactions;499.044;2018-01-01;JAN 2018;Jewelry :  Number of Transactions
Monthly;2018;SEP;;Jewelry;Number of Transactions;478.675;2018-09-01;SEP 2018;Jewelry :  Number of Transactions
Monthly;2018;MAR;;Jewelry;Sales;1049684.58884998;2018-03-01;MAR 2018;Jewelry :  Sales
Monthly;2018;OCT;;Jewelry;Sales;758489.354399988;2018-10-01;OCT 2018;Jewelry :  Sales
Monthly;2018;NOV;;Jewelry;Sales;783562.58716999;2018-11-01;NOV 2018;Jewelry :  Sales
Monthly;2018;MAR;;Telecommunication;Number of Transactions;410.958;2018-03-01;MAR 2018;Telecommunication :  Number of Transactions
Monthly;2018;JUN;;Telecommunication;Number of Transactions;388.964;2018-06-01;JUN 2018;Telecommunication :  Number of Transactions
Monthly;2018;NOV;;Telecommunication;Number of Transactions;462.784;2018-11-01;NOV 2018;Telecommunication :  Number of Transactions
Monthly;2018;MAY;;Telecommunication;Sales;184062.1049;2018-05-01;MAY 2018;Telecommunication :  Sales
Monthly;2018;OCT;;Telecommunication;Sales;164682.60648;2018-10-01;OCT 2018;Telecommunication :  Sales
Monthly;2018;APR;;Education;Number of Transactions;146.192;2018-04-01;APR 2018;Education :  Number of Transactions
Monthly;2018;JAN;;Education;Sales;531382.211;2018-01-01;JAN 2018;Education :  Sales
Monthly;2018;AUG;;Public Utilities;Number of Transactions;563.296;2018-08-01;AUG 2018;Public Utilities :  Number of Transactions
Monthly;2018;APR;;Public Utilities;Sales;244779.8478;2018-04-01;APR 2018;Public Utilities :  Sales
Monthly;2018;JUN;;Public Utilities;Sales;166583.14113;2018-06-01;JUN 2018;Public Utilities :  Sales
Monthly;2018;NOV;;Public Utilities;Sales;222222.11045;2018-11-01;NOV 2018;Public Utilities :  Sales
Monthly;2018;JAN;;Others;Sales;1250584.7840601;2018-01-01;JAN 2018;Others :  Sales
Monthly;2018;FEB;;Others;Sales;1205813.2612401;2018-02-01;FEB 2018;Others :  Sales
Monthly;2018;AUG;;Others;Sales;1943152.19836015;2018-08-01;AUG 2018;Others :  Sales
Monthly;2018;SEP;;Others;Sales;1871396.43673018;2018-09-01;SEP 2018;Others :  Sales
Monthly;2018;AUG;;Total;Number of Transactions;86873.424;2018-08-01;AUG 2018;Total :  Number of Transactions
Monthly;2018;SEP;;Total;Number of Transactions;88534.028;2018-09-01;SEP 2018;Total :  Number of Transactions
Monthly;2018;JAN;;Total;Sales;16437259.0;2018-01-01;JAN 2018;Total :  Sales
Monthly;2018;JUN;;Total;Sales;19302456.0;2018-06-01;JUN 2018;Total :  Sales
Annually;2018;;;Hotels;Number of Transactions;10495.193;2018-01-01;2018;Hotels :  Number of Transactions
Annually;2018;;;Clothing and Footwear;Number of Transactions;114884.842;2018-01-01;2018;Clothing and Footwear :  Number of Transactions
Annually;2018;;;Miscellaneous Goods and Services;Sales;25207287.1946197;2018-01-01;2018;Miscellaneous Goods and Services :  Sales
Annually;2018;;;Electronic & Electric Devices;Number of Transactions;14459.604;2018-01-01;2018;Electronic & Electric Devices :  Number of Transactions
Annually;2018;;;Electronic & Electric Devices;Sales;8756796.36284991;2018-01-01;2018;Electronic & Electric Devices :  Sales
Annually;2018;;;Telecommunication;Number of Transactions;5028.666;2018-01-01;2018;Telecommunication :  Number of Transactions
Annually;2018;;;Education;Sales;6099853.09446998;2018-01-01;2018;Education :  Sales
Annually;2018;;;Total;Sales;232305825.0;2018-01-01;2018;Total :  Sales
Quarterly;2018;;Q2;Transportation;Number of Transactions;4610.548;2018-04-01;Q2 2018;Transportation :  Number of Transactions
Quarterly;2018;;Q4;Transportation;Number of Transactions;5562.848;2018-10-01;Q4 2018;Transportation :  Number of Transactions
Quarterly;2018;;Q4;Health;Number of Transactions;36326.159;2018-10-01;Q4 2018;Health :  Number of Transactions
Quarterly;2018;;Q4;Health;Sales;5701436.11908999;2018-10-01;Q4 2018;Health :  Sales
Quarterly;2018;;Q1;Restaurants & Café;Number of Transactions;53899.64;2018-01-01;Q1 2018;Restaurants & Café :  Number of Transactions
Quarterly;2018;;Q4;Restaurants & Café;Number of Transactions;81997.82;2018-10-01;Q4 2018;Restaurants & Café :  Number of Transactions
Quarterly;2018;;Q2;Restaurants & Café;Sales;4671271.07673987;2018-04-01;Q2 2018;Restaurants & Café :  Sales
Quarterly;2018;;Q1;Hotels;Sales;1729121.83739999;2018-01-01;Q1 2018;Hotels :  Sales
Quarterly;2018;;Q1;Beverage and Food;Sales;6546373.276;2018-01-01;Q1 2018;Beverage and Food :  Sales
Quarterly;2018;;Q3;Clothing and Footwear;Number of Transactions;27087.907;2018-07-01;Q3 2018;Clothing and Footwear :  Number of Transactions
Quarterly;2018;;Q3;Clothing and Footwear;Sales;6134617.18487985;2018-07-01;Q3 2018;Clothing and Footwear :  Sales
Quarterly;2018;;Q4;Recreation and Culture;Sales;2472270.53717999;2018-10-01;Q4 2018;Recreation and Culture :  Sales
Quarterly;2018;;Q1;Miscellaneous Goods and Services;Number of Transactions;10545.37;2018-01-01;Q1 2018;Miscellaneous Goods and Services :  Number of Transactions
Quarterly;2018;;Q4;Miscellaneous Goods and Services;Number of Transactions;12222.762;2018-10-01;Q4 2018;Miscellaneous Goods and Services :  Number of Transactions
Quarterly;2018;;Q2;Electronic & Electric Devices;Number of Transactions;3905.242;2018-04-01;Q2 2018;Electronic & Electric Devices :  Number of Transactions
Quarterly;2018;;Q3;Electronic & Electric Devices;Number of Transactions;3352.216;2018-07-01;Q3 2018;Electronic & Electric Devices :  Number of Transactions
Quarterly;2018;;Q4;Electronic & Electric Devices;Sales;2010520.41228998;2018-10-01;Q4 2018;Electronic & Electric Devices :  Sales
Quarterly;2018;;Q1;Furniture;Sales;2029184.69188998;2018-01-01;Q1 2018;Furniture :  Sales
Quarterly;2018;;Q4;Furniture;Sales;2586887.91045997;2018-10-01;Q4 2018;Furniture :  Sales
Quarterly;2018;;Q1;Jewelry;Sales;2516181.97033996;2018-01-01;Q1 2018;Jewelry :  Sales
Quarterly;2018;;Q2;Jewelry;Sales;3699343.97655995;2018-04-01;Q2 2018;Jewelry :  Sales
Quarterly;2018;;Q3;Telecommunication;Sales;456341.01041;2018-07-01;Q3 2018;Telecommunication :  Sales
Quarterly;2018;;Q4;Telecommunication;Sales;498930.82157;2018-10-01;Q4 2018;Telecommunication :  Sales
Quarterly;2018;;Q3;Education;Number of Transactions;565.306;2018-07-01;Q3 2018;Education :  Number of Transactions
Quarterly;2018;;Q2;Education;Sales;1073669.71388;2018-04-01;Q2 2018;Education :  Sales
Quarterly;2018;;Q2;Public Utilities;Sales;643109.56373;2018-04-01;Q2 2018;Public Utilities :  Sales
Quarterly;2018;;Q3;Public Utilities;Sales;580300.8328;2018-07-01;Q3 2018;Public Utilities :  Sales
Quarterly;2018;;Q2;Others;Sales;5403252.78447015;2018-04-01;Q2 2018;Others :  Sales
Quarterly;2018;;Q3;Others;Sales;5606584.71993057;2018-07-01;Q3 2018;Others :  Sales
Quarterly;2018;;Q2;Total;Number of Transactions;248620.459;2018-04-01;Q2 2018;Total :  Number of Transactions
Quarterly;2018;;Q1;Total;Sales;51361308.0;2018-01-01;Q1 2018;Total :  Sales
Quarterly;2018;;Q4;Total;Sales;61493862.7;2018-10-01;Q4 2018;Total :  Sales
Monthly;2018;JUN;;Transportation;Number of Transactions;1474.983;2018-06-01;JUN 2018;Transportation :  Number of Transactions
Monthly;2018;FEB;;Transportation;Sales;1173236.051;2018-02-01;FEB 2018;Transportation :  Sales
Monthly;2018;JUL;;Transportation;Sales;1854102.45638999;2018-07-01;JUL 2018;Transportation :  Sales
Monthly;2018;AUG;;Transportation;Sales;1408420.75048;2018-08-01;AUG 2018;Transportation :  Sales
Monthly;2018;SEP;;Transportation;Sales;1391715.62174999;2018-09-01;SEP 2018;Transportation :  Sales
Monthly;2018;MAR;;Health;Number of Transactions;11194.864;2018-03-01;MAR 2018;Health :  Number of Transactions
Monthly;2018;MAY;;Health;Sales;1865829.548;2018-05-01;MAY 2018;Health :  Sales
Monthly;2018;APR;;Restaurants & Café;Number of Transactions;20586.061;2018-04-01;APR 2018;Restaurants & Café :  Number of Transactions
Monthly;2018;MAY;;Restaurants & Café;Number of Transactions;17944.538;2018-05-01;MAY 2018;Restaurants & Café :  Number of Transactions
Monthly;2018;JUN;;Restaurants & Café;Number of Transactions;17539.404;2018-06-01;JUN 2018;Restaurants & Café :  Number of Transactions
Monthly;2018;JUN;;Restaurants & Café;Sales;1635726.94905997;2018-06-01;JUN 2018;Restaurants & Café :  Sales
Monthly;2018;OCT;;Restaurants & Café;Sales;1778381.81464994;2018-10-01;OCT 2018;Restaurants & Café :  Sales
Monthly;2018;APR;;Hotels;Number of Transactions;807.173;2018-04-01;APR 2018;Hotels :  Number of Transactions
Monthly;2018;OCT;;Hotels;Number of Transactions;889.522;2018-10-01;OCT 2018;Hotels :  Number of Transactions
Monthly;2018;NOV;;Hotels;Number of Transactions;893.13;2018-11-01;NOV 2018;Hotels :  Number of Transactions
Monthly;2018;MAY;;Hotels;Sales;1713577.01343999;2018-05-01;MAY 2018;Hotels :  Sales
Monthly;2018;DEC;;Hotels;Sales;722724.268509994;2018-12-01;DEC 2018;Hotels :  Sales
Monthly;2018;FEB;;Beverage and Food;Number of Transactions;16531.968;2018-02-01;FEB 2018;Beverage and Food :  Number of Transactions
Monthly;2018;SEP;;Beverage and Food;Number of Transactions;21867.035;2018-09-01;SEP 2018;Beverage and Food :  Number of Transactions
Monthly;2018;OCT;;Beverage and Food;Number of Transactions;23678.599;2018-10-01;OCT 2018;Beverage and Food :  Number of Transactions
Monthly;2018;JUN;;Beverage and Food;Sales;2126658.48576;2018-06-01;JUN 2018;Beverage and Food :  Sales
Monthly;2018;OCT;;Beverage and Food;Sales;2695820.51525;2018-10-01;OCT 2018;Beverage and Food :  Sales
Monthly;2018;MAR;;Clothing and Footwear;Number of Transactions;9177.748;2018-03-01;MAR 2018;Clothing and Footwear :  Number of Transactions
Monthly;2018;JUN;;Clothing and Footwear;Number of Transactions;12839.441;2018-06-01;JUN 2018;Clothing and Footwear :  Number of Transactions
Monthly;2018;MAR;;Clothing and Footwear;Sales;2312444.277;2018-03-01;MAR 2018;Clothing and Footwear :  Sales
Monthly;2018;MAY;;Clothing and Footwear;Sales;3291500.863;2018-05-01;MAY 2018;Clothing and Footwear :  Sales
Monthly;2018;JUN;;Clothing and Footwear;Sales;3332017.83239021;2018-06-01;JUN 2018;Clothing and Footwear :  Sales
Monthly;2018;NOV;;Clothing and Footwear;Sales;2377918.53385998;2018-11-01;NOV 2018;Clothing and Footwear :  Sales
Monthly;2018;MAR;;Recreation and Culture;Sales;800686.3502;2018-03-01;MAR 2018;Recreation and Culture :  Sales
Monthly;2018;JUL;;Miscellaneous Goods and Services;Number of Transactions;4011.796;2018-07-01;JUL 2018;Miscellaneous Goods and Services :  Number of Transactions
Monthly;2018;SEP;;Miscellaneous Goods and Services;Number of Transactions;3941.175;2018-09-01;SEP 2018;Miscellaneous Goods and Services :  Number of Transactions
Monthly;2018;DEC;;Miscellaneous Goods and Services;Number of Transactions;4231.047;2018-12-01;DEC 2018;Miscellaneous Goods and Services :  Number of Transactions
Monthly;2018;NOV;;Miscellaneous Goods and Services;Sales;2410250.24517998;2018-11-01;NOV 2018;Miscellaneous Goods and Services :  Sales
Monthly;2018;DEC;;Miscellaneous Goods and Services;Sales;2320229.80556998;2018-12-01;DEC 2018;Miscellaneous Goods and Services :  Sales
Monthly;2018;MAR;;Electronic & Electric Devices;Number of Transactions;1394.874;2018-03-01;MAR 2018;Electronic & Electric Devices :  Number of Transactions
Monthly;2018;JUN;;Electronic & Electric Devices;Number of Transactions;1139.143;2018-06-01;JUN 2018;Electronic & Electric Devices :  Number of Transactions
Monthly;2018;AUG;;Electronic & Electric Devices;Number of Transactions;1001.204;2018-08-01;AUG 2018;Electronic & Electric Devices :  Number of Transactions
Monthly;2018;SEP;;Electronic & Electric Devices;Number of Transactions;1066.21;2018-09-01;SEP 2018;Electronic & Electric Devices :  Number of Transactions
Monthly;2018;FEB;;Electronic & Electric Devices;Sales;674726.247249994;2018-02-01;FEB 2018;Electronic & Electric Devices :  Sales
Monthly;2018;JUN;;Electronic & Electric Devices;Sales;650779.842779994;2018-06-01;JUN 2018;Electronic & Electric Devices :  Sales
Monthly;2018;JUL;;Electronic & Electric Devices;Sales;790603.324269991;2018-07-01;JUL 2018;Electronic & Electric Devices :  Sales
Monthly;2018;JAN;;Furniture;Number of Transactions;839.641;2018-01-01;JAN 2018;Furniture :  Number of Transactions
Monthly;2018;MAR;;Furniture;Number of Transactions;1049.71;2018-03-01;MAR 2018;Furniture :  Number of Transactions
Monthly;2018;DEC;;Furniture;Number of Transactions;1399.254;2018-12-01;DEC 2018;Furniture :  Number of Transactions
Monthly;2018;JAN;;Furniture;Sales;598925.647599995;2018-01-01;JAN 2018;Furniture :  Sales
Monthly;2018;APR;;Construction & Building Materials;Sales;999050.051089988;2018-04-01;APR 2018;Construction & Building Materials :  Sales
Monthly;2018;MAY;;Construction & Building Materials;Sales;866117.81584999;2018-05-01;MAY 2018;Construction & Building Materials :  Sales
Monthly;2018;JUL;;Construction & Building Materials;Sales;914678.936679989;2018-07-01;JUL 2018;Construction & Building Materials :  Sales
Monthly;2018;SEP;;Construction & Building Materials;Sales;863542.60905999;2018-09-01;SEP 2018;Construction & Building Materials :  Sales
Monthly;2018;MAR;;Jewelry;Number of Transactions;639.948;2018-03-01;MAR 2018;Jewelry :  Number of Transactions
Monthly;2018;MAY;;Jewelry;Number of Transactions;761.454;2018-05-01;MAY 2018;Jewelry :  Number of Transactions
Monthly;2018;JAN;;Jewelry;Sales;737895.914969991;2018-01-01;JAN 2018;Jewelry :  Sales
Monthly;2018;FEB;;Jewelry;Sales;728601.46651999;2018-02-01;FEB 2018;Jewelry :  Sales
Monthly;2018;JAN;;Telecommunication;Number of Transactions;371.865;2018-01-01;JAN 2018;Telecommunication :  Number of Transactions
Monthly;2018;SEP;;Telecommunication;Number of Transactions;431.089;2018-09-01;SEP 2018;Telecommunication :  Number of Transactions
Monthly;2018;DEC;;Telecommunication;Number of Transactions;500.652;2018-12-01;DEC 2018;Telecommunication :  Number of Transactions
Monthly;2018;AUG;;Telecommunication;Sales;147174.64266;2018-08-01;AUG 2018;Telecommunication :  Sales
Monthly;2018;MAY;;Education;Number of Transactions;135.269;2018-05-01;MAY 2018;Education :  Number of Transactions
Monthly;2018;JUL;;Education;Number of Transactions;87.838;2018-07-01;JUL 2018;Education :  Number of Transactions
Monthly;2018;SEP;;Education;Number of Transactions;311.331;2018-09-01;SEP 2018;Education :  Number of Transactions
Monthly;2018;MAY;;Education;Sales;478057.0007;2018-05-01;MAY 2018;Education :  Sales
Monthly;2018;AUG;;Education;Sales;793538.904029997;2018-08-01;AUG 2018;Education :  Sales
Monthly;2018;SEP;;Education;Sales;1384111.82417999;2018-09-01;SEP 2018;Education :  Sales
Monthly;2018;OCT;;Education;Sales;441496.364189999;2018-10-01;OCT 2018;Education :  Sales
Monthly;2018;APR;;Public Utilities;Number of Transactions;518.929;2018-04-01;APR 2018;Public Utilities :  Number of Transactions
Monthly;2018;MAR;;Public Utilities;Sales;272475.4479;2018-03-01;MAR 2018;Public Utilities :  Sales
Monthly;2018;AUG;;Public Utilities;Sales;174771.37367;2018-08-01;AUG 2018;Public Utilities :  Sales
Monthly;2018;AUG;;Others;Number of Transactions;9883.409;2018-08-01;AUG 2018;Others :  Number of Transactions
Monthly;2018;NOV;;Others;Number of Transactions;12087.083;2018-11-01;NOV 2018;Others :  Number of Transactions
Monthly;2018;DEC;;Others;Number of Transactions;13737.824;2018-12-01;DEC 2018;Others :  Number of Transactions
Monthly;2018;APR;;Others;Sales;1697437.26451013;2018-04-01;APR 2018;Others :  Sales
Monthly;2018;FEB;;Total;Number of Transactions;67726.393;2018-02-01;FEB 2018;Total :  Number of Transactions
Monthly;2018;JUN;;Total;Number of Transactions;80210.812;2018-06-01;JUN 2018;Total :  Number of Transactions
Monthly;2018;OCT;;Total;Number of Transactions;95900.178;2018-10-01;OCT 2018;Total :  Number of Transactions
Monthly;2018;APR;;Total;Sales;19399555.0;2018-04-01;APR 2018;Total :  Sales
Monthly;2018;AUG;;Total;Sales;19198793.9;2018-08-01;AUG 2018;Total :  Sales
Annually;2018;;;Furniture;Sales;9371248.56399991;2018-01-01;2018;Furniture :  Sales
Annually;2018;;;Total;Number of Transactions;1031518.19;2018-01-01;2018;Total :  Number of Transactions
Quarterly;2018;;Q2;Transportation;Sales;4407318.39863;2018-04-01;Q2 2018;Transportation :  Sales
Quarterly;2018;;Q1;Health;Sales;5164215.023;2018-01-01;Q1 2018;Health :  Sales
Quarterly;2018;;Q1;Beverage and Food;Number of Transactions;52124.413;2018-01-01;Q1 2018;Beverage and Food :  Number of Transactions
Quarterly;2018;;Q2;Beverage and Food;Number of Transactions;58261.96;2018-04-01;Q2 2018;Beverage and Food :  Number of Transactions
Quarterly;2018;;Q3;Beverage and Food;Number of Transactions;61923.416;2018-07-01;Q3 2018;Beverage and Food :  Number of Transactions
Quarterly;2018;;Q4;Beverage and Food;Number of Transactions;71220.363;2018-10-01;Q4 2018;Beverage and Food :  Number of Transactions
Quarterly;2018;;Q1;Clothing and Footwear;Number of Transactions;24574.11;2018-01-01;Q1 2018;Clothing and Footwear :  Number of Transactions
Quarterly;2018;;Q4;Clothing and Footwear;Number of Transactions;28857.232;2018-10-01;Q4 2018;Clothing and Footwear :  Number of Transactions
Quarterly;2018;;Q2;Clothing and Footwear;Sales;9098184.47039021;2018-04-01;Q2 2018;Clothing and Footwear :  Sales
Quarterly;2018;;Q1;Electronic & Electric Devices;Number of Transactions;3756.79;2018-01-01;Q1 2018;Electronic & Electric Devices :  Number of Transactions
Quarterly;2018;;Q3;Construction & Building Materials;Sales;2569546.00976997;2018-07-01;Q3 2018;Construction & Building Materials :  Sales
Quarterly;2018;;Q3;Jewelry;Sales;2682810.76016997;2018-07-01;Q3 2018;Jewelry :  Sales
Quarterly;2018;;Q4;Jewelry;Sales;2592860.20066997;2018-10-01;Q4 2018;Jewelry :  Sales
Quarterly;2018;;Q1;Public Utilities;Number of Transactions;1414.554;2018-01-01;Q1 2018;Public Utilities :  Number of Transactions
Quarterly;2018;;Q2;Public Utilities;Number of Transactions;1509.418;2018-04-01;Q2 2018;Public Utilities :  Number of Transactions
Quarterly;2018;;Q1;Public Utilities;Sales;760249.907;2018-01-01;Q1 2018;Public Utilities :  Sales
Quarterly;2018;;Q4;Public Utilities;Sales;694167.18376;2018-10-01;Q4 2018;Public Utilities :  Sales
Quarterly;2018;;Q4;Others;Sales;6839317.74415042;2018-10-01;Q4 2018;Others :  Sales
Quarterly;2018;;Q3;Total;Number of Transactions;260943.113;2018-07-01;Q3 2018;Total :  Number of Transactions
Monthly;2018;FEB;;Transportation;Number of Transactions;1280.592;2018-02-01;FEB 2018;Transportation :  Number of Transactions
Monthly;2018;NOV;;Transportation;Number of Transactions;1751.787;2018-11-01;NOV 2018;Transportation :  Number of Transactions
Monthly;2018;JAN;;Transportation;Sales;1276285.407;2018-01-01;JAN 2018;Transportation :  Sales
Monthly;2018;MAY;;Transportation;Sales;1591663.835;2018-05-01;MAY 2018;Transportation :  Sales
Monthly;2018;OCT;;Transportation;Sales;1518906.13745999;2018-10-01;OCT 2018;Transportation :  Sales
Monthly;2018;NOV;;Transportation;Sales;1424041.26954;2018-11-01;NOV 2018;Transportation :  Sales
Monthly;2018;FEB;;Health;Number of Transactions;9630.108;2018-02-01;FEB 2018;Health :  Number of Transactions
Monthly;2018;MAY;;Health;Number of Transactions;10319.499;2018-05-01;MAY 2018;Health :  Number of Transactions
Monthly;2018;JUN;;Health;Number of Transactions;9802.887;2018-06-01;JUN 2018;Health :  Number of Transactions
Monthly;2018;SEP;;Health;Number of Transactions;11077.689;2018-09-01;SEP 2018;Health :  Number of Transactions
Monthly;2018;JAN;;Health;Sales;1654787.481;2018-01-01;JAN 2018;Health :  Sales
Monthly;2018;JUL;;Health;Sales;1888337.75747;2018-07-01;JUL 2018;Health :  Sales
Monthly;2018;AUG;;Health;Sales;1678499.02004999;2018-08-01;AUG 2018;Health :  Sales
Monthly;2018;JAN;;Restaurants & Café;Number of Transactions;16622.472;2018-01-01;JAN 2018;Restaurants & Café :  Number of Transactions
Monthly;2018;OCT;;Restaurants & Café;Number of Transactions;26112.291;2018-10-01;OCT 2018;Restaurants & Café :  Number of Transactions
Monthly;2018;DEC;;Hotels;Number of Transactions;1069.561;2018-12-01;DEC 2018;Hotels :  Number of Transactions
Monthly;2018;MAR;;Hotels;Sales;609861.716199995;2018-03-01;MAR 2018;Hotels :  Sales
Monthly;2018;OCT;;Hotels;Sales;572427.049389996;2018-10-01;OCT 2018;Hotels :  Sales
Monthly;2018;APR;;Beverage and Food;Number of Transactions;19391.052;2018-04-01;APR 2018;Beverage and Food :  Number of Transactions
Monthly;2018;MAY;;Beverage and Food;Number of Transactions;21247.463;2018-05-01;MAY 2018;Beverage and Food :  Number of Transactions
Monthly;2018;NOV;;Beverage and Food;Number of Transactions;23275.372;2018-11-01;NOV 2018;Beverage and Food :  Number of Transactions
Monthly;2018;JAN;;Beverage and Food;Sales;2037846.372;2018-01-01;JAN 2018;Beverage and Food :  Sales
Monthly;2018;SEP;;Beverage and Food;Sales;2588060.39304001;2018-09-01;SEP 2018;Beverage and Food :  Sales
Monthly;2018;MAY;;Clothing and Footwear;Number of Transactions;11733.72;2018-05-01;MAY 2018;Clothing and Footwear :  Number of Transactions
Monthly;2018;JAN;;Clothing and Footwear;Sales;1996614.901;2018-01-01;JAN 2018;Clothing and Footwear :  Sales
Monthly;2018;APR;;Recreation and Culture;Number of Transactions;2499.64;2018-04-01;APR 2018;Recreation and Culture :  Number of Transactions
Monthly;2018;JUN;;Recreation and Culture;Number of Transactions;2558.62;2018-06-01;JUN 2018;Recreation and Culture :  Number of Transactions
Monthly;2018;JUL;;Recreation and Culture;Number of Transactions;2259.742;2018-07-01;JUL 2018;Recreation and Culture :  Number of Transactions
Monthly;2018;SEP;;Recreation and Culture;Number of Transactions;3419.117;2018-09-01;SEP 2018;Recreation and Culture :  Number of Transactions
Monthly;2018;MAY;;Recreation and Culture;Sales;992244.6952;2018-05-01;MAY 2018;Recreation and Culture :  Sales
Monthly;2018;JUN;;Recreation and Culture;Sales;807675.965079997;2018-06-01;JUN 2018;Recreation and Culture :  Sales
Monthly;2018;OCT;;Recreation and Culture;Sales;785492.001939998;2018-10-01;OCT 2018;Recreation and Culture :  Sales
Monthly;2018;DEC;;Recreation and Culture;Sales;947090.814049997;2018-12-01;DEC 2018;Recreation and Culture :  Sales
Monthly;2018;FEB;;Miscellaneous Goods and Services;Number of Transactions;3169.352;2018-02-01;FEB 2018;Miscellaneous Goods and Services :  Number of Transactions
Monthly;2018;APR;;Miscellaneous Goods and Services;Sales;2107579.80427997;2018-04-01;APR 2018;Miscellaneous Goods and Services :  Sales
Monthly;2018;JUN;;Miscellaneous Goods and Services;Sales;1957218.50738999;2018-06-01;JUN 2018;Miscellaneous Goods and Services :  Sales
Monthly;2018;FEB;;Electronic & Electric Devices;Number of Transactions;1146.451;2018-02-01;FEB 2018;Electronic & Electric Devices :  Number of Transactions
Monthly;2018;OCT;;Electronic & Electric Devices;Number of Transactions;1141.132;2018-10-01;OCT 2018;Electronic & Electric Devices :  Number of Transactions
Monthly;2018;SEP;;Electronic & Electric Devices;Sales;673096.931349995;2018-09-01;SEP 2018;Electronic & Electric Devices :  Sales
Monthly;2018;OCT;;Electronic & Electric Devices;Sales;687044.612029992;2018-10-01;OCT 2018;Electronic & Electric Devices :  Sales
Monthly;2018;NOV;;Electronic & Electric Devices;Sales;628124.429789993;2018-11-01;NOV 2018;Electronic & Electric Devices :  Sales
Monthly;2018;MAY;;Furniture;Number of Transactions;1162.925;2018-05-01;MAY 2018;Furniture :  Number of Transactions
Monthly;2018;FEB;;Furniture;Sales;610201.996249994;2018-02-01;FEB 2018;Furniture :  Sales
Monthly;2018;MAR;;Furniture;Sales;820057.04803999;2018-03-01;MAR 2018;Furniture :  Sales
Monthly;2018;SEP;;Furniture;Sales;745206.580759993;2018-09-01;SEP 2018;Furniture :  Sales
Monthly;2018;DEC;;Furniture;Sales;991808.016819987;2018-12-01;DEC 2018;Furniture :  Sales
Monthly;2018;FEB;;Construction & Building Materials;Number of Transactions;644.833;2018-02-01;FEB 2018;Construction & Building Materials :  Number of Transactions
Monthly;2018;OCT;;Construction & Building Materials;Number of Transactions;912.263;2018-10-01;OCT 2018;Construction & Building Materials :  Number of Transactions
Monthly;2018;NOV;;Construction & Building Materials;Number of Transactions;940.4;2018-11-01;NOV 2018;Construction & Building Materials :  Number of Transactions
Monthly;2018;DEC;;Construction & Building Materials;Number of Transactions;1071.21;2018-12-01;DEC 2018;Construction & Building Materials :  Number of Transactions
Monthly;2018;JAN;;Construction & Building Materials;Sales;786434.231779993;2018-01-01;JAN 2018;Construction & Building Materials :  Sales
Monthly;2018;FEB;;Construction & Building Materials;Sales;782345.75182999;2018-02-01;FEB 2018;Construction & Building Materials :  Sales
Monthly;2018;JUN;;Construction & Building Materials;Sales;604075.571389997;2018-06-01;JUN 2018;Construction & Building Materials :  Sales
Monthly;2018;JUN;;Jewelry;Number of Transactions;1028.394;2018-06-01;JUN 2018;Jewelry :  Number of Transactions
Monthly;2018;MAY;;Jewelry;Sales;1186432.62513998;2018-05-01;MAY 2018;Jewelry :  Sales
Monthly;2018;JUL;;Jewelry;Sales;942968.045129985;2018-07-01;JUL 2018;Jewelry :  Sales
Monthly;2018;SEP;;Jewelry;Sales;715843.89758999;2018-09-01;SEP 2018;Jewelry :  Sales
Monthly;2018;DEC;;Jewelry;Sales;1050808.25909999;2018-12-01;DEC 2018;Jewelry :  Sales
Monthly;2018;APR;;Telecommunication;Number of Transactions;393.906;2018-04-01;APR 2018;Telecommunication :  Number of Transactions
Monthly;2018;MAY;;Telecommunication;Number of Transactions;411.973;2018-05-01;MAY 2018;Telecommunication :  Number of Transactions
Monthly;2018;JAN;;Telecommunication;Sales;168704.1671;2018-01-01;JAN 2018;Telecommunication :  Sales
Monthly;2018;APR;;Telecommunication;Sales;161698.2943;2018-04-01;APR 2018;Telecommunication :  Sales
Monthly;2018;JUL;;Telecommunication;Sales;166760.58976;2018-07-01;JUL 2018;Telecommunication :  Sales
Monthly;2018;NOV;;Telecommunication;Sales;161923.98421;2018-11-01;NOV 2018;Telecommunication :  Sales
Monthly;2018;JAN;;Education;Number of Transactions;142.791;2018-01-01;JAN 2018;Education :  Number of Transactions
Monthly;2018;JUN;;Education;Number of Transactions;63.101;2018-06-01;JUN 2018;Education :  Number of Transactions
Monthly;2018;AUG;;Education;Number of Transactions;166.137;2018-08-01;AUG 2018;Education :  Number of Transactions
Monthly;2018;JUL;;Education;Sales;180424.93836;2018-07-01;JUL 2018;Education :  Sales
Monthly;2018;NOV;;Education;Sales;390690.166839999;2018-11-01;NOV 2018;Education :  Sales
Monthly;2018;MAR;;Public Utilities;Number of Transactions;522.125;2018-03-01;MAR 2018;Public Utilities :  Number of Transactions
Monthly;2018;JUN;;Public Utilities;Number of Transactions;451.125;2018-06-01;JUN 2018;Public Utilities :  Number of Transactions
Monthly;2018;OCT;;Public Utilities;Number of Transactions;717.948;2018-10-01;OCT 2018;Public Utilities :  Number of Transactions
Monthly;2018;DEC;;Public Utilities;Number of Transactions;798.123;2018-12-01;DEC 2018;Public Utilities :  Number of Transactions
Monthly;2018;JAN;;Public Utilities;Sales;253704.74;2018-01-01;JAN 2018;Public Utilities :  Sales
Monthly;2018;FEB;;Public Utilities;Sales;234069.7191;2018-02-01;FEB 2018;Public Utilities :  Sales
Monthly;2018;MAY;;Public Utilities;Sales;231746.5748;2018-05-01;MAY 2018;Public Utilities :  Sales
Monthly;2018;SEP;;Public Utilities;Sales;198704.78741;2018-09-01;SEP 2018;Public Utilities :  Sales
Monthly;2018;OCT;;Public Utilities;Sales;229654.33669;2018-10-01;OCT 2018;Public Utilities :  Sales
Monthly;2018;MAR;;Others;Number of Transactions;8282.908;2018-03-01;MAR 2018;Others :  Number of Transactions
Monthly;2018;JUN;;Others;Number of Transactions;8863.07;2018-06-01;JUN 2018;Others :  Number of Transactions
Monthly;2018;JUL;;Others;Number of Transactions;9107.42999999998;2018-07-01;JUL 2018;Others :  Number of Transactions
Monthly;2018;SEP;;Others;Number of Transactions;10301.456;2018-09-01;SEP 2018;Others :  Number of Transactions
Monthly;2018;OCT;;Others;Number of Transactions;11574.722;2018-10-01;OCT 2018;Others :  Number of Transactions
Monthly;2018;JUN;;Others;Sales;1718746.93605988;2018-06-01;JUN 2018;Others :  Sales
Monthly;2018;JAN;;Total;Number of Transactions;70458.812;2018-01-01;JAN 2018;Total :  Number of Transactions
Monthly;2018;MAR;;Total;Number of Transactions;82519.075;2018-03-01;MAR 2018;Total :  Number of Transactions
Monthly;2018;DEC;;Total;Number of Transactions;106907.147;2018-12-01;DEC 2018;Total :  Number of Transactions
Monthly;2018;FEB;;Total;Sales;15385632.0;2018-02-01;FEB 2018;Total :  Sales
Monthly;2018;MAY;;Total;Sales;23059987.0;2018-05-01;MAY 2018;Total :  Sales
Monthly;2018;JUL;;Total;Sales;19180375.8;2018-07-01;JUL 2018;Total :  Sales
Annually;2018;;;Restaurants & Café;Sales;19887670.5823994;2018-01-01;2018;Restaurants & Café :  Sales
Annually;2018;;;Beverage and Food;Sales;29309068.46478;2018-01-01;2018;Beverage and Food :  Sales
Annually;2018;;;Clothing and Footwear;Sales;27968751.4868;2018-01-01;2018;Clothing and Footwear :  Sales
Annually;2018;;;Miscellaneous Goods and Services;Number of Transactions;46712.103;2018-01-01;2018;Miscellaneous Goods and Services :  Number of Transactions
Annually;2018;;;Construction & Building Materials;Number of Transactions;9669.358;2018-01-01;2018;Construction & Building Materials :  Number of Transactions
Annually;2018;;;Jewelry;Sales;11491196.9077398;2018-01-01;2018;Jewelry :  Sales
Annually;2018;;;Education;Number of Transactions;1793.714;2018-01-01;2018;Education :  Number of Transactions
Annually;2018;;;Others;Number of Transactions;115781.781;2018-01-01;2018;Others :  Number of Transactions
Quarterly;2018;;Q1;Transportation;Number of Transactions;4190.597;2018-01-01;Q1 2018;Transportation :  Number of Transactions
Quarterly;2018;;Q3;Transportation;Number of Transactions;5212.17;2018-07-01;Q3 2018;Transportation :  Number of Transactions
Quarterly;2018;;Q2;Restaurants & Café;Number of Transactions;56070.003;2018-04-01;Q2 2018;Restaurants & Café :  Number of Transactions
Quarterly;2018;;Q4;Restaurants & Café;Sales;5705024.95292981;2018-10-01;Q4 2018;Restaurants & Café :  Sales
Quarterly;2018;;Q3;Hotels;Number of Transactions;2732.151;2018-07-01;Q3 2018;Hotels :  Number of Transactions
Quarterly;2018;;Q2;Hotels;Sales;3052200.37963998;2018-04-01;Q2 2018;Hotels :  Sales
Quarterly;2018;;Q4;Beverage and Food;Sales;8000627.68661004;2018-10-01;Q4 2018;Beverage and Food :  Sales
Quarterly;2018;;Q2;Recreation and Culture;Sales;2556062.00568;2018-04-01;Q2 2018;Recreation and Culture :  Sales
Quarterly;2018;;Q3;Recreation and Culture;Sales;2448585.89378999;2018-07-01;Q3 2018;Recreation and Culture :  Sales
Quarterly;2018;;Q2;Miscellaneous Goods and Services;Sales;6466431.77694993;2018-04-01;Q2 2018;Miscellaneous Goods and Services :  Sales
Quarterly;2018;;Q3;Miscellaneous Goods and Services;Sales;6322596.84482994;2018-07-01;Q3 2018;Miscellaneous Goods and Services :  Sales
Quarterly;2018;;Q1;Electronic & Electric Devices;Sales;2247588.18281998;2018-01-01;Q1 2018;Electronic & Electric Devices :  Sales
Quarterly;2018;;Q2;Furniture;Number of Transactions;3164.622;2018-04-01;Q2 2018;Furniture :  Number of Transactions
Quarterly;2018;;Q2;Construction & Building Materials;Number of Transactions;2264.283;2018-04-01;Q2 2018;Construction & Building Materials :  Number of Transactions
Quarterly;2018;;Q2;Construction & Building Materials;Sales;2469243.43832998;2018-04-01;Q2 2018;Construction & Building Materials :  Sales
Quarterly;2018;;Q4;Jewelry;Number of Transactions;1766.015;2018-10-01;Q4 2018;Jewelry :  Number of Transactions
Quarterly;2018;;Q1;Telecommunication;Sales;480710.7875;2018-01-01;Q1 2018;Telecommunication :  Sales
Quarterly;2018;;Q1;Education;Number of Transactions;400.322;2018-01-01;Q1 2018;Education :  Number of Transactions
Quarterly;2018;;Q2;Education;Number of Transactions;344.562;2018-04-01;Q2 2018;Education :  Number of Transactions
Quarterly;2018;;Q3;Public Utilities;Number of Transactions;1770.914;2018-07-01;Q3 2018;Public Utilities :  Number of Transactions
Quarterly;2018;;Q3;Others;Number of Transactions;29292.295;2018-07-01;Q3 2018;Others :  Number of Transactions
Quarterly;2018;;Q3;Total;Sales;57688656.3;2018-07-01;Q3 2018;Total :  Sales
Monthly;2018;JAN;;Transportation;Number of Transactions;1344.055;2018-01-01;JAN 2018;Transportation :  Number of Transactions
Monthly;2018;APR;;Transportation;Number of Transactions;1529.948;2018-04-01;APR 2018;Transportation :  Number of Transactions
Monthly;2018;AUG;;Transportation;Number of Transactions;1648.287;2018-08-01;AUG 2018;Transportation :  Number of Transactions
Monthly;2018;APR;;Health;Number of Transactions;10616.055;2018-04-01;APR 2018;Health :  Number of Transactions
Monthly;2018;JUL;;Health;Number of Transactions;10718.565;2018-07-01;JUL 2018;Health :  Number of Transactions
Monthly;2018;AUG;;Health;Number of Transactions;10312.167;2018-08-01;AUG 2018;Health :  Number of Transactions
Monthly;2018;DEC;;Health;Number of Transactions;12654.133;2018-12-01;DEC 2018;Health :  Number of Transactions
Monthly;2018;SEP;;Health;Sales;1849203.8715;2018-09-01;SEP 2018;Health :  Sales
Monthly;2018;OCT;;Health;Sales;1913368.99383999;2018-10-01;OCT 2018;Health :  Sales
Monthly;2018;DEC;;Health;Sales;2002143.0117;2018-12-01;DEC 2018;Health :  Sales
Monthly;2018;MAR;;Restaurants & Café;Number of Transactions;20586.703;2018-03-01;MAR 2018;Restaurants & Café :  Number of Transactions
Monthly;2018;JUL;;Restaurants & Café;Number of Transactions;22753.566;2018-07-01;JUL 2018;Restaurants & Café :  Number of Transactions
Monthly;2018;DEC;;Restaurants & Café;Number of Transactions;29034.742;2018-12-01;DEC 2018;Restaurants & Café :  Number of Transactions
Monthly;2018;MAR;;Restaurants & Café;Sales;1636944.02710995;2018-03-01;MAR 2018;Restaurants & Café :  Sales
Monthly;2018;MAY;;Restaurants & Café;Sales;1446275.32076995;2018-05-01;MAY 2018;Restaurants & Café :  Sales
Monthly;2018;SEP;;Restaurants & Café;Sales;1650885.90371996;2018-09-01;SEP 2018;Restaurants & Café :  Sales
Monthly;2018;NOV;;Restaurants & Café;Sales;1849816.21070993;2018-11-01;NOV 2018;Restaurants & Café :  Sales
Monthly;2018;DEC;;Restaurants & Café;Sales;2076826.92756994;2018-12-01;DEC 2018;Restaurants & Café :  Sales
Monthly;2018;JAN;;Hotels;Sales;602919.833489995;2018-01-01;JAN 2018;Hotels :  Sales
Monthly;2018;JUN;;Hotels;Sales;776745.282809993;2018-06-01;JUN 2018;Hotels :  Sales
Monthly;2018;JUL;;Hotels;Sales;679495.009599992;2018-07-01;JUL 2018;Hotels :  Sales
Monthly;2018;SEP;;Hotels;Sales;493648.656529998;2018-09-01;SEP 2018;Hotels :  Sales
Monthly;2018;MAR;;Beverage and Food;Number of Transactions;19271.583;2018-03-01;MAR 2018;Beverage and Food :  Number of Transactions
Monthly;2018;JUN;;Beverage and Food;Number of Transactions;17623.445;2018-06-01;JUN 2018;Beverage and Food :  Number of Transactions
Monthly;2018;JUL;;Beverage and Food;Number of Transactions;20056.585;2018-07-01;JUL 2018;Beverage and Food :  Number of Transactions
Monthly;2018;FEB;;Beverage and Food;Sales;2075096.363;2018-02-01;FEB 2018;Beverage and Food :  Sales
Monthly;2018;JUL;;Beverage and Food;Sales;2294335.44133998;2018-07-01;JUL 2018;Beverage and Food :  Sales
Monthly;2018;DEC;;Beverage and Food;Sales;2705467.57852003;2018-12-01;DEC 2018;Beverage and Food :  Sales
Monthly;2018;JAN;;Clothing and Footwear;Number of Transactions;8688.31;2018-01-01;JAN 2018;Clothing and Footwear :  Number of Transactions
Monthly;2018;FEB;;Clothing and Footwear;Number of Transactions;6708.052;2018-02-01;FEB 2018;Clothing and Footwear :  Number of Transactions
Monthly;2018;SEP;;Clothing and Footwear;Number of Transactions;7605.325;2018-09-01;SEP 2018;Clothing and Footwear :  Number of Transactions
Monthly;2018;OCT;;Clothing and Footwear;Number of Transactions;8088.499;2018-10-01;OCT 2018;Clothing and Footwear :  Number of Transactions
Monthly;2018;NOV;;Clothing and Footwear;Number of Transactions;9778.253;2018-11-01;NOV 2018;Clothing and Footwear :  Number of Transactions
Monthly;2018;DEC;;Clothing and Footwear;Number of Transactions;10990.48;2018-12-01;DEC 2018;Clothing and Footwear :  Number of Transactions
Monthly;2018;FEB;;Clothing and Footwear;Sales;1621762.422;2018-02-01;FEB 2018;Clothing and Footwear :  Sales
Monthly;2018;OCT;;Clothing and Footwear;Sales;1856454.72278992;2018-10-01;OCT 2018;Clothing and Footwear :  Sales
Monthly;2018;AUG;;Recreation and Culture;Number of Transactions;2643.872;2018-08-01;AUG 2018;Recreation and Culture :  Number of Transactions
Monthly;2018;OCT;;Recreation and Culture;Number of Transactions;2952.471;2018-10-01;OCT 2018;Recreation and Culture :  Number of Transactions
Monthly;2018;NOV;;Recreation and Culture;Number of Transactions;2739.571;2018-11-01;NOV 2018;Recreation and Culture :  Number of Transactions
Monthly;2018;FEB;;Recreation and Culture;Sales;661124.3833;2018-02-01;FEB 2018;Recreation and Culture :  Sales
Monthly;2018;APR;;Recreation and Culture;Sales;756141.3454;2018-04-01;APR 2018;Recreation and Culture :  Sales
Monthly;2018;JUL;;Recreation and Culture;Sales;671021.145459998;2018-07-01;JUL 2018;Recreation and Culture :  Sales
Monthly;2018;AUG;;Recreation and Culture;Sales;849122.910359995;2018-08-01;AUG 2018;Recreation and Culture :  Sales
Monthly;2018;SEP;;Recreation and Culture;Sales;928441.837969998;2018-09-01;SEP 2018;Recreation and Culture :  Sales
Monthly;2018;JAN;;Miscellaneous Goods and Services;Number of Transactions;3414.282;2018-01-01;JAN 2018;Miscellaneous Goods and Services :  Number of Transactions
Monthly;2018;MAY;;Miscellaneous Goods and Services;Number of Transactions;4246.474;2018-05-01;MAY 2018;Miscellaneous Goods and Services :  Number of Transactions
Monthly;2018;JUN;;Miscellaneous Goods and Services;Number of Transactions;3920.437;2018-06-01;JUN 2018;Miscellaneous Goods and Services :  Number of Transactions
Monthly;2018;OCT;;Miscellaneous Goods and Services;Number of Transactions;3772.518;2018-10-01;OCT 2018;Miscellaneous Goods and Services :  Number of Transactions
Monthly;2018;AUG;;Miscellaneous Goods and Services;Sales;1972634.59755998;2018-08-01;AUG 2018;Miscellaneous Goods and Services :  Sales
Monthly;2018;SEP;;Miscellaneous Goods and Services;Sales;2161908.28993998;2018-09-01;SEP 2018;Miscellaneous Goods and Services :  Sales
Monthly;2018;OCT;;Miscellaneous Goods and Services;Sales;2088140.86458998;2018-10-01;OCT 2018;Miscellaneous Goods and Services :  Sales
Monthly;2018;JAN;;Electronic & Electric Devices;Number of Transactions;1215.465;2018-01-01;JAN 2018;Electronic & Electric Devices :  Number of Transactions
Monthly;2018;APR;;Electronic & Electric Devices;Number of Transactions;1308.149;2018-04-01;APR 2018;Electronic & Electric Devices :  Number of Transactions
Monthly;2018;JUL;;Electronic & Electric Devices;Number of Transactions;1284.802;2018-07-01;JUL 2018;Electronic & Electric Devices :  Number of Transactions
Monthly;2018;DEC;;Electronic & Electric Devices;Number of Transactions;1205.003;2018-12-01;DEC 2018;Electronic & Electric Devices :  Number of Transactions
Monthly;2018;MAY;;Electronic & Electric Devices;Sales;921688.849749989;2018-05-01;MAY 2018;Electronic & Electric Devices :  Sales
Monthly;2018;DEC;;Electronic & Electric Devices;Sales;695351.370469993;2018-12-01;DEC 2018;Electronic & Electric Devices :  Sales
Monthly;2018;FEB;;Furniture;Number of Transactions;807.985;2018-02-01;FEB 2018;Furniture :  Number of Transactions
Monthly;2018;JUN;;Furniture;Number of Transactions;975.235;2018-06-01;JUN 2018;Furniture :  Number of Transactions
Monthly;2018;MAY;;Furniture;Sales;937939.90526999;2018-05-01;MAY 2018;Furniture :  Sales
Monthly;2018;JUN;;Furniture;Sales;681696.196919995;2018-06-01;JUN 2018;Furniture :  Sales
Monthly;2018;MAR;;Construction & Building Materials;Number of Transactions;790.19;2018-03-01;MAR 2018;Construction & Building Materials :  Number of Transactions
Monthly;2018;APR;;Construction & Building Materials;Number of Transactions;803.462;2018-04-01;APR 2018;Construction & Building Materials :  Number of Transactions
Monthly;2018;JUN;;Construction & Building Materials;Number of Transactions;642.907;2018-06-01;JUN 2018;Construction & Building Materials :  Number of Transactions
Monthly;2018;NOV;;Construction & Building Materials;Sales;913216.216979987;2018-11-01;NOV 2018;Construction & Building Materials :  Sales
Monthly;2018;DEC;;Construction & Building Materials;Sales;1069499.98869998;2018-12-01;DEC 2018;Construction & Building Materials :  Sales
Monthly;2018;NOV;;Jewelry;Number of Transactions;537.509;2018-11-01;NOV 2018;Jewelry :  Number of Transactions
Monthly;2018;DEC;;Jewelry;Number of Transactions;720.178;2018-12-01;DEC 2018;Jewelry :  Number of Transactions
Monthly;2018;JUN;;Jewelry;Sales;1548046.93017998;2018-06-01;JUN 2018;Jewelry :  Sales
Monthly;2018;AUG;;Jewelry;Sales;1023998.81744999;2018-08-01;AUG 2018;Jewelry :  Sales
Monthly;2018;OCT;;Telecommunication;Number of Transactions;467.48;2018-10-01;OCT 2018;Telecommunication :  Number of Transactions
Monthly;2018;FEB;;Telecommunication;Sales;139424.8786;2018-02-01;FEB 2018;Telecommunication :  Sales
Monthly;2018;MAR;;Telecommunication;Sales;172581.7418;2018-03-01;MAR 2018;Telecommunication :  Sales
Monthly;2018;JUN;;Telecommunication;Sales;164460.30964;2018-06-01;JUN 2018;Telecommunication :  Sales
Monthly;2018;SEP;;Telecommunication;Sales;142405.77799;2018-09-01;SEP 2018;Telecommunication :  Sales
Monthly;2018;DEC;;Telecommunication;Sales;172324.23088;2018-12-01;DEC 2018;Telecommunication :  Sales
Monthly;2018;FEB;;Education;Number of Transactions;117.446;2018-02-01;FEB 2018;Education :  Number of Transactions
Monthly;2018;OCT;;Education;Number of Transactions;165.839;2018-10-01;OCT 2018;Education :  Number of Transactions
Monthly;2018;MAR;;Education;Sales;436688.2925;2018-03-01;MAR 2018;Education :  Sales
Monthly;2018;APR;;Education;Sales;480891.1157;2018-04-01;APR 2018;Education :  Sales
Monthly;2018;JUN;;Education;Sales;114721.59748;2018-06-01;JUN 2018;Education :  Sales
Monthly;2018;DEC;;Education;Sales;519816.385489998;2018-12-01;DEC 2018;Education :  Sales
Monthly;2018;JAN;;Public Utilities;Number of Transactions;441.777;2018-01-01;JAN 2018;Public Utilities :  Number of Transactions
Monthly;2018;JUL;;Public Utilities;Number of Transactions;571.314;2018-07-01;JUL 2018;Public Utilities :  Number of Transactions
Monthly;2018;SEP;;Public Utilities;Number of Transactions;636.304;2018-09-01;SEP 2018;Public Utilities :  Number of Transactions
Monthly;2018;MAY;;Others;Number of Transactions;9742.657;2018-05-01;MAY 2018;Others :  Number of Transactions
Monthly;2018;MAR;;Others;Sales;1606657.10224014;2018-03-01;MAR 2018;Others :  Sales
Monthly;2018;MAY;;Others;Sales;1987068.58390014;2018-05-01;MAY 2018;Others :  Sales
Monthly;2018;JUL;;Others;Sales;1792036.08484024;2018-07-01;JUL 2018;Others :  Sales
Monthly;2018;NOV;;Others;Sales;2184364.83299014;2018-11-01;NOV 2018;Others :  Sales
Monthly;2018;DEC;;Others;Sales;2570683.29223005;2018-12-01;DEC 2018;Others :  Sales
Monthly;2018;MAY;;Total;Number of Transactions;85957.092;2018-05-01;MAY 2018;Total :  Number of Transactions
Monthly;2018;NOV;;Total;Number of Transactions;98443.013;2018-11-01;NOV 2018;Total :  Number of Transactions
Monthly;2018;OCT;;Total;Sales;19297195.2;2018-10-01;OCT 2018;Total :  Sales
Annually;2017;;;Beverage and Food;Sales;24098001.4298199;2017-01-01;2017;Beverage and Food :  Sales
Annually;2017;;;Clothing and Footwear;Number of Transactions;99623.667;2017-01-01;2017;Clothing and Footwear :  Number of Transactions
Annually;2017;;;Construction & Building Materials;Number of Transactions;7341.377;2017-01-01;2017;Construction & Building Materials :  Number of Transactions
Annually;2017;;;Jewelry;Number of Transactions;6861.789;2017-01-01;2017;Jewelry :  Number of Transactions
Annually;2017;;;Jewelry;Sales;11716519.4743598;2017-01-01;2017;Jewelry :  Sales
Annually;2017;;;Telecommunication;Number of Transactions;4097.926;2017-01-01;2017;Telecommunication :  Number of Transactions
Annually;2017;;;Education;Number of Transactions;1489.831;2017-01-01;2017;Education :  Number of Transactions
Quarterly;2017;;Q4;Health;Number of Transactions;29334.087;2017-10-01;Q4 2017;Health :  Number of Transactions
Quarterly;2017;;Q4;Restaurants & Café;Number of Transactions;44822.803;2017-10-01;Q4 2017;Restaurants & Café :  Number of Transactions
Quarterly;2017;;Q1;Hotels;Sales;1561224.08695999;2017-01-01;Q1 2017;Hotels :  Sales
Quarterly;2017;;Q1;Beverage and Food;Sales;5500892.43516996;2017-01-01;Q1 2017;Beverage and Food :  Sales
Quarterly;2017;;Q2;Beverage and Food;Sales;6411805.15242996;2017-04-01;Q2 2017;Beverage and Food :  Sales
Quarterly;2017;;Q1;Clothing and Footwear;Number of Transactions;21776.808;2017-01-01;Q1 2017;Clothing and Footwear :  Number of Transactions
Quarterly;2017;;Q1;Recreation and Culture;Number of Transactions;5089.878;2017-01-01;Q1 2017;Recreation and Culture :  Number of Transactions
Quarterly;2017;;Q2;Miscellaneous Goods and Services;Number of Transactions;7687.487;2017-04-01;Q2 2017;Miscellaneous Goods and Services :  Number of Transactions
Quarterly;2017;;Q1;Miscellaneous Goods and Services;Sales;4107923.60378995;2017-01-01;Q1 2017;Miscellaneous Goods and Services :  Sales
Quarterly;2017;;Q2;Miscellaneous Goods and Services;Sales;4738737.19032995;2017-04-01;Q2 2017;Miscellaneous Goods and Services :  Sales
Quarterly;2017;;Q2;Electronic & Electric Devices;Sales;2591004.06042997;2017-04-01;Q2 2017;Electronic & Electric Devices :  Sales
Quarterly;2017;;Q2;Furniture;Sales;2087482.47533998;2017-04-01;Q2 2017;Furniture :  Sales
Quarterly;2017;;Q4;Furniture;Sales;2505725.02426998;2017-10-01;Q4 2017;Furniture :  Sales
Quarterly;2017;;Q2;Construction & Building Materials;Number of Transactions;1818.881;2017-04-01;Q2 2017;Construction & Building Materials :  Number of Transactions
Quarterly;2017;;Q1;Jewelry;Number of Transactions;1636.947;2017-01-01;Q1 2017;Jewelry :  Number of Transactions
Quarterly;2017;;Q3;Jewelry;Number of Transactions;1486.42;2017-07-01;Q3 2017;Jewelry :  Number of Transactions
Quarterly;2017;;Q3;Telecommunication;Number of Transactions;991.695;2017-07-01;Q3 2017;Telecommunication :  Number of Transactions
Quarterly;2017;;Q1;Telecommunication;Sales;530789.49831;2017-01-01;Q1 2017;Telecommunication :  Sales
Quarterly;2017;;Q2;Telecommunication;Sales;542869.87769;2017-04-01;Q2 2017;Telecommunication :  Sales
Quarterly;2017;;Q1;Education;Number of Transactions;375.425;2017-01-01;Q1 2017;Education :  Number of Transactions
Quarterly;2017;;Q1;Public Utilities;Sales;419966.93347;2017-01-01;Q1 2017;Public Utilities :  Sales
Quarterly;2017;;Q3;Public Utilities;Sales;692486.33281;2017-07-01;Q3 2017;Public Utilities :  Sales
Quarterly;2017;;Q2;Others;Sales;4428217.80913018;2017-04-01;Q2 2017;Others :  Sales
Quarterly;2017;;Q1;Total;Number of Transactions;154899.184;2017-01-01;Q1 2017;Total :  Number of Transactions
Quarterly;2017;;Q4;Total;Number of Transactions;202426.295;2017-10-01;Q4 2017;Total :  Number of Transactions
Monthly;2017;JAN;;Transportation;Number of Transactions;1219.796;2017-01-01;JAN 2017;Transportation :  Number of Transactions
Monthly;2017;MAR;;Transportation;Number of Transactions;1376.043;2017-03-01;MAR 2017;Transportation :  Number of Transactions
Monthly;2017;MAY;;Transportation;Number of Transactions;1416.598;2017-05-01;MAY 2017;Transportation :  Number of Transactions
Monthly;2017;AUG;;Transportation;Number of Transactions;1442.724;2017-08-01;AUG 2017;Transportation :  Number of Transactions
Monthly;2017;DEC;;Transportation;Number of Transactions;1438.69;2017-12-01;DEC 2017;Transportation :  Number of Transactions
Monthly;2017;MAR;;Transportation;Sales;1520568.02393999;2017-03-01;MAR 2017;Transportation :  Sales
Monthly;2017;APR;;Transportation;Sales;1435736.02861999;2017-04-01;APR 2017;Transportation :  Sales
Monthly;2017;NOV;;Transportation;Sales;1362277.55;2017-11-01;NOV 2017;Transportation :  Sales
Monthly;2017;FEB;;Health;Number of Transactions;7197.0;2017-02-01;FEB 2017;Health :  Number of Transactions
Monthly;2017;SEP;;Health;Number of Transactions;7974.188;2017-09-01;SEP 2017;Health :  Number of Transactions
Monthly;2017;FEB;;Health;Sales;1355667.74179999;2017-02-01;FEB 2017;Health :  Sales
Monthly;2017;AUG;;Restaurants & Café;Number of Transactions;12888.222;2017-08-01;AUG 2017;Restaurants & Café :  Number of Transactions
Monthly;2017;SEP;;Restaurants & Café;Number of Transactions;11912.294;2017-09-01;SEP 2017;Restaurants & Café :  Number of Transactions
Monthly;2017;JAN;;Hotels;Sales;539099.858739997;2017-01-01;JAN 2017;Hotels :  Sales
Monthly;2017;MAR;;Hotels;Sales;552741.199189996;2017-03-01;MAR 2017;Hotels :  Sales
Monthly;2017;APR;;Hotels;Sales;622729.24144999;2017-04-01;APR 2017;Hotels :  Sales
Monthly;2017;AUG;;Hotels;Sales;485702.479399995;2017-08-01;AUG 2017;Hotels :  Sales
Monthly;2017;OCT;;Hotels;Sales;555281.078419997;2017-10-01;OCT 2017;Hotels :  Sales
Monthly;2017;APR;;Beverage and Food;Number of Transactions;13801.092;2017-04-01;APR 2017;Beverage and Food :  Number of Transactions
Monthly;2017;OCT;;Beverage and Food;Number of Transactions;16129.025;2017-10-01;OCT 2017;Beverage and Food :  Number of Transactions
Monthly;2017;NOV;;Beverage and Food;Number of Transactions;15717.036;2017-11-01;NOV 2017;Beverage and Food :  Number of Transactions
Monthly;2017;DEC;;Beverage and Food;Number of Transactions;17052.411;2017-12-01;DEC 2017;Beverage and Food :  Number of Transactions
Monthly;2017;JUL;;Beverage and Food;Sales;1784057.71644999;2017-07-01;JUL 2017;Beverage and Food :  Sales
Monthly;2017;SEP;;Beverage and Food;Sales;1900799.0525;2017-09-01;SEP 2017;Beverage and Food :  Sales
Monthly;2017;NOV;;Beverage and Food;Sales;2050340.369;2017-11-01;NOV 2017;Beverage and Food :  Sales
Monthly;2017;MAY;;Clothing and Footwear;Number of Transactions;8992.222;2017-05-01;MAY 2017;Clothing and Footwear :  Number of Transactions
Monthly;2017;NOV;;Clothing and Footwear;Number of Transactions;7812.426;2017-11-01;NOV 2017;Clothing and Footwear :  Number of Transactions
Monthly;2017;JUL;;Clothing and Footwear;Sales;1751069.41776994;2017-07-01;JUL 2017;Clothing and Footwear :  Sales
Monthly;2017;AUG;;Clothing and Footwear;Sales;2358500.68951998;2017-08-01;AUG 2017;Clothing and Footwear :  Sales
Monthly;2017;SEP;;Clothing and Footwear;Sales;1662407.3663;2017-09-01;SEP 2017;Clothing and Footwear :  Sales
Monthly;2017;OCT;;Clothing and Footwear;Sales;1687713.396;2017-10-01;OCT 2017;Clothing and Footwear :  Sales
Monthly;2017;MAY;;Recreation and Culture;Number of Transactions;2082.257;2017-05-01;MAY 2017;Recreation and Culture :  Number of Transactions
Monthly;2017;JUN;;Recreation and Culture;Number of Transactions;2317.564;2017-06-01;JUN 2017;Recreation and Culture :  Number of Transactions
Monthly;2017;JUL;;Recreation and Culture;Number of Transactions;1454.191;2017-07-01;JUL 2017;Recreation and Culture :  Number of Transactions
Monthly;2017;AUG;;Recreation and Culture;Number of Transactions;1859.492;2017-08-01;AUG 2017;Recreation and Culture :  Number of Transactions
Monthly;2017;FEB;;Recreation and Culture;Sales;590278.1606;2017-02-01;FEB 2017;Recreation and Culture :  Sales
Monthly;2017;JAN;;Miscellaneous Goods and Services;Number of Transactions;2374.047;2017-01-01;JAN 2017;Miscellaneous Goods and Services :  Number of Transactions
Monthly;2017;OCT;;Miscellaneous Goods and Services;Number of Transactions;2724.425;2017-10-01;OCT 2017;Miscellaneous Goods and Services :  Number of Transactions
Monthly;2017;JAN;;Electronic & Electric Devices;Number of Transactions;976.721;2017-01-01;JAN 2017;Electronic & Electric Devices :  Number of Transactions
Monthly;2017;MAR;;Electronic & Electric Devices;Number of Transactions;1169.802;2017-03-01;MAR 2017;Electronic & Electric Devices :  Number of Transactions
Monthly;2017;SEP;;Electronic & Electric Devices;Number of Transactions;987.548;2017-09-01;SEP 2017;Electronic & Electric Devices :  Number of Transactions
Monthly;2017;FEB;;Electronic & Electric Devices;Sales;707090.16838999;2017-02-01;FEB 2017;Electronic & Electric Devices :  Sales
Monthly;2017;JUN;;Electronic & Electric Devices;Sales;689352.473609993;2017-06-01;JUN 2017;Electronic & Electric Devices :  Sales
Monthly;2017;SEP;;Electronic & Electric Devices;Sales;645098.118829993;2017-09-01;SEP 2017;Electronic & Electric Devices :  Sales
Monthly;2017;OCT;;Electronic & Electric Devices;Sales;817229.657419989;2017-10-01;OCT 2017;Electronic & Electric Devices :  Sales
Monthly;2017;DEC;;Electronic & Electric Devices;Sales;1021036.73727999;2017-12-01;DEC 2017;Electronic & Electric Devices :  Sales
Monthly;2017;FEB;;Furniture;Number of Transactions;598.592;2017-02-01;FEB 2017;Furniture :  Number of Transactions
Monthly;2017;MAR;;Furniture;Number of Transactions;689.963;2017-03-01;MAR 2017;Furniture :  Number of Transactions
Monthly;2017;MAY;;Furniture;Number of Transactions;859.481;2017-05-01;MAY 2017;Furniture :  Number of Transactions
Monthly;2017;JUL;;Furniture;Number of Transactions;664.158;2017-07-01;JUL 2017;Furniture :  Number of Transactions
Monthly;2017;SEP;;Furniture;Number of Transactions;698.739;2017-09-01;SEP 2017;Furniture :  Number of Transactions
Monthly;2017;OCT;;Furniture;Number of Transactions;837.172;2017-10-01;OCT 2017;Furniture :  Number of Transactions
Monthly;2017;NOV;;Furniture;Number of Transactions;872.15;2017-11-01;NOV 2017;Furniture :  Number of Transactions
Monthly;2017;FEB;;Furniture;Sales;538217.842849995;2017-02-01;FEB 2017;Furniture :  Sales
Monthly;2017;MAR;;Furniture;Sales;627695.742869994;2017-03-01;MAR 2017;Furniture :  Sales
Monthly;2017;DEC;;Construction & Building Materials;Number of Transactions;792.107;2017-12-01;DEC 2017;Construction & Building Materials :  Number of Transactions
Monthly;2017;JUL;;Construction & Building Materials;Sales;870306.866209993;2017-07-01;JUL 2017;Construction & Building Materials :  Sales
Monthly;2017;AUG;;Construction & Building Materials;Sales;859477.172519989;2017-08-01;AUG 2017;Construction & Building Materials :  Sales
Monthly;2017;OCT;;Construction & Building Materials;Sales;902942.367729987;2017-10-01;OCT 2017;Construction & Building Materials :  Sales
Monthly;2017;NOV;;Construction & Building Materials;Sales;903646.670959988;2017-11-01;NOV 2017;Construction & Building Materials :  Sales
Monthly;2017;JAN;;Jewelry;Number of Transactions;558.613;2017-01-01;JAN 2017;Jewelry :  Number of Transactions
Monthly;2017;JUL;;Jewelry;Number of Transactions;492.858;2017-07-01;JUL 2017;Jewelry :  Number of Transactions
Monthly;2017;APR;;Telecommunication;Number of Transactions;340.574;2017-04-01;APR 2017;Telecommunication :  Number of Transactions
Monthly;2017;NOV;;Telecommunication;Number of Transactions;366.553;2017-11-01;NOV 2017;Telecommunication :  Number of Transactions
Monthly;2017;APR;;Telecommunication;Sales;169107.70386;2017-04-01;APR 2017;Telecommunication :  Sales
Monthly;2017;APR;;Education;Number of Transactions;122.554;2017-04-01;APR 2017;Education :  Number of Transactions
Monthly;2017;NOV;;Education;Number of Transactions;120.027;2017-11-01;NOV 2017;Education :  Number of Transactions
Monthly;2017;FEB;;Education;Sales;699394.256889998;2017-02-01;FEB 2017;Education :  Sales
Monthly;2017;MAY;;Education;Sales;622156.262659998;2017-05-01;MAY 2017;Education :  Sales
Monthly;2017;JUL;;Education;Sales;129142.04283;2017-07-01;JUL 2017;Education :  Sales
Monthly;2017;JUL;;Public Utilities;Number of Transactions;279.516;2017-07-01;JUL 2017;Public Utilities :  Number of Transactions
Monthly;2017;NOV;;Public Utilities;Number of Transactions;352.999;2017-11-01;NOV 2017;Public Utilities :  Number of Transactions
Monthly;2017;MAY;;Public Utilities;Sales;256423.80718;2017-05-01;MAY 2017;Public Utilities :  Sales
Monthly;2017;SEP;;Public Utilities;Sales;206282.4498;2017-09-01;SEP 2017;Public Utilities :  Sales
Monthly;2017;JUL;;Others;Number of Transactions;5221.863;2017-07-01;JUL 2017;Others :  Number of Transactions
Monthly;2017;NOV;;Others;Number of Transactions;6588.852;2017-11-01;NOV 2017;Others :  Number of Transactions
Monthly;2017;AUG;;Total;Sales;16909260.353;2017-08-01;AUG 2017;Total :  Sales
Annually;2017;;;Transportation;Number of Transactions;15794.19;2017-01-01;2017;Transportation :  Number of Transactions
Annually;2017;;;Health;Number of Transactions;103000.517;2017-01-01;2017;Health :  Number of Transactions
Annually;2017;;;Restaurants & Café;Number of Transactions;142790.463;2017-01-01;2017;Restaurants & Café :  Number of Transactions
Annually;2017;;;Hotels;Number of Transactions;8001.776;2017-01-01;2017;Hotels :  Number of Transactions
Annually;2017;;;Clothing and Footwear;Sales;26143697.4795098;2017-01-01;2017;Clothing and Footwear :  Sales
Annually;2017;;;Miscellaneous Goods and Services;Number of Transactions;31502.226;2017-01-01;2017;Miscellaneous Goods and Services :  Number of Transactions
Annually;2017;;;Electronic & Electric Devices;Sales;9872931.00007988;2017-01-01;2017;Electronic & Electric Devices :  Sales
Annually;2017;;;Telecommunication;Sales;2088924.98307;2017-01-01;2017;Telecommunication :  Sales
Annually;2017;;;Public Utilities;Sales;2539731.81474;2017-01-01;2017;Public Utilities :  Sales
Annually;2017;;;Total;Sales;200467827.104;2017-01-01;2017;Total :  Sales
Quarterly;2017;;Q1;Transportation;Sales;4192821.18505998;2017-01-01;Q1 2017;Transportation :  Sales
Quarterly;2017;;Q4;Transportation;Sales;4449392.85611999;2017-10-01;Q4 2017;Transportation :  Sales
Quarterly;2017;;Q3;Health;Number of Transactions;24694.8;2017-07-01;Q3 2017;Health :  Number of Transactions
Quarterly;2017;;Q3;Restaurants & Café;Number of Transactions;36267.091;2017-07-01;Q3 2017;Restaurants & Café :  Number of Transactions
Quarterly;2017;;Q2;Restaurants & Café;Sales;3103944.67728994;2017-04-01;Q2 2017;Restaurants & Café :  Sales
Quarterly;2017;;Q1;Hotels;Number of Transactions;1854.662;2017-01-01;Q1 2017;Hotels :  Number of Transactions
Quarterly;2017;;Q2;Hotels;Sales;1994031.60141998;2017-04-01;Q2 2017;Hotels :  Sales
Quarterly;2017;;Q1;Beverage and Food;Number of Transactions;37664.206;2017-01-01;Q1 2017;Beverage and Food :  Number of Transactions
Quarterly;2017;;Q3;Beverage and Food;Sales;5652687.28914998;2017-07-01;Q3 2017;Beverage and Food :  Sales
Quarterly;2017;;Q4;Beverage and Food;Sales;6532616.55306998;2017-10-01;Q4 2017;Beverage and Food :  Sales
Quarterly;2017;;Q2;Clothing and Footwear;Number of Transactions;30577.374;2017-04-01;Q2 2017;Clothing and Footwear :  Number of Transactions
Quarterly;2017;;Q2;Recreation and Culture;Sales;2139159.95436999;2017-04-01;Q2 2017;Recreation and Culture :  Sales
Quarterly;2017;;Q4;Recreation and Culture;Sales;2344842.5874;2017-10-01;Q4 2017;Recreation and Culture :  Sales
Quarterly;2017;;Q3;Miscellaneous Goods and Services;Number of Transactions;7813.502;2017-07-01;Q3 2017;Miscellaneous Goods and Services :  Number of Transactions
Quarterly;2017;;Q4;Miscellaneous Goods and Services;Number of Transactions;9251.808;2017-10-01;Q4 2017;Miscellaneous Goods and Services :  Number of Transactions
Quarterly;2017;;Q3;Miscellaneous Goods and Services;Sales;4491429.11967996;2017-07-01;Q3 2017;Miscellaneous Goods and Services :  Sales
Quarterly;2017;;Q2;Electronic & Electric Devices;Number of Transactions;3512.425;2017-04-01;Q2 2017;Electronic & Electric Devices :  Number of Transactions
Quarterly;2017;;Q2;Furniture;Number of Transactions;2345.632;2017-04-01;Q2 2017;Furniture :  Number of Transactions
Quarterly;2017;;Q3;Furniture;Number of Transactions;2154.286;2017-07-01;Q3 2017;Furniture :  Number of Transactions
Quarterly;2017;;Q1;Construction & Building Materials;Sales;2727898.55613996;2017-01-01;Q1 2017;Construction & Building Materials :  Sales
Quarterly;2017;;Q1;Jewelry;Sales;2868155.63414996;2017-01-01;Q1 2017;Jewelry :  Sales
Quarterly;2017;;Q2;Jewelry;Sales;3600875.83957995;2017-04-01;Q2 2017;Jewelry :  Sales
Quarterly;2017;;Q4;Jewelry;Sales;2763460.69711996;2017-10-01;Q4 2017;Jewelry :  Sales
Quarterly;2017;;Q2;Telecommunication;Number of Transactions;1007.436;2017-04-01;Q2 2017;Telecommunication :  Number of Transactions
Quarterly;2017;;Q3;Education;Number of Transactions;382.879;2017-07-01;Q3 2017;Education :  Number of Transactions
Quarterly;2017;;Q2;Public Utilities;Number of Transactions;945.226;2017-04-01;Q2 2017;Public Utilities :  Number of Transactions
Quarterly;2017;;Q3;Public Utilities;Number of Transactions;859.267;2017-07-01;Q3 2017;Public Utilities :  Number of Transactions
Quarterly;2017;;Q4;Public Utilities;Number of Transactions;1089.311;2017-10-01;Q4 2017;Public Utilities :  Number of Transactions
Quarterly;2017;;Q2;Public Utilities;Sales;587935.91448;2017-04-01;Q2 2017;Public Utilities :  Sales
Quarterly;2017;;Q4;Others;Sales;4203182.96679036;2017-10-01;Q4 2017;Others :  Sales
Quarterly;2017;;Q1;Total;Sales;46227001.284;2017-01-01;Q1 2017;Total :  Sales
Quarterly;2017;;Q2;Total;Sales;53405079.533;2017-04-01;Q2 2017;Total :  Sales
Monthly;2017;JUN;;Transportation;Number of Transactions;1183.787;2017-06-01;JUN 2017;Transportation :  Number of Transactions
Monthly;2017;JUN;;Transportation;Sales;1406979.61206;2017-06-01;JUN 2017;Transportation :  Sales
Monthly;2017;JUL;;Transportation;Sales;1674537.30871;2017-07-01;JUL 2017;Transportation :  Sales
Monthly;2017;OCT;;Transportation;Sales;1478798.507;2017-10-01;OCT 2017;Transportation :  Sales
Monthly;2017;JAN;;Health;Number of Transactions;7810.014;2017-01-01;JAN 2017;Health :  Number of Transactions
Monthly;2017;JUL;;Health;Number of Transactions;8062.152;2017-07-01;JUL 2017;Health :  Number of Transactions
Monthly;2017;AUG;;Health;Number of Transactions;8658.46;2017-08-01;AUG 2017;Health :  Number of Transactions
Monthly;2017;MAY;;Health;Sales;1552215.74208999;2017-05-01;MAY 2017;Health :  Sales
Monthly;2017;JUL;;Health;Sales;1506230.03339;2017-07-01;JUL 2017;Health :  Sales
Monthly;2017;DEC;;Health;Sales;1706516.18907999;2017-12-01;DEC 2017;Health :  Sales
Monthly;2017;OCT;;Restaurants & Café;Number of Transactions;14140.922;2017-10-01;OCT 2017;Restaurants & Café :  Number of Transactions
Monthly;2017;JAN;;Restaurants & Café;Sales;980554.414179977;2017-01-01;JAN 2017;Restaurants & Café :  Sales
Monthly;2017;MAR;;Restaurants & Café;Sales;1033384.38365998;2017-03-01;MAR 2017;Restaurants & Café :  Sales
Monthly;2017;APR;;Restaurants & Café;Sales;1021760.12908998;2017-04-01;APR 2017;Restaurants & Café :  Sales
Monthly;2017;JUL;;Restaurants & Café;Sales;1070797.01644997;2017-07-01;JUL 2017;Restaurants & Café :  Sales
Monthly;2017;DEC;;Restaurants & Café;Sales;1307294.14732996;2017-12-01;DEC 2017;Restaurants & Café :  Sales
Monthly;2017;FEB;;Hotels;Number of Transactions;557.113;2017-02-01;FEB 2017;Hotels :  Number of Transactions
Monthly;2017;DEC;;Hotels;Number of Transactions;655.494;2017-12-01;DEC 2017;Hotels :  Number of Transactions
Monthly;2017;JUL;;Hotels;Sales;565663.039149996;2017-07-01;JUL 2017;Hotels :  Sales
Monthly;2017;DEC;;Hotels;Sales;494547.592569996;2017-12-01;DEC 2017;Hotels :  Sales
Monthly;2017;MAR;;Beverage and Food;Number of Transactions;13851.445;2017-03-01;MAR 2017;Beverage and Food :  Number of Transactions
Monthly;2017;JUN;;Beverage and Food;Number of Transactions;13290.917;2017-06-01;JUN 2017;Beverage and Food :  Number of Transactions
Monthly;2017;AUG;;Beverage and Food;Number of Transactions;14661.79;2017-08-01;AUG 2017;Beverage and Food :  Number of Transactions
Monthly;2017;APR;;Beverage and Food;Sales;1932080.11760998;2017-04-01;APR 2017;Beverage and Food :  Sales
Monthly;2017;JUN;;Beverage and Food;Sales;1843986.78699999;2017-06-01;JUN 2017;Beverage and Food :  Sales
Monthly;2017;DEC;;Clothing and Footwear;Number of Transactions;9610.921;2017-12-01;DEC 2017;Clothing and Footwear :  Number of Transactions
Monthly;2017;APR;;Clothing and Footwear;Sales;2215465.19789989;2017-04-01;APR 2017;Clothing and Footwear :  Sales
Monthly;2017;DEC;;Clothing and Footwear;Sales;2487969.81721002;2017-12-01;DEC 2017;Clothing and Footwear :  Sales
Monthly;2017;APR;;Recreation and Culture;Number of Transactions;1620.005;2017-04-01;APR 2017;Recreation and Culture :  Number of Transactions
Monthly;2017;SEP;;Recreation and Culture;Number of Transactions;2177.51;2017-09-01;SEP 2017;Recreation and Culture :  Number of Transactions
Monthly;2017;OCT;;Recreation and Culture;Number of Transactions;2341.76;2017-10-01;OCT 2017;Recreation and Culture :  Number of Transactions
Monthly;2017;JUL;;Recreation and Culture;Sales;503356.431079999;2017-07-01;JUL 2017;Recreation and Culture :  Sales
Monthly;2017;OCT;;Recreation and Culture;Sales;741545.22;2017-10-01;OCT 2017;Recreation and Culture :  Sales
Monthly;2017;FEB;;Miscellaneous Goods and Services;Number of Transactions;2025.252;2017-02-01;FEB 2017;Miscellaneous Goods and Services :  Number of Transactions
Monthly;2017;NOV;;Miscellaneous Goods and Services;Number of Transactions;3216.131;2017-11-01;NOV 2017;Miscellaneous Goods and Services :  Number of Transactions
Monthly;2017;FEB;;Miscellaneous Goods and Services;Sales;1237060.16360999;2017-02-01;FEB 2017;Miscellaneous Goods and Services :  Sales
Monthly;2017;AUG;;Miscellaneous Goods and Services;Sales;1636943.38225998;2017-08-01;AUG 2017;Miscellaneous Goods and Services :  Sales
Monthly;2017;OCT;;Miscellaneous Goods and Services;Sales;1557506.74826998;2017-10-01;OCT 2017;Miscellaneous Goods and Services :  Sales
Monthly;2017;DEC;;Miscellaneous Goods and Services;Sales;1953280.92917997;2017-12-01;DEC 2017;Miscellaneous Goods and Services :  Sales
Monthly;2017;FEB;;Electronic & Electric Devices;Number of Transactions;922.919;2017-02-01;FEB 2017;Electronic & Electric Devices :  Number of Transactions
Monthly;2017;APR;;Electronic & Electric Devices;Number of Transactions;1170.912;2017-04-01;APR 2017;Electronic & Electric Devices :  Number of Transactions
Monthly;2017;DEC;;Electronic & Electric Devices;Number of Transactions;1338.946;2017-12-01;DEC 2017;Electronic & Electric Devices :  Number of Transactions
Monthly;2017;MAR;;Electronic & Electric Devices;Sales;848581.275779987;2017-03-01;MAR 2017;Electronic & Electric Devices :  Sales
Monthly;2017;JUL;;Electronic & Electric Devices;Sales;795509.205819993;2017-07-01;JUL 2017;Electronic & Electric Devices :  Sales
Monthly;2017;AUG;;Electronic & Electric Devices;Sales;823304.691389989;2017-08-01;AUG 2017;Electronic & Electric Devices :  Sales
Monthly;2017;NOV;;Electronic & Electric Devices;Sales;838026.348899989;2017-11-01;NOV 2017;Electronic & Electric Devices :  Sales
Monthly;2017;APR;;Furniture;Number of Transactions;729.255;2017-04-01;APR 2017;Furniture :  Number of Transactions
Monthly;2017;FEB;;Construction & Building Materials;Number of Transactions;504.937;2017-02-01;FEB 2017;Construction & Building Materials :  Number of Transactions
Monthly;2017;SEP;;Construction & Building Materials;Number of Transactions;507.455;2017-09-01;SEP 2017;Construction & Building Materials :  Number of Transactions
Monthly;2017;OCT;;Construction & Building Materials;Number of Transactions;651.455;2017-10-01;OCT 2017;Construction & Building Materials :  Number of Transactions
Monthly;2017;NOV;;Construction & Building Materials;Number of Transactions;695.452;2017-11-01;NOV 2017;Construction & Building Materials :  Number of Transactions
Monthly;2017;MAR;;Construction & Building Materials;Sales;959234.866409989;2017-03-01;MAR 2017;Construction & Building Materials :  Sales
Monthly;2017;MAR;;Jewelry;Sales;1065410.19932999;2017-03-01;MAR 2017;Jewelry :  Sales
Monthly;2017;AUG;;Jewelry;Sales;931876.322179984;2017-08-01;AUG 2017;Jewelry :  Sales
Monthly;2017;SEP;;Jewelry;Sales;657139.047769992;2017-09-01;SEP 2017;Jewelry :  Sales
Monthly;2017;JAN;;Telecommunication;Number of Transactions;340.382;2017-01-01;JAN 2017;Telecommunication :  Number of Transactions
Monthly;2017;JUL;;Telecommunication;Number of Transactions;351.471;2017-07-01;JUL 2017;Telecommunication :  Number of Transactions
Monthly;2017;MAY;;Telecommunication;Sales;190324.95178;2017-05-01;MAY 2017;Telecommunication :  Sales
Monthly;2017;JUL;;Telecommunication;Sales;174427.37582;2017-07-01;JUL 2017;Telecommunication :  Sales
Monthly;2017;JUN;;Education;Number of Transactions;41.501;2017-06-01;JUN 2017;Education :  Number of Transactions
Monthly;2017;AUG;;Education;Number of Transactions;67.096;2017-08-01;AUG 2017;Education :  Number of Transactions
Monthly;2017;JAN;;Education;Sales;415813.499829999;2017-01-01;JAN 2017;Education :  Sales
Monthly;2017;OCT;;Education;Sales;511371.75;2017-10-01;OCT 2017;Education :  Sales
Monthly;2017;JAN;;Public Utilities;Number of Transactions;299.746;2017-01-01;JAN 2017;Public Utilities :  Number of Transactions
Monthly;2017;MAR;;Public Utilities;Number of Transactions;347.563;2017-03-01;MAR 2017;Public Utilities :  Number of Transactions
Monthly;2017;APR;;Public Utilities;Number of Transactions;346.609;2017-04-01;APR 2017;Public Utilities :  Number of Transactions
Monthly;2017;JUN;;Public Utilities;Number of Transactions;213.654;2017-06-01;JUN 2017;Public Utilities :  Number of Transactions
Monthly;2017;AUG;;Public Utilities;Number of Transactions;315.924;2017-08-01;AUG 2017;Public Utilities :  Number of Transactions
Monthly;2017;SEP;;Public Utilities;Number of Transactions;263.827;2017-09-01;SEP 2017;Public Utilities :  Number of Transactions
Monthly;2017;FEB;;Public Utilities;Sales;126816.13418;2017-02-01;FEB 2017;Public Utilities :  Sales
Monthly;2017;MAR;;Public Utilities;Sales;149188.20882;2017-03-01;MAR 2017;Public Utilities :  Sales
Monthly;2017;JUN;;Public Utilities;Sales;179123.12742;2017-06-01;JUN 2017;Public Utilities :  Sales
Monthly;2017;JAN;;Others;Number of Transactions;5416.069;2017-01-01;JAN 2017;Others :  Number of Transactions
Monthly;2017;AUG;;Others;Number of Transactions;6284.341;2017-08-01;AUG 2017;Others :  Number of Transactions
Monthly;2017;DEC;;Others;Number of Transactions;7060.12;2017-12-01;DEC 2017;Others :  Number of Transactions
Monthly;2017;APR;;Others;Sales;1428016.18528025;2017-04-01;APR 2017;Others :  Sales
Monthly;2017;MAY;;Others;Sales;1651325.52039013;2017-05-01;MAY 2017;Others :  Sales
Monthly;2017;JUL;;Others;Sales;1205436.79001014;2017-07-01;JUL 2017;Others :  Sales
Monthly;2017;AUG;;Others;Sales;1387887.40107014;2017-08-01;AUG 2017;Others :  Sales
Monthly;2017;SEP;;Others;Sales;1172195.09160007;2017-09-01;SEP 2017;Others :  Sales
Monthly;2017;JAN;;Total;Number of Transactions;52213.532;2017-01-01;JAN 2017;Total :  Number of Transactions
Monthly;2017;AUG;;Total;Number of Transactions;62728.16;2017-08-01;AUG 2017;Total :  Number of Transactions
Monthly;2017;NOV;;Total;Number of Transactions;65979.92;2017-11-01;NOV 2017;Total :  Number of Transactions
Monthly;2017;JUL;;Total;Sales;15304211.36;2017-07-01;JUL 2017;Total :  Sales
Monthly;2017;OCT;;Total;Sales;16446967.667;2017-10-01;OCT 2017;Total :  Sales
Annually;2017;;;Recreation and Culture;Sales;8212663.55146998;2017-01-01;2017;Recreation and Culture :  Sales
Annually;2017;;;Miscellaneous Goods and Services;Sales;18793143.9700798;2017-01-01;2017;Miscellaneous Goods and Services :  Sales
Annually;2017;;;Electronic & Electric Devices;Number of Transactions;13710.909;2017-01-01;2017;Electronic & Electric Devices :  Number of Transactions
Annually;2017;;;Furniture;Number of Transactions;9310.081;2017-01-01;2017;Furniture :  Number of Transactions
Annually;2017;;;Construction & Building Materials;Sales;10743882.4785399;2017-01-01;2017;Construction & Building Materials :  Sales
Annually;2017;;;Public Utilities;Number of Transactions;3820.757;2017-01-01;2017;Public Utilities :  Number of Transactions
Annually;2017;;;Others;Number of Transactions;65300.315;2017-01-01;2017;Others :  Number of Transactions
Quarterly;2017;;Q1;Transportation;Number of Transactions;3692.961;2017-01-01;Q1 2017;Transportation :  Number of Transactions
Quarterly;2017;;Q3;Transportation;Number of Transactions;3935.097;2017-07-01;Q3 2017;Transportation :  Number of Transactions
Quarterly;2017;;Q4;Health;Sales;5001305.38507999;2017-10-01;Q4 2017;Health :  Sales
Quarterly;2017;;Q2;Hotels;Number of Transactions;2119.363;2017-04-01;Q2 2017;Hotels :  Number of Transactions
Quarterly;2017;;Q1;Clothing and Footwear;Sales;5682385.09763973;2017-01-01;Q1 2017;Clothing and Footwear :  Sales
Quarterly;2017;;Q2;Clothing and Footwear;Sales;8464332.35407017;2017-04-01;Q2 2017;Clothing and Footwear :  Sales
Quarterly;2017;;Q3;Clothing and Footwear;Sales;5771977.47358992;2017-07-01;Q3 2017;Clothing and Footwear :  Sales
Quarterly;2017;;Q4;Clothing and Footwear;Sales;6225002.55421002;2017-10-01;Q4 2017;Clothing and Footwear :  Sales
Quarterly;2017;;Q3;Recreation and Culture;Number of Transactions;5491.193;2017-07-01;Q3 2017;Recreation and Culture :  Number of Transactions
Quarterly;2017;;Q3;Electronic & Electric Devices;Number of Transactions;3260.084;2017-07-01;Q3 2017;Electronic & Electric Devices :  Number of Transactions
Quarterly;2017;;Q1;Electronic & Electric Devices;Sales;2341722.18000996;2017-01-01;Q1 2017;Electronic & Electric Devices :  Sales
Quarterly;2017;;Q3;Electronic & Electric Devices;Sales;2263912.01603998;2017-07-01;Q3 2017;Electronic & Electric Devices :  Sales
Quarterly;2017;;Q4;Construction & Building Materials;Number of Transactions;2139.014;2017-10-01;Q4 2017;Construction & Building Materials :  Number of Transactions
Quarterly;2017;;Q2;Construction & Building Materials;Sales;2549012.23190997;2017-04-01;Q2 2017;Construction & Building Materials :  Sales
Quarterly;2017;;Q4;Jewelry;Number of Transactions;1484.986;2017-10-01;Q4 2017;Jewelry :  Number of Transactions
Quarterly;2017;;Q3;Telecommunication;Sales;465337.181;2017-07-01;Q3 2017;Telecommunication :  Sales
Quarterly;2017;;Q2;Education;Number of Transactions;308.984;2017-04-01;Q2 2017;Education :  Number of Transactions
Quarterly;2017;;Q4;Education;Number of Transactions;422.543;2017-10-01;Q4 2017;Education :  Number of Transactions
Quarterly;2017;;Q1;Education;Sales;1562458.17233;2017-01-01;Q1 2017;Education :  Sales
Quarterly;2017;;Q4;Public Utilities;Sales;839342.63398;2017-10-01;Q4 2017;Public Utilities :  Sales
Quarterly;2017;;Q1;Others;Number of Transactions;13810.82;2017-01-01;Q1 2017;Others :  Number of Transactions
Quarterly;2017;;Q3;Others;Number of Transactions;17243.157;2017-07-01;Q3 2017;Others :  Number of Transactions
Quarterly;2017;;Q3;Others;Sales;3765519.28268035;2017-07-01;Q3 2017;Others :  Sales
Quarterly;2017;;Q3;Total;Number of Transactions;173437.432;2017-07-01;Q3 2017;Total :  Number of Transactions
Quarterly;2017;;Q4;Total;Sales;53499667.667;2017-10-01;Q4 2017;Total :  Sales
Monthly;2017;JUL;;Transportation;Number of Transactions;1367.582;2017-07-01;JUL 2017;Transportation :  Number of Transactions
Monthly;2017;FEB;;Transportation;Sales;1234039.06726;2017-02-01;FEB 2017;Transportation :  Sales
Monthly;2017;MAY;;Transportation;Sales;1585346.36845999;2017-05-01;MAY 2017;Transportation :  Sales
Monthly;2017;DEC;;Transportation;Sales;1608316.79911999;2017-12-01;DEC 2017;Transportation :  Sales
Monthly;2017;MAY;;Health;Number of Transactions;8575.996;2017-05-01;MAY 2017;Health :  Number of Transactions
Monthly;2017;JUN;;Health;Number of Transactions;8024.411;2017-06-01;JUN 2017;Health :  Number of Transactions
Monthly;2017;JAN;;Health;Sales;1504601.59988999;2017-01-01;JAN 2017;Health :  Sales
Monthly;2017;SEP;;Health;Sales;1361845.4728;2017-09-01;SEP 2017;Health :  Sales
Monthly;2017;NOV;;Health;Sales;1606679.744;2017-11-01;NOV 2017;Health :  Sales
Monthly;2017;MAR;;Restaurants & Café;Number of Transactions;11291.071;2017-03-01;MAR 2017;Restaurants & Café :  Number of Transactions
Monthly;2017;JUN;;Restaurants & Café;Number of Transactions;9123.886;2017-06-01;JUN 2017;Restaurants & Café :  Number of Transactions
Monthly;2017;JUL;;Restaurants & Café;Number of Transactions;11466.575;2017-07-01;JUL 2017;Restaurants & Café :  Number of Transactions
Monthly;2017;DEC;;Restaurants & Café;Number of Transactions;16009.73;2017-12-01;DEC 2017;Restaurants & Café :  Number of Transactions
Monthly;2017;FEB;;Restaurants & Café;Sales;882935.249599979;2017-02-01;FEB 2017;Restaurants & Café :  Sales
Monthly;2017;AUG;;Restaurants & Café;Sales;1165700.08085997;2017-08-01;AUG 2017;Restaurants & Café :  Sales
Monthly;2017;OCT;;Restaurants & Café;Sales;1144078.22727996;2017-10-01;OCT 2017;Restaurants & Café :  Sales
Monthly;2017;JAN;;Hotels;Number of Transactions;609.261;2017-01-01;JAN 2017;Hotels :  Number of Transactions
Monthly;2017;MAY;;Hotels;Number of Transactions;682.37;2017-05-01;MAY 2017;Hotels :  Number of Transactions
Monthly;2017;SEP;;Hotels;Number of Transactions;596.924;2017-09-01;SEP 2017;Hotels :  Number of Transactions
Monthly;2017;OCT;;Hotels;Number of Transactions;705.508;2017-10-01;OCT 2017;Hotels :  Number of Transactions
Monthly;2017;FEB;;Hotels;Sales;469383.029029997;2017-02-01;FEB 2017;Hotels :  Sales
Monthly;2017;SEP;;Hotels;Sales;409191.220449998;2017-09-01;SEP 2017;Hotels :  Sales
Monthly;2017;SEP;;Beverage and Food;Number of Transactions;13932.814;2017-09-01;SEP 2017;Beverage and Food :  Number of Transactions
Monthly;2017;FEB;;Beverage and Food;Sales;1783005.55511999;2017-02-01;FEB 2017;Beverage and Food :  Sales
Monthly;2017;JAN;;Clothing and Footwear;Number of Transactions;8002.227;2017-01-01;JAN 2017;Clothing and Footwear :  Number of Transactions
Monthly;2017;OCT;;Clothing and Footwear;Number of Transactions;6601.353;2017-10-01;OCT 2017;Clothing and Footwear :  Number of Transactions
Monthly;2017;JAN;;Recreation and Culture;Number of Transactions;1570.729;2017-01-01;JAN 2017;Recreation and Culture :  Number of Transactions
Monthly;2017;NOV;;Recreation and Culture;Number of Transactions;2244.398;2017-11-01;NOV 2017;Recreation and Culture :  Number of Transactions
Monthly;2017;AUG;;Miscellaneous Goods and Services;Number of Transactions;2826.412;2017-08-01;AUG 2017;Miscellaneous Goods and Services :  Number of Transactions
Monthly;2017;JAN;;Miscellaneous Goods and Services;Sales;1380035.48858998;2017-01-01;JAN 2017;Miscellaneous Goods and Services :  Sales
Monthly;2017;APR;;Miscellaneous Goods and Services;Sales;1436724.95005998;2017-04-01;APR 2017;Miscellaneous Goods and Services :  Sales
Monthly;2017;JUL;;Miscellaneous Goods and Services;Sales;1508301.60612999;2017-07-01;JUL 2017;Miscellaneous Goods and Services :  Sales
Monthly;2017;SEP;;Miscellaneous Goods and Services;Sales;1346184.13128999;2017-09-01;SEP 2017;Miscellaneous Goods and Services :  Sales
Monthly;2017;NOV;;Miscellaneous Goods and Services;Sales;1944266.37882997;2017-11-01;NOV 2017;Miscellaneous Goods and Services :  Sales
Monthly;2017;MAY;;Electronic & Electric Devices;Number of Transactions;1332.197;2017-05-01;MAY 2017;Electronic & Electric Devices :  Number of Transactions
Monthly;2017;APR;;Electronic & Electric Devices;Sales;886876.156019988;2017-04-01;APR 2017;Electronic & Electric Devices :  Sales
Monthly;2017;JAN;;Furniture;Sales;666593.854949992;2017-01-01;JAN 2017;Furniture :  Sales
Monthly;2017;MAY;;Furniture;Sales;769674.845259992;2017-05-01;MAY 2017;Furniture :  Sales
Monthly;2017;SEP;;Furniture;Sales;563999.089139995;2017-09-01;SEP 2017;Furniture :  Sales
Monthly;2017;DEC;;Furniture;Sales;1064922.42029999;2017-12-01;DEC 2017;Furniture :  Sales
Monthly;2017;AUG;;Construction & Building Materials;Number of Transactions;624.671;2017-08-01;AUG 2017;Construction & Building Materials :  Number of Transactions
Monthly;2017;JAN;;Construction & Building Materials;Sales;950406.852349985;2017-01-01;JAN 2017;Construction & Building Materials :  Sales
Monthly;2017;FEB;;Construction & Building Materials;Sales;818256.837379989;2017-02-01;FEB 2017;Construction & Building Materials :  Sales
Monthly;2017;MAY;;Construction & Building Materials;Sales;988872.167499987;2017-05-01;MAY 2017;Construction & Building Materials :  Sales
Monthly;2017;FEB;;Jewelry;Number of Transactions;445.809;2017-02-01;FEB 2017;Jewelry :  Number of Transactions
Monthly;2017;APR;;Jewelry;Number of Transactions;549.988;2017-04-01;APR 2017;Jewelry :  Number of Transactions
Monthly;2017;AUG;;Jewelry;Number of Transactions;592.311;2017-08-01;AUG 2017;Jewelry :  Number of Transactions
Monthly;2017;MAR;;Telecommunication;Number of Transactions;339.735;2017-03-01;MAR 2017;Telecommunication :  Number of Transactions
Monthly;2017;MAY;;Telecommunication;Number of Transactions;360.087;2017-05-01;MAY 2017;Telecommunication :  Number of Transactions
Monthly;2017;AUG;;Telecommunication;Sales;169261.77028;2017-08-01;AUG 2017;Telecommunication :  Sales
Monthly;2017;SEP;;Telecommunication;Sales;121648.0349;2017-09-01;SEP 2017;Telecommunication :  Sales
Monthly;2017;OCT;;Telecommunication;Sales;159811.1486;2017-10-01;OCT 2017;Telecommunication :  Sales
Monthly;2017;NOV;;Telecommunication;Sales;186678.9378;2017-11-01;NOV 2017;Telecommunication :  Sales
Monthly;2017;DEC;;Education;Number of Transactions;160.619;2017-12-01;DEC 2017;Education :  Number of Transactions
Monthly;2017;MAR;;Education;Sales;447250.415609999;2017-03-01;MAR 2017;Education :  Sales
Monthly;2017;APR;;Education;Sales;438878.022479999;2017-04-01;APR 2017;Education :  Sales
Monthly;2017;AUG;;Education;Sales;256047.936;2017-08-01;AUG 2017;Education :  Sales
Monthly;2017;NOV;;Education;Sales;411624.6855;2017-11-01;NOV 2017;Education :  Sales
Monthly;2017;DEC;;Education;Sales;818294.882909996;2017-12-01;DEC 2017;Education :  Sales
Monthly;2017;MAY;;Public Utilities;Number of Transactions;384.963;2017-05-01;MAY 2017;Public Utilities :  Number of Transactions
Monthly;2017;OCT;;Public Utilities;Number of Transactions;351.317;2017-10-01;OCT 2017;Public Utilities :  Number of Transactions
Monthly;2017;APR;;Public Utilities;Sales;152388.97988;2017-04-01;APR 2017;Public Utilities :  Sales
Monthly;2017;AUG;;Public Utilities;Sales;255379.88292;2017-08-01;AUG 2017;Public Utilities :  Sales
Monthly;2017;NOV;;Public Utilities;Sales;261556.7437;2017-11-01;NOV 2017;Public Utilities :  Sales
Monthly;2017;OCT;;Others;Number of Transactions;6382.154;2017-10-01;OCT 2017;Others :  Number of Transactions
Monthly;2017;FEB;;Others;Sales;1140794.29492017;2017-02-01;FEB 2017;Others :  Sales
Monthly;2017;JUN;;Others;Sales;1348876.1034598;2017-06-01;JUN 2017;Others :  Sales
Monthly;2017;OCT;;Others;Sales;1310026.4154001;2017-10-01;OCT 2017;Others :  Sales
Monthly;2017;NOV;;Others;Sales;1290160.8476801;2017-11-01;NOV 2017;Others :  Sales
Monthly;2017;MAY;;Total;Number of Transactions;61152.539;2017-05-01;MAY 2017;Total :  Number of Transactions
Monthly;2017;JUN;;Total;Number of Transactions;60737.403;2017-06-01;JUN 2017;Total :  Number of Transactions
Monthly;2017;JAN;;Total;Sales;15754351.635;2017-01-01;JAN 2017;Total :  Sales
Monthly;2017;JUN;;Total;Sales;18075795.768;2017-06-01;JUN 2017;Total :  Sales
Annually;2017;;;Health;Sales;18477301.2458499;2017-01-01;2017;Health :  Sales
Annually;2017;;;Restaurants & Café;Sales;12921687.2180497;2017-01-01;2017;Restaurants & Café :  Sales
Annually;2017;;;Hotels;Sales;6557871.54462995;2017-01-01;2017;Hotels :  Sales
Annually;2017;;;Beverage and Food;Number of Transactions;171956.988;2017-01-01;2017;Beverage and Food :  Number of Transactions
Annually;2017;;;Total;Number of Transactions;708119.183;2017-01-01;2017;Total :  Number of Transactions
Quarterly;2017;;Q2;Transportation;Number of Transactions;3956.371;2017-04-01;Q2 2017;Transportation :  Number of Transactions
Quarterly;2017;;Q1;Health;Number of Transactions;23827.168;2017-01-01;Q1 2017;Health :  Number of Transactions
Quarterly;2017;;Q2;Health;Number of Transactions;25144.462;2017-04-01;Q2 2017;Health :  Number of Transactions
Quarterly;2017;;Q2;Health;Sales;4556721.52610998;2017-04-01;Q2 2017;Health :  Sales
Quarterly;2017;;Q3;Health;Sales;4481528.01242;2017-07-01;Q3 2017;Health :  Sales
Quarterly;2017;;Q1;Restaurants & Café;Sales;2896874.04743994;2017-01-01;Q1 2017;Restaurants & Café :  Sales
Quarterly;2017;;Q3;Clothing and Footwear;Number of Transactions;23244.785;2017-07-01;Q3 2017;Clothing and Footwear :  Number of Transactions
Quarterly;2017;;Q4;Clothing and Footwear;Number of Transactions;24024.7;2017-10-01;Q4 2017;Clothing and Footwear :  Number of Transactions
Quarterly;2017;;Q2;Recreation and Culture;Number of Transactions;6019.826;2017-04-01;Q2 2017;Recreation and Culture :  Number of Transactions
Quarterly;2017;;Q1;Recreation and Culture;Sales;1816091.04889;2017-01-01;Q1 2017;Recreation and Culture :  Sales
Quarterly;2017;;Q3;Recreation and Culture;Sales;1912569.96081;2017-07-01;Q3 2017;Recreation and Culture :  Sales
Quarterly;2017;;Q1;Miscellaneous Goods and Services;Number of Transactions;6749.429;2017-01-01;Q1 2017;Miscellaneous Goods and Services :  Number of Transactions
Quarterly;2017;;Q4;Electronic & Electric Devices;Number of Transactions;3868.958;2017-10-01;Q4 2017;Electronic & Electric Devices :  Number of Transactions
Quarterly;2017;;Q4;Electronic & Electric Devices;Sales;2676292.74359997;2017-10-01;Q4 2017;Electronic & Electric Devices :  Sales
Quarterly;2017;;Q1;Construction & Building Materials;Number of Transactions;1683.515;2017-01-01;Q1 2017;Construction & Building Materials :  Number of Transactions
Quarterly;2017;;Q2;Jewelry;Number of Transactions;2253.436;2017-04-01;Q2 2017;Jewelry :  Number of Transactions
Quarterly;2017;;Q4;Telecommunication;Number of Transactions;1127.78;2017-10-01;Q4 2017;Telecommunication :  Number of Transactions
Quarterly;2017;;Q3;Education;Sales;1793016.55583;2017-07-01;Q3 2017;Education :  Sales
Quarterly;2017;;Q4;Education;Sales;1741291.31841;2017-10-01;Q4 2017;Education :  Sales
Quarterly;2017;;Q1;Public Utilities;Number of Transactions;926.953;2017-01-01;Q1 2017;Public Utilities :  Number of Transactions
Quarterly;2017;;Q2;Others;Number of Transactions;14215.212;2017-04-01;Q2 2017;Others :  Number of Transactions
Quarterly;2017;;Q1;Others;Sales;3747545.04173063;2017-01-01;Q1 2017;Others :  Sales
Monthly;2017;SEP;;Transportation;Number of Transactions;1124.791;2017-09-01;SEP 2017;Transportation :  Number of Transactions
Monthly;2017;NOV;;Transportation;Number of Transactions;1348.743;2017-11-01;NOV 2017;Transportation :  Number of Transactions
Monthly;2017;AUG;;Transportation;Sales;1679047.83720999;2017-08-01;AUG 2017;Transportation :  Sales
Monthly;2017;SEP;;Transportation;Sales;1133823.5504;2017-09-01;SEP 2017;Transportation :  Sales
Monthly;2017;MAR;;Health;Number of Transactions;8820.154;2017-03-01;MAR 2017;Health :  Number of Transactions
Monthly;2017;DEC;;Health;Number of Transactions;9975.985;2017-12-01;DEC 2017;Health :  Number of Transactions
Monthly;2017;APR;;Health;Sales;1531392.78239999;2017-04-01;APR 2017;Health :  Sales
Monthly;2017;AUG;;Health;Sales;1613452.50623;2017-08-01;AUG 2017;Health :  Sales
Monthly;2017;NOV;;Restaurants & Café;Number of Transactions;14672.151;2017-11-01;NOV 2017;Restaurants & Café :  Number of Transactions
Monthly;2017;JUN;;Restaurants & Café;Sales;1048395.70862998;2017-06-01;JUN 2017;Restaurants & Café :  Sales
Monthly;2017;SEP;;Restaurants & Café;Sales;1056967.80598997;2017-09-01;SEP 2017;Restaurants & Café :  Sales
Monthly;2017;NOV;;Restaurants & Café;Sales;1176031.21540997;2017-11-01;NOV 2017;Restaurants & Café :  Sales
Monthly;2017;MAR;;Hotels;Number of Transactions;688.288;2017-03-01;MAR 2017;Hotels :  Number of Transactions
Monthly;2017;JUN;;Hotels;Number of Transactions;689.691;2017-06-01;JUN 2017;Hotels :  Number of Transactions
Monthly;2017;JUL;;Hotels;Number of Transactions;730.914;2017-07-01;JUL 2017;Hotels :  Number of Transactions
Monthly;2017;AUG;;Hotels;Number of Transactions;681.017;2017-08-01;AUG 2017;Hotels :  Number of Transactions
Monthly;2017;NOV;;Hotels;Number of Transactions;657.894;2017-11-01;NOV 2017;Hotels :  Number of Transactions
Monthly;2017;MAY;;Hotels;Sales;603313.613559995;2017-05-01;MAY 2017;Hotels :  Sales
Monthly;2017;JUN;;Hotels;Sales;767988.746409994;2017-06-01;JUN 2017;Hotels :  Sales
Monthly;2017;NOV;;Hotels;Sales;492230.446259997;2017-11-01;NOV 2017;Hotels :  Sales
Monthly;2017;JAN;;Beverage and Food;Number of Transactions;12099.54;2017-01-01;JAN 2017;Beverage and Food :  Number of Transactions
Monthly;2017;JAN;;Beverage and Food;Sales;1785648.11303998;2017-01-01;JAN 2017;Beverage and Food :  Sales
Monthly;2017;MAY;;Beverage and Food;Sales;2635738.24781999;2017-05-01;MAY 2017;Beverage and Food :  Sales
Monthly;2017;OCT;;Beverage and Food;Sales;2151413.75;2017-10-01;OCT 2017;Beverage and Food :  Sales
Monthly;2017;FEB;;Clothing and Footwear;Number of Transactions;6082.375;2017-02-01;FEB 2017;Clothing and Footwear :  Number of Transactions
Monthly;2017;SEP;;Clothing and Footwear;Number of Transactions;6854.008;2017-09-01;SEP 2017;Clothing and Footwear :  Number of Transactions
Monthly;2017;JAN;;Clothing and Footwear;Sales;2056422.8370299;2017-01-01;JAN 2017;Clothing and Footwear :  Sales
Monthly;2017;FEB;;Clothing and Footwear;Sales;1612597.18955992;2017-02-01;FEB 2017;Clothing and Footwear :  Sales
Monthly;2017;MAR;;Clothing and Footwear;Sales;2013365.07104991;2017-03-01;MAR 2017;Clothing and Footwear :  Sales
Monthly;2017;MAY;;Clothing and Footwear;Sales;2456327.75462;2017-05-01;MAY 2017;Clothing and Footwear :  Sales
Monthly;2017;JUN;;Clothing and Footwear;Sales;3792539.40155028;2017-06-01;JUN 2017;Clothing and Footwear :  Sales
Monthly;2017;NOV;;Clothing and Footwear;Sales;2049319.341;2017-11-01;NOV 2017;Clothing and Footwear :  Sales
Monthly;2017;FEB;;Recreation and Culture;Number of Transactions;1748.725;2017-02-01;FEB 2017;Recreation and Culture :  Number of Transactions
Monthly;2017;MAR;;Recreation and Culture;Number of Transactions;1770.424;2017-03-01;MAR 2017;Recreation and Culture :  Number of Transactions
Monthly;2017;DEC;;Recreation and Culture;Number of Transactions;2329.316;2017-12-01;DEC 2017;Recreation and Culture :  Number of Transactions
Monthly;2017;MAR;;Recreation and Culture;Sales;595944.314109998;2017-03-01;MAR 2017;Recreation and Culture :  Sales
Monthly;2017;APR;;Recreation and Culture;Sales;551354.12413;2017-04-01;APR 2017;Recreation and Culture :  Sales
Monthly;2017;MAY;;Recreation and Culture;Sales;757594.549749995;2017-05-01;MAY 2017;Recreation and Culture :  Sales
Monthly;2017;JUN;;Recreation and Culture;Sales;830211.280489995;2017-06-01;JUN 2017;Recreation and Culture :  Sales
Monthly;2017;NOV;;Recreation and Culture;Sales;732411.9626;2017-11-01;NOV 2017;Recreation and Culture :  Sales
Monthly;2017;DEC;;Recreation and Culture;Sales;870885.404799998;2017-12-01;DEC 2017;Recreation and Culture :  Sales
Monthly;2017;APR;;Miscellaneous Goods and Services;Number of Transactions;2249.743;2017-04-01;APR 2017;Miscellaneous Goods and Services :  Number of Transactions
Monthly;2017;MAR;;Miscellaneous Goods and Services;Sales;1490827.95158998;2017-03-01;MAR 2017;Miscellaneous Goods and Services :  Sales
Monthly;2017;MAY;;Miscellaneous Goods and Services;Sales;1683747.37736998;2017-05-01;MAY 2017;Miscellaneous Goods and Services :  Sales
Monthly;2017;JUN;;Electronic & Electric Devices;Number of Transactions;1009.316;2017-06-01;JUN 2017;Electronic & Electric Devices :  Number of Transactions
Monthly;2017;JUL;;Electronic & Electric Devices;Number of Transactions;1070.272;2017-07-01;JUL 2017;Electronic & Electric Devices :  Number of Transactions
Monthly;2017;OCT;;Electronic & Electric Devices;Number of Transactions;1218.954;2017-10-01;OCT 2017;Electronic & Electric Devices :  Number of Transactions
Monthly;2017;JAN;;Electronic & Electric Devices;Sales;786050.735839987;2017-01-01;JAN 2017;Electronic & Electric Devices :  Sales
Monthly;2017;MAY;;Electronic & Electric Devices;Sales;1014775.43079999;2017-05-01;MAY 2017;Electronic & Electric Devices :  Sales
Monthly;2017;JUN;;Furniture;Number of Transactions;756.896;2017-06-01;JUN 2017;Furniture :  Number of Transactions
Monthly;2017;AUG;;Furniture;Sales;692413.555029993;2017-08-01;AUG 2017;Furniture :  Sales
Monthly;2017;NOV;;Furniture;Sales;752892.983169994;2017-11-01;NOV 2017;Furniture :  Sales
Monthly;2017;JAN;;Construction & Building Materials;Number of Transactions;558.508;2017-01-01;JAN 2017;Construction & Building Materials :  Number of Transactions
Monthly;2017;JUN;;Construction & Building Materials;Number of Transactions;463.675;2017-06-01;JUN 2017;Construction & Building Materials :  Number of Transactions
Monthly;2017;MAY;;Jewelry;Number of Transactions;675.531;2017-05-01;MAY 2017;Jewelry :  Number of Transactions
Monthly;2017;JUN;;Jewelry;Number of Transactions;1027.917;2017-06-01;JUN 2017;Jewelry :  Number of Transactions
Monthly;2017;NOV;;Jewelry;Number of Transactions;460.516;2017-11-01;NOV 2017;Jewelry :  Number of Transactions
Monthly;2017;DEC;;Jewelry;Number of Transactions;578.429;2017-12-01;DEC 2017;Jewelry :  Number of Transactions
Monthly;2017;FEB;;Jewelry;Sales;801153.876119988;2017-02-01;FEB 2017;Jewelry :  Sales
Monthly;2017;MAY;;Jewelry;Sales;1056174.71018998;2017-05-01;MAY 2017;Jewelry :  Sales
Monthly;2017;JUN;;Jewelry;Sales;1618662.75529998;2017-06-01;JUN 2017;Jewelry :  Sales
Monthly;2017;OCT;;Jewelry;Sales;775608.567979989;2017-10-01;OCT 2017;Jewelry :  Sales
Monthly;2017;NOV;;Jewelry;Sales;777533.77518999;2017-11-01;NOV 2017;Jewelry :  Sales
Monthly;2017;DEC;;Jewelry;Sales;1210318.35394998;2017-12-01;DEC 2017;Jewelry :  Sales
Monthly;2017;JUN;;Telecommunication;Number of Transactions;306.775;2017-06-01;JUN 2017;Telecommunication :  Number of Transactions
Monthly;2017;DEC;;Telecommunication;Number of Transactions;399.058;2017-12-01;DEC 2017;Telecommunication :  Number of Transactions
Monthly;2017;JAN;;Telecommunication;Sales;197940.63284;2017-01-01;JAN 2017;Telecommunication :  Sales
Monthly;2017;MAR;;Telecommunication;Sales;169643.17778;2017-03-01;MAR 2017;Telecommunication :  Sales
Monthly;2017;JUN;;Telecommunication;Sales;183437.22205;2017-06-01;JUN 2017;Telecommunication :  Sales
Monthly;2017;DEC;;Telecommunication;Sales;203438.33967;2017-12-01;DEC 2017;Telecommunication :  Sales
Monthly;2017;SEP;;Education;Number of Transactions;258.124;2017-09-01;SEP 2017;Education :  Number of Transactions
Monthly;2017;JUL;;Public Utilities;Sales;230824.00009;2017-07-01;JUL 2017;Public Utilities :  Sales
Monthly;2017;OCT;;Public Utilities;Sales;277621.7601;2017-10-01;OCT 2017;Public Utilities :  Sales
Monthly;2017;JUN;;Others;Number of Transactions;6346.657;2017-06-01;JUN 2017;Others :  Number of Transactions
Monthly;2017;SEP;;Others;Number of Transactions;5736.953;2017-09-01;SEP 2017;Others :  Number of Transactions
Monthly;2017;FEB;;Total;Number of Transactions;47419.526;2017-02-01;FEB 2017;Total :  Number of Transactions
Monthly;2017;MAR;;Total;Number of Transactions;55266.126;2017-03-01;MAR 2017;Total :  Number of Transactions
Monthly;2017;JUL;;Total;Number of Transactions;54433.195;2017-07-01;JUL 2017;Total :  Number of Transactions
Monthly;2017;SEP;;Total;Number of Transactions;56276.077;2017-09-01;SEP 2017;Total :  Number of Transactions
Monthly;2017;OCT;;Total;Number of Transactions;64271.048;2017-10-01;OCT 2017;Total :  Number of Transactions
Monthly;2017;DEC;;Total;Number of Transactions;72175.327;2017-12-01;DEC 2017;Total :  Number of Transactions
Monthly;2017;FEB;;Total;Sales;14159895.255;2017-02-01;FEB 2017;Total :  Sales
Monthly;2017;MAR;;Total;Sales;16312754.394;2017-03-01;MAR 2017;Total :  Sales
Monthly;2017;APR;;Total;Sales;16471483.576;2017-04-01;APR 2017;Total :  Sales
Monthly;2017;DEC;;Total;Sales;20217022.0;2017-12-01;DEC 2017;Total :  Sales
Annually;2017;;;Transportation;Sales;17557684.7466399;2017-01-01;2017;Transportation :  Sales
Annually;2017;;;Recreation and Culture;Number of Transactions;23516.371;2017-01-01;2017;Recreation and Culture :  Number of Transactions
Annually;2017;;;Furniture;Sales;8321668.16097992;2017-01-01;2017;Furniture :  Sales
Annually;2017;;;Education;Sales;6277652.90584999;2017-01-01;2017;Education :  Sales
Annually;2017;;;Others;Sales;16144465.1003315;2017-01-01;2017;Others :  Sales
Quarterly;2017;;Q4;Transportation;Number of Transactions;4209.761;2017-10-01;Q4 2017;Transportation :  Number of Transactions
Quarterly;2017;;Q2;Transportation;Sales;4428062.00913998;2017-04-01;Q2 2017;Transportation :  Sales
Quarterly;2017;;Q3;Transportation;Sales;4487408.69631999;2017-07-01;Q3 2017;Transportation :  Sales
Quarterly;2017;;Q1;Health;Sales;4437746.32223997;2017-01-01;Q1 2017;Health :  Sales
Quarterly;2017;;Q1;Restaurants & Café;Number of Transactions;29746.368;2017-01-01;Q1 2017;Restaurants & Café :  Number of Transactions
Quarterly;2017;;Q2;Restaurants & Café;Number of Transactions;31954.201;2017-04-01;Q2 2017;Restaurants & Café :  Number of Transactions
Quarterly;2017;;Q3;Restaurants & Café;Sales;3293464.90329991;2017-07-01;Q3 2017;Restaurants & Café :  Sales
Quarterly;2017;;Q4;Restaurants & Café;Sales;3627403.59001989;2017-10-01;Q4 2017;Restaurants & Café :  Sales
Quarterly;2017;;Q3;Hotels;Number of Transactions;2008.855;2017-07-01;Q3 2017;Hotels :  Number of Transactions
Quarterly;2017;;Q4;Hotels;Number of Transactions;2018.896;2017-10-01;Q4 2017;Hotels :  Number of Transactions
Quarterly;2017;;Q3;Hotels;Sales;1460556.73899999;2017-07-01;Q3 2017;Hotels :  Sales
Quarterly;2017;;Q4;Hotels;Sales;1542059.11724999;2017-10-01;Q4 2017;Hotels :  Sales
Quarterly;2017;;Q2;Beverage and Food;Number of Transactions;43489.956;2017-04-01;Q2 2017;Beverage and Food :  Number of Transactions
Quarterly;2017;;Q3;Beverage and Food;Number of Transactions;41904.354;2017-07-01;Q3 2017;Beverage and Food :  Number of Transactions
Quarterly;2017;;Q4;Beverage and Food;Number of Transactions;48898.472;2017-10-01;Q4 2017;Beverage and Food :  Number of Transactions
Quarterly;2017;;Q4;Recreation and Culture;Number of Transactions;6915.474;2017-10-01;Q4 2017;Recreation and Culture :  Number of Transactions
Quarterly;2017;;Q4;Miscellaneous Goods and Services;Sales;5455054.05627992;2017-10-01;Q4 2017;Miscellaneous Goods and Services :  Sales
Quarterly;2017;;Q1;Electronic & Electric Devices;Number of Transactions;3069.442;2017-01-01;Q1 2017;Electronic & Electric Devices :  Number of Transactions
Quarterly;2017;;Q1;Furniture;Number of Transactions;2023.587;2017-01-01;Q1 2017;Furniture :  Number of Transactions
Quarterly;2017;;Q4;Furniture;Number of Transactions;2786.576;2017-10-01;Q4 2017;Furniture :  Number of Transactions
Quarterly;2017;;Q1;Furniture;Sales;1832507.44066998;2017-01-01;Q1 2017;Furniture :  Sales
Quarterly;2017;;Q3;Furniture;Sales;1895953.22069998;2017-07-01;Q3 2017;Furniture :  Sales
Quarterly;2017;;Q3;Construction & Building Materials;Number of Transactions;1699.967;2017-07-01;Q3 2017;Construction & Building Materials :  Number of Transactions
Quarterly;2017;;Q3;Construction & Building Materials;Sales;2424204.53315998;2017-07-01;Q3 2017;Construction & Building Materials :  Sales
Quarterly;2017;;Q4;Construction & Building Materials;Sales;3042767.15732996;2017-10-01;Q4 2017;Construction & Building Materials :  Sales
Quarterly;2017;;Q3;Jewelry;Sales;2484027.30350997;2017-07-01;Q3 2017;Jewelry :  Sales
Quarterly;2017;;Q1;Telecommunication;Number of Transactions;971.015;2017-01-01;Q1 2017;Telecommunication :  Number of Transactions
Quarterly;2017;;Q4;Telecommunication;Sales;549928.42607;2017-10-01;Q4 2017;Telecommunication :  Sales
Quarterly;2017;;Q2;Education;Sales;1180886.85928;2017-04-01;Q2 2017;Education :  Sales
Quarterly;2017;;Q4;Others;Number of Transactions;20031.126;2017-10-01;Q4 2017;Others :  Number of Transactions
Quarterly;2017;;Q2;Total;Number of Transactions;177356.272;2017-04-01;Q2 2017;Total :  Number of Transactions
Quarterly;2017;;Q3;Total;Sales;47336078.62;2017-07-01;Q3 2017;Total :  Sales
Monthly;2017;FEB;;Transportation;Number of Transactions;1097.122;2017-02-01;FEB 2017;Transportation :  Number of Transactions
Monthly;2017;APR;;Transportation;Number of Transactions;1355.986;2017-04-01;APR 2017;Transportation :  Number of Transactions
Monthly;2017;OCT;;Transportation;Number of Transactions;1422.328;2017-10-01;OCT 2017;Transportation :  Number of Transactions
Monthly;2017;JAN;;Transportation;Sales;1438214.09385999;2017-01-01;JAN 2017;Transportation :  Sales
Monthly;2017;APR;;Health;Number of Transactions;8544.055;2017-04-01;APR 2017;Health :  Number of Transactions
Monthly;2017;OCT;;Health;Number of Transactions;9814.568;2017-10-01;OCT 2017;Health :  Number of Transactions
Monthly;2017;NOV;;Health;Number of Transactions;9543.534;2017-11-01;NOV 2017;Health :  Number of Transactions
Monthly;2017;MAR;;Health;Sales;1577476.98054999;2017-03-01;MAR 2017;Health :  Sales
Monthly;2017;JUN;;Health;Sales;1473113.00162;2017-06-01;JUN 2017;Health :  Sales
Monthly;2017;OCT;;Health;Sales;1688109.452;2017-10-01;OCT 2017;Health :  Sales
Monthly;2017;JAN;;Restaurants & Café;Number of Transactions;9544.688;2017-01-01;JAN 2017;Restaurants & Café :  Number of Transactions
Monthly;2017;FEB;;Restaurants & Café;Number of Transactions;8910.609;2017-02-01;FEB 2017;Restaurants & Café :  Number of Transactions
Monthly;2017;APR;;Restaurants & Café;Number of Transactions;11245.77;2017-04-01;APR 2017;Restaurants & Café :  Number of Transactions
Monthly;2017;MAY;;Restaurants & Café;Number of Transactions;11584.545;2017-05-01;MAY 2017;Restaurants & Café :  Number of Transactions
Monthly;2017;MAY;;Restaurants & Café;Sales;1033788.83956998;2017-05-01;MAY 2017;Restaurants & Café :  Sales
Monthly;2017;APR;;Hotels;Number of Transactions;747.302;2017-04-01;APR 2017;Hotels :  Number of Transactions
Monthly;2017;FEB;;Beverage and Food;Number of Transactions;11713.221;2017-02-01;FEB 2017;Beverage and Food :  Number of Transactions
Monthly;2017;MAY;;Beverage and Food;Number of Transactions;16397.947;2017-05-01;MAY 2017;Beverage and Food :  Number of Transactions
Monthly;2017;JUL;;Beverage and Food;Number of Transactions;13309.75;2017-07-01;JUL 2017;Beverage and Food :  Number of Transactions
Monthly;2017;MAR;;Beverage and Food;Sales;1932238.76700999;2017-03-01;MAR 2017;Beverage and Food :  Sales
Monthly;2017;AUG;;Beverage and Food;Sales;1967830.52019999;2017-08-01;AUG 2017;Beverage and Food :  Sales
Monthly;2017;DEC;;Beverage and Food;Sales;2330862.43406998;2017-12-01;DEC 2017;Beverage and Food :  Sales
Monthly;2017;MAR;;Clothing and Footwear;Number of Transactions;7692.206;2017-03-01;MAR 2017;Clothing and Footwear :  Number of Transactions
Monthly;2017;APR;;Clothing and Footwear;Number of Transactions;8470.833;2017-04-01;APR 2017;Clothing and Footwear :  Number of Transactions
Monthly;2017;JUN;;Clothing and Footwear;Number of Transactions;13114.319;2017-06-01;JUN 2017;Clothing and Footwear :  Number of Transactions
Monthly;2017;JUL;;Clothing and Footwear;Number of Transactions;6912.814;2017-07-01;JUL 2017;Clothing and Footwear :  Number of Transactions
Monthly;2017;AUG;;Clothing and Footwear;Number of Transactions;9477.963;2017-08-01;AUG 2017;Clothing and Footwear :  Number of Transactions
Monthly;2017;JAN;;Recreation and Culture;Sales;629868.574179997;2017-01-01;JAN 2017;Recreation and Culture :  Sales
Monthly;2017;AUG;;Recreation and Culture;Sales;626434.125929998;2017-08-01;AUG 2017;Recreation and Culture :  Sales
Monthly;2017;SEP;;Recreation and Culture;Sales;782779.4038;2017-09-01;SEP 2017;Recreation and Culture :  Sales
Monthly;2017;MAR;;Miscellaneous Goods and Services;Number of Transactions;2350.13;2017-03-01;MAR 2017;Miscellaneous Goods and Services :  Number of Transactions
Monthly;2017;MAY;;Miscellaneous Goods and Services;Number of Transactions;2611.307;2017-05-01;MAY 2017;Miscellaneous Goods and Services :  Number of Transactions
Monthly;2017;JUN;;Miscellaneous Goods and Services;Number of Transactions;2826.437;2017-06-01;JUN 2017;Miscellaneous Goods and Services :  Number of Transactions
Monthly;2017;JUL;;Miscellaneous Goods and Services;Number of Transactions;2423.579;2017-07-01;JUL 2017;Miscellaneous Goods and Services :  Number of Transactions
Monthly;2017;SEP;;Miscellaneous Goods and Services;Number of Transactions;2563.511;2017-09-01;SEP 2017;Miscellaneous Goods and Services :  Number of Transactions
Monthly;2017;DEC;;Miscellaneous Goods and Services;Number of Transactions;3311.252;2017-12-01;DEC 2017;Miscellaneous Goods and Services :  Number of Transactions
Monthly;2017;JUN;;Miscellaneous Goods and Services;Sales;1618264.86289999;2017-06-01;JUN 2017;Miscellaneous Goods and Services :  Sales
Monthly;2017;AUG;;Electronic & Electric Devices;Number of Transactions;1202.264;2017-08-01;AUG 2017;Electronic & Electric Devices :  Number of Transactions
Monthly;2017;NOV;;Electronic & Electric Devices;Number of Transactions;1311.058;2017-11-01;NOV 2017;Electronic & Electric Devices :  Number of Transactions
Monthly;2017;JAN;;Furniture;Number of Transactions;735.032;2017-01-01;JAN 2017;Furniture :  Number of Transactions
Monthly;2017;AUG;;Furniture;Number of Transactions;791.389;2017-08-01;AUG 2017;Furniture :  Number of Transactions
Monthly;2017;DEC;;Furniture;Number of Transactions;1077.254;2017-12-01;DEC 2017;Furniture :  Number of Transactions
Monthly;2017;APR;;Furniture;Sales;688699.070489993;2017-04-01;APR 2017;Furniture :  Sales
Monthly;2017;JUN;;Furniture;Sales;629108.559589995;2017-06-01;JUN 2017;Furniture :  Sales
Monthly;2017;JUL;;Furniture;Sales;639540.576529996;2017-07-01;JUL 2017;Furniture :  Sales
Monthly;2017;OCT;;Furniture;Sales;687909.620799992;2017-10-01;OCT 2017;Furniture :  Sales
Monthly;2017;MAR;;Construction & Building Materials;Number of Transactions;620.07;2017-03-01;MAR 2017;Construction & Building Materials :  Number of Transactions
Monthly;2017;APR;;Construction & Building Materials;Number of Transactions;654.65;2017-04-01;APR 2017;Construction & Building Materials :  Number of Transactions
Monthly;2017;MAY;;Construction & Building Materials;Number of Transactions;700.556;2017-05-01;MAY 2017;Construction & Building Materials :  Number of Transactions
Monthly;2017;JUL;;Construction & Building Materials;Number of Transactions;567.841;2017-07-01;JUL 2017;Construction & Building Materials :  Number of Transactions
Monthly;2017;APR;;Construction & Building Materials;Sales;1034236.51263999;2017-04-01;APR 2017;Construction & Building Materials :  Sales
Monthly;2017;JUN;;Construction & Building Materials;Sales;525903.551769998;2017-06-01;JUN 2017;Construction & Building Materials :  Sales
Monthly;2017;SEP;;Construction & Building Materials;Sales;694420.494429993;2017-09-01;SEP 2017;Construction & Building Materials :  Sales
Monthly;2017;DEC;;Construction & Building Materials;Sales;1236178.11863998;2017-12-01;DEC 2017;Construction & Building Materials :  Sales
Monthly;2017;MAR;;Jewelry;Number of Transactions;632.525;2017-03-01;MAR 2017;Jewelry :  Number of Transactions
Monthly;2017;SEP;;Jewelry;Number of Transactions;401.251;2017-09-01;SEP 2017;Jewelry :  Number of Transactions
Monthly;2017;OCT;;Jewelry;Number of Transactions;446.041;2017-10-01;OCT 2017;Jewelry :  Number of Transactions
Monthly;2017;JAN;;Jewelry;Sales;1001591.55869998;2017-01-01;JAN 2017;Jewelry :  Sales
Monthly;2017;APR;;Jewelry;Sales;926038.374089986;2017-04-01;APR 2017;Jewelry :  Sales
Monthly;2017;JUL;;Jewelry;Sales;895011.933559989;2017-07-01;JUL 2017;Jewelry :  Sales
Monthly;2017;FEB;;Telecommunication;Number of Transactions;290.898;2017-02-01;FEB 2017;Telecommunication :  Number of Transactions
Monthly;2017;AUG;;Telecommunication;Number of Transactions;354.084;2017-08-01;AUG 2017;Telecommunication :  Number of Transactions
Monthly;2017;SEP;;Telecommunication;Number of Transactions;286.14;2017-09-01;SEP 2017;Telecommunication :  Number of Transactions
Monthly;2017;OCT;;Telecommunication;Number of Transactions;362.169;2017-10-01;OCT 2017;Telecommunication :  Number of Transactions
Monthly;2017;FEB;;Telecommunication;Sales;163205.68769;2017-02-01;FEB 2017;Telecommunication :  Sales
Monthly;2017;JAN;;Education;Number of Transactions;98.159;2017-01-01;JAN 2017;Education :  Number of Transactions
Monthly;2017;FEB;;Education;Number of Transactions;150.175;2017-02-01;FEB 2017;Education :  Number of Transactions
Monthly;2017;MAR;;Education;Number of Transactions;127.091;2017-03-01;MAR 2017;Education :  Number of Transactions
Monthly;2017;MAY;;Education;Number of Transactions;144.929;2017-05-01;MAY 2017;Education :  Number of Transactions
Monthly;2017;JUL;;Education;Number of Transactions;57.659;2017-07-01;JUL 2017;Education :  Number of Transactions
Monthly;2017;OCT;;Education;Number of Transactions;141.897;2017-10-01;OCT 2017;Education :  Number of Transactions
Monthly;2017;JUN;;Education;Sales;119852.57414;2017-06-01;JUN 2017;Education :  Sales
Monthly;2017;SEP;;Education;Sales;1407826.577;2017-09-01;SEP 2017;Education :  Sales
Monthly;2017;FEB;;Public Utilities;Number of Transactions;279.644;2017-02-01;FEB 2017;Public Utilities :  Number of Transactions
Monthly;2017;DEC;;Public Utilities;Number of Transactions;384.995;2017-12-01;DEC 2017;Public Utilities :  Number of Transactions
Monthly;2017;JAN;;Public Utilities;Sales;143962.59047;2017-01-01;JAN 2017;Public Utilities :  Sales
Monthly;2017;DEC;;Public Utilities;Sales;300164.13018;2017-12-01;DEC 2017;Public Utilities :  Sales
Monthly;2017;FEB;;Others;Number of Transactions;4895.135;2017-02-01;FEB 2017;Others :  Number of Transactions
Monthly;2017;MAR;;Others;Number of Transactions;3499.616;2017-03-01;MAR 2017;Others :  Number of Transactions
Monthly;2017;APR;;Others;Number of Transactions;3517.002;2017-04-01;APR 2017;Others :  Number of Transactions
Monthly;2017;MAY;;Others;Number of Transactions;4351.553;2017-05-01;MAY 2017;Others :  Number of Transactions
Monthly;2017;JAN;;Others;Sales;1277546.93051025;2017-01-01;JAN 2017;Others :  Sales
Monthly;2017;MAR;;Others;Sales;1329203.81630021;2017-03-01;MAR 2017;Others :  Sales
Monthly;2017;DEC;;Others;Sales;1602995.70371016;2017-12-01;DEC 2017;Others :  Sales
Monthly;2017;APR;;Total;Number of Transactions;55466.33;2017-04-01;APR 2017;Total :  Number of Transactions
Monthly;2017;MAY;;Total;Sales;18857800.189;2017-05-01;MAY 2017;Total :  Sales
Monthly;2017;SEP;;Total;Sales;15122606.907;2017-09-01;SEP 2017;Total :  Sales
Monthly;2017;NOV;;Total;Sales;16835678.0;2017-11-01;NOV 2017;Total :  Sales
Annually;2016;;;Transportation;Number of Transactions;13396.65;2016-01-01;2016;Transportation :  Number of Transactions
Annually;2016;;;Transportation;Sales;17566427.26299;2016-01-01;2016;Transportation :  Sales
Annually;2016;;;Hotels;Number of Transactions;6521.283;2016-01-01;2016;Hotels :  Number of Transactions
Annually;2016;;;Clothing and Footwear;Number of Transactions;86329.808;2016-01-01;2016;Clothing and Footwear :  Number of Transactions
Annually;2016;;;Clothing and Footwear;Sales;26132160.5588596;2016-01-01;2016;Clothing and Footwear :  Sales
Annually;2016;;;Recreation and Culture;Number of Transactions;16327.193;2016-01-01;2016;Recreation and Culture :  Number of Transactions
Annually;2016;;;Jewelry;Sales;11484227.3328098;2016-01-01;2016;Jewelry :  Sales
Quarterly;2016;;Q3;Transportation;Sales;4260480.92029999;2016-07-01;Q3 2016;Transportation :  Sales
Quarterly;2016;;Q4;Transportation;Sales;4022622.61133;2016-10-01;Q4 2016;Transportation :  Sales
Quarterly;2016;;Q1;Beverage and Food;Number of Transactions;28192.584;2016-01-01;Q1 2016;Beverage and Food :  Number of Transactions
Quarterly;2016;;Q2;Beverage and Food;Number of Transactions;33139.204;2016-04-01;Q2 2016;Beverage and Food :  Number of Transactions
Quarterly;2016;;Q3;Beverage and Food;Sales;4944112.09214998;2016-07-01;Q3 2016;Beverage and Food :  Sales
Quarterly;2016;;Q4;Clothing and Footwear;Number of Transactions;21215.205;2016-10-01;Q4 2016;Clothing and Footwear :  Number of Transactions
Quarterly;2016;;Q4;Recreation and Culture;Number of Transactions;4597.544;2016-10-01;Q4 2016;Recreation and Culture :  Number of Transactions
Quarterly;2016;;Q4;Miscellaneous Goods and Services;Number of Transactions;7370.601;2016-10-01;Q4 2016;Miscellaneous Goods and Services :  Number of Transactions
Quarterly;2016;;Q3;Electronic & Electric Devices;Sales;2245845.70204998;2016-07-01;Q3 2016;Electronic & Electric Devices :  Sales
Quarterly;2016;;Q3;Furniture;Number of Transactions;1739.567;2016-07-01;Q3 2016;Furniture :  Number of Transactions
Quarterly;2016;;Q4;Furniture;Sales;2004783.48721998;2016-10-01;Q4 2016;Furniture :  Sales
Quarterly;2016;;Q4;Construction & Building Materials;Sales;2693301.73450997;2016-10-01;Q4 2016;Construction & Building Materials :  Sales
Quarterly;2016;;Q3;Jewelry;Number of Transactions;1501.393;2016-07-01;Q3 2016;Jewelry :  Number of Transactions
Quarterly;2016;;Q4;Jewelry;Number of Transactions;1341.524;2016-10-01;Q4 2016;Jewelry :  Number of Transactions
Quarterly;2016;;Q4;Education;Number of Transactions;287.667;2016-10-01;Q4 2016;Education :  Number of Transactions
Quarterly;2016;;Q4;Public Utilities;Number of Transactions;879.862;2016-10-01;Q4 2016;Public Utilities :  Number of Transactions
Quarterly;2016;;Q4;Total;Number of Transactions;146830.094;2016-10-01;Q4 2016;Total :  Number of Transactions
Quarterly;2016;;Q2;Total;Sales;50718792.85;2016-04-01;Q2 2016;Total :  Sales
Monthly;2016;JUN;;Transportation;Number of Transactions;1222.881;2016-06-01;JUN 2016;Transportation :  Number of Transactions
Monthly;2016;DEC;;Transportation;Number of Transactions;1179.985;2016-12-01;DEC 2016;Transportation :  Number of Transactions
Monthly;2016;DEC;;Transportation;Sales;1364873.23334;2016-12-01;DEC 2016;Transportation :  Sales
Monthly;2016;MAY;;Health;Number of Transactions;6751.079;2016-05-01;MAY 2016;Health :  Number of Transactions
Monthly;2016;SEP;;Health;Number of Transactions;6210.585;2016-09-01;SEP 2016;Health :  Number of Transactions
Monthly;2016;OCT;;Health;Number of Transactions;7556.848;2016-10-01;OCT 2016;Health :  Number of Transactions
Monthly;2016;DEC;;Health;Number of Transactions;7771.392;2016-12-01;DEC 2016;Health :  Number of Transactions
Monthly;2016;MAY;;Health;Sales;1512705.14481;2016-05-01;MAY 2016;Health :  Sales
Monthly;2016;JUL;;Health;Sales;1184949.22338;2016-07-01;JUL 2016;Health :  Sales
Monthly;2016;JAN;;Restaurants & Café;Number of Transactions;5157.764;2016-01-01;JAN 2016;Restaurants & Café :  Number of Transactions
Monthly;2016;FEB;;Restaurants & Café;Number of Transactions;5189.208;2016-02-01;FEB 2016;Restaurants & Café :  Number of Transactions
Monthly;2016;SEP;;Restaurants & Café;Number of Transactions;6838.644;2016-09-01;SEP 2016;Restaurants & Café :  Number of Transactions
Monthly;2016;OCT;;Restaurants & Café;Number of Transactions;7466.213;2016-10-01;OCT 2016;Restaurants & Café :  Number of Transactions
Monthly;2016;OCT;;Restaurants & Café;Sales;764983.022759988;2016-10-01;OCT 2016;Restaurants & Café :  Sales
Monthly;2016;DEC;;Restaurants & Café;Sales;927071.010109979;2016-12-01;DEC 2016;Restaurants & Café :  Sales
Monthly;2016;MAR;;Hotels;Number of Transactions;585.918;2016-03-01;MAR 2016;Hotels :  Number of Transactions
Monthly;2016;APR;;Hotels;Number of Transactions;503.14;2016-04-01;APR 2016;Hotels :  Number of Transactions
Monthly;2016;MAY;;Hotels;Number of Transactions;551.938;2016-05-01;MAY 2016;Hotels :  Number of Transactions
Monthly;2016;JUN;;Hotels;Number of Transactions;569.206;2016-06-01;JUN 2016;Hotels :  Number of Transactions
Monthly;2016;JUL;;Hotels;Number of Transactions;581.24;2016-07-01;JUL 2016;Hotels :  Number of Transactions
Monthly;2016;SEP;;Hotels;Number of Transactions;460.635;2016-09-01;SEP 2016;Hotels :  Number of Transactions
Monthly;2016;OCT;;Hotels;Sales;491547.655749998;2016-10-01;OCT 2016;Hotels :  Sales
Monthly;2016;MAR;;Beverage and Food;Number of Transactions;9808.03;2016-03-01;MAR 2016;Beverage and Food :  Number of Transactions
Monthly;2016;JUL;;Beverage and Food;Number of Transactions;9397.3;2016-07-01;JUL 2016;Beverage and Food :  Number of Transactions
Monthly;2016;OCT;;Beverage and Food;Number of Transactions;11863.102;2016-10-01;OCT 2016;Beverage and Food :  Number of Transactions
Monthly;2016;MAR;;Beverage and Food;Sales;1695115.25720999;2016-03-01;MAR 2016;Beverage and Food :  Sales
Monthly;2016;MAY;;Beverage and Food;Sales;2079110.36532999;2016-05-01;MAY 2016;Beverage and Food :  Sales
Monthly;2016;AUG;;Beverage and Food;Sales;1735325.86289999;2016-08-01;AUG 2016;Beverage and Food :  Sales
Monthly;2016;DEC;;Beverage and Food;Sales;1913123.90686999;2016-12-01;DEC 2016;Beverage and Food :  Sales
Monthly;2016;JUL;;Recreation and Culture;Sales;464998.76307;2016-07-01;JUL 2016;Recreation and Culture :  Sales
Monthly;2016;AUG;;Recreation and Culture;Sales;464354.9378;2016-08-01;AUG 2016;Recreation and Culture :  Sales
Monthly;2016;SEP;;Recreation and Culture;Sales;638539.207149999;2016-09-01;SEP 2016;Recreation and Culture :  Sales
Monthly;2016;SEP;;Miscellaneous Goods and Services;Number of Transactions;2178.619;2016-09-01;SEP 2016;Miscellaneous Goods and Services :  Number of Transactions
Monthly;2016;DEC;;Miscellaneous Goods and Services;Number of Transactions;2540.968;2016-12-01;DEC 2016;Miscellaneous Goods and Services :  Number of Transactions
Monthly;2016;SEP;;Miscellaneous Goods and Services;Sales;1134590.23743999;2016-09-01;SEP 2016;Miscellaneous Goods and Services :  Sales
Monthly;2016;OCT;;Miscellaneous Goods and Services;Sales;1215377.67933999;2016-10-01;OCT 2016;Miscellaneous Goods and Services :  Sales
Monthly;2016;DEC;;Miscellaneous Goods and Services;Sales;1371148.33330998;2016-12-01;DEC 2016;Miscellaneous Goods and Services :  Sales
Monthly;2016;MAR;;Electronic & Electric Devices;Number of Transactions;890.796;2016-03-01;MAR 2016;Electronic & Electric Devices :  Number of Transactions
Monthly;2016;AUG;;Electronic & Electric Devices;Number of Transactions;895.343;2016-08-01;AUG 2016;Electronic & Electric Devices :  Number of Transactions
Monthly;2016;NOV;;Electronic & Electric Devices;Number of Transactions;975.073;2016-11-01;NOV 2016;Electronic & Electric Devices :  Number of Transactions
Monthly;2016;MAY;;Electronic & Electric Devices;Sales;1112796.42716999;2016-05-01;MAY 2016;Electronic & Electric Devices :  Sales
Monthly;2016;OCT;;Electronic & Electric Devices;Sales;836629.464929991;2016-10-01;OCT 2016;Electronic & Electric Devices :  Sales
Monthly;2016;DEC;;Electronic & Electric Devices;Sales;803429.68578999;2016-12-01;DEC 2016;Electronic & Electric Devices :  Sales
Monthly;2016;JAN;;Furniture;Number of Transactions;669.622;2016-01-01;JAN 2016;Furniture :  Number of Transactions
Monthly;2016;FEB;;Furniture;Number of Transactions;570.772;2016-02-01;FEB 2016;Furniture :  Number of Transactions
Monthly;2016;MAR;;Furniture;Sales;694419.789699993;2016-03-01;MAR 2016;Furniture :  Sales
Monthly;2016;APR;;Furniture;Sales;684701.658879995;2016-04-01;APR 2016;Furniture :  Sales
Monthly;2016;MAY;;Furniture;Sales;825162.114769994;2016-05-01;MAY 2016;Furniture :  Sales
Monthly;2016;JUN;;Furniture;Sales;743627.445569995;2016-06-01;JUN 2016;Furniture :  Sales
Monthly;2016;MAR;;Construction & Building Materials;Sales;1048414.86202999;2016-03-01;MAR 2016;Construction & Building Materials :  Sales
Monthly;2016;SEP;;Construction & Building Materials;Sales;658903.555759995;2016-09-01;SEP 2016;Construction & Building Materials :  Sales
Monthly;2016;NOV;;Construction & Building Materials;Sales;894558.956019988;2016-11-01;NOV 2016;Construction & Building Materials :  Sales
Monthly;2016;DEC;;Jewelry;Number of Transactions;517.051;2016-12-01;DEC 2016;Jewelry :  Number of Transactions
Monthly;2016;JAN;;Jewelry;Sales;990634.552179987;2016-01-01;JAN 2016;Jewelry :  Sales
Monthly;2016;MAR;;Jewelry;Sales;1040552.20168998;2016-03-01;MAR 2016;Jewelry :  Sales
Monthly;2016;OCT;;Jewelry;Sales;723979.323809991;2016-10-01;OCT 2016;Jewelry :  Sales
Monthly;2016;MAR;;Telecommunication;Number of Transactions;216.681;2016-03-01;MAR 2016;Telecommunication :  Number of Transactions
Monthly;2016;MAY;;Telecommunication;Number of Transactions;263.325;2016-05-01;MAY 2016;Telecommunication :  Number of Transactions
Monthly;2016;MAY;;Telecommunication;Sales;159363.98164;2016-05-01;MAY 2016;Telecommunication :  Sales
Monthly;2016;DEC;;Telecommunication;Sales;191237.30966;2016-12-01;DEC 2016;Telecommunication :  Sales
Monthly;2016;OCT;;Education;Number of Transactions;109.576;2016-10-01;OCT 2016;Education :  Number of Transactions
Monthly;2016;DEC;;Education;Number of Transactions;96.725;2016-12-01;DEC 2016;Education :  Number of Transactions
Monthly;2016;JUL;;Education;Sales;75837.62216;2016-07-01;JUL 2016;Education :  Sales
Monthly;2016;NOV;;Education;Sales;262775.39011;2016-11-01;NOV 2016;Education :  Sales
Monthly;2016;DEC;;Education;Sales;318430.188439999;2016-12-01;DEC 2016;Education :  Sales
Monthly;2016;JAN;;Public Utilities;Number of Transactions;200.472;2016-01-01;JAN 2016;Public Utilities :  Number of Transactions
Monthly;2016;FEB;;Public Utilities;Number of Transactions;195.875;2016-02-01;FEB 2016;Public Utilities :  Number of Transactions
Monthly;2016;JUL;;Public Utilities;Number of Transactions;216.565;2016-07-01;JUL 2016;Public Utilities :  Number of Transactions
Monthly;2016;SEP;;Public Utilities;Number of Transactions;223.205;2016-09-01;SEP 2016;Public Utilities :  Number of Transactions
Monthly;2016;OCT;;Public Utilities;Number of Transactions;290.737;2016-10-01;OCT 2016;Public Utilities :  Number of Transactions
Monthly;2016;JAN;;Public Utilities;Sales;133130.11565;2016-01-01;JAN 2016;Public Utilities :  Sales
Monthly;2016;APR;;Public Utilities;Sales;131708.80295;2016-04-01;APR 2016;Public Utilities :  Sales
Monthly;2016;MAY;;Public Utilities;Sales;164624.534;2016-05-01;MAY 2016;Public Utilities :  Sales
Monthly;2016;FEB;;Others;Number of Transactions;3528.053;2016-02-01;FEB 2016;Others :  Number of Transactions
Monthly;2016;APR;;Others;Number of Transactions;3864.654;2016-04-01;APR 2016;Others :  Number of Transactions
Monthly;2016;DEC;;Others;Number of Transactions;5348.004;2016-12-01;DEC 2016;Others :  Number of Transactions
Monthly;2016;MAR;;Others;Sales;1192363.28319017;2016-03-01;MAR 2016;Others :  Sales
Monthly;2016;JUN;;Others;Sales;1445924.00544981;2016-06-01;JUN 2016;Others :  Sales
Monthly;2016;JUL;;Others;Sales;1055545.7329101;2016-07-01;JUL 2016;Others :  Sales
Monthly;2016;FEB;;Total;Number of Transactions;36435.679;2016-02-01;FEB 2016;Total :  Number of Transactions
Monthly;2016;MAR;;Total;Number of Transactions;40522.562;2016-03-01;MAR 2016;Total :  Number of Transactions
Monthly;2016;APR;;Total;Number of Transactions;40782.271;2016-04-01;APR 2016;Total :  Number of Transactions
Monthly;2016;NOV;;Total;Number of Transactions;48930.804;2016-11-01;NOV 2016;Total :  Number of Transactions
Monthly;2016;DEC;;Total;Number of Transactions;52153.203;2016-12-01;DEC 2016;Total :  Number of Transactions
Monthly;2016;MAR;;Total;Sales;15364729.433;2016-03-01;MAR 2016;Total :  Sales
Monthly;2016;JUL;;Total;Sales;13568342.173;2016-07-01;JUL 2016;Total :  Sales
Monthly;2016;DEC;;Total;Sales;15780496.519;2016-12-01;DEC 2016;Total :  Sales
Annually;2016;;;Restaurants & Café;Number of Transactions;79287.672;2016-01-01;2016;Restaurants & Café :  Number of Transactions
Annually;2016;;;Restaurants & Café;Sales;9507427.81926987;2016-01-01;2016;Restaurants & Café :  Sales
Annually;2016;;;Hotels;Sales;6647082.44776996;2016-01-01;2016;Hotels :  Sales
Annually;2016;;;Miscellaneous Goods and Services;Sales;14714541.4852699;2016-01-01;2016;Miscellaneous Goods and Services :  Sales
Annually;2016;;;Furniture;Sales;7957300.23655993;2016-01-01;2016;Furniture :  Sales
Annually;2016;;;Education;Sales;4873236.22155999;2016-01-01;2016;Education :  Sales
Annually;2016;;;Others;Number of Transactions;52478.221;2016-01-01;2016;Others :  Number of Transactions
Quarterly;2016;;Q4;Transportation;Number of Transactions;3498.02;2016-10-01;Q4 2016;Transportation :  Number of Transactions
Quarterly;2016;;Q1;Health;Number of Transactions;19221.715;2016-01-01;Q1 2016;Health :  Number of Transactions
Quarterly;2016;;Q2;Health;Sales;4415015.16998;2016-04-01;Q2 2016;Health :  Sales
Quarterly;2016;;Q4;Health;Sales;4357340.11628997;2016-10-01;Q4 2016;Health :  Sales
Quarterly;2016;;Q3;Restaurants & Café;Number of Transactions;20327.815;2016-07-01;Q3 2016;Restaurants & Café :  Number of Transactions
Quarterly;2016;;Q1;Restaurants & Café;Sales;2191688.45469997;2016-01-01;Q1 2016;Restaurants & Café :  Sales
Quarterly;2016;;Q2;Restaurants & Café;Sales;2280239.06892998;2016-04-01;Q2 2016;Restaurants & Café :  Sales
Quarterly;2016;;Q3;Restaurants & Café;Sales;2494034.54508997;2016-07-01;Q3 2016;Restaurants & Café :  Sales
Quarterly;2016;;Q4;Restaurants & Café;Sales;2541465.75054995;2016-10-01;Q4 2016;Restaurants & Café :  Sales
Quarterly;2016;;Q3;Hotels;Number of Transactions;1665.052;2016-07-01;Q3 2016;Hotels :  Number of Transactions
Quarterly;2016;;Q4;Hotels;Number of Transactions;1670.915;2016-10-01;Q4 2016;Hotels :  Number of Transactions
Quarterly;2016;;Q4;Hotels;Sales;1558917.16152999;2016-10-01;Q4 2016;Hotels :  Sales
Quarterly;2016;;Q3;Beverage and Food;Number of Transactions;30288.856;2016-07-01;Q3 2016;Beverage and Food :  Number of Transactions
Quarterly;2016;;Q4;Beverage and Food;Number of Transactions;35953.726;2016-10-01;Q4 2016;Beverage and Food :  Number of Transactions
Quarterly;2016;;Q3;Clothing and Footwear;Number of Transactions;21627.012;2016-07-01;Q3 2016;Clothing and Footwear :  Number of Transactions
Quarterly;2016;;Q3;Clothing and Footwear;Sales;6199810.82574977;2016-07-01;Q3 2016;Clothing and Footwear :  Sales
Quarterly;2016;;Q3;Recreation and Culture;Number of Transactions;3991.123;2016-07-01;Q3 2016;Recreation and Culture :  Number of Transactions
Quarterly;2016;;Q3;Recreation and Culture;Sales;1567892.90802;2016-07-01;Q3 2016;Recreation and Culture :  Sales
Quarterly;2016;;Q2;Miscellaneous Goods and Services;Sales;3880265.43025997;2016-04-01;Q2 2016;Miscellaneous Goods and Services :  Sales
Quarterly;2016;;Q4;Electronic & Electric Devices;Number of Transactions;2891.451;2016-10-01;Q4 2016;Electronic & Electric Devices :  Number of Transactions
Quarterly;2016;;Q1;Electronic & Electric Devices;Sales;2576651.50296997;2016-01-01;Q1 2016;Electronic & Electric Devices :  Sales
Quarterly;2016;;Q1;Construction & Building Materials;Number of Transactions;1331.388;2016-01-01;Q1 2016;Construction & Building Materials :  Number of Transactions
Quarterly;2016;;Q3;Construction & Building Materials;Number of Transactions;1238.64;2016-07-01;Q3 2016;Construction & Building Materials :  Number of Transactions
Quarterly;2016;;Q3;Jewelry;Sales;2726906.39074997;2016-07-01;Q3 2016;Jewelry :  Sales
Quarterly;2016;;Q1;Telecommunication;Number of Transactions;617.651;2016-01-01;Q1 2016;Telecommunication :  Number of Transactions
Quarterly;2016;;Q3;Telecommunication;Sales;367744.773;2016-07-01;Q3 2016;Telecommunication :  Sales
Quarterly;2016;;Q3;Education;Number of Transactions;287.687;2016-07-01;Q3 2016;Education :  Number of Transactions
Quarterly;2016;;Q2;Education;Sales;1111006.64102;2016-04-01;Q2 2016;Education :  Sales
Quarterly;2016;;Q2;Public Utilities;Number of Transactions;689.297;2016-04-01;Q2 2016;Public Utilities :  Number of Transactions
Quarterly;2016;;Q3;Public Utilities;Sales;408289.4781;2016-07-01;Q3 2016;Public Utilities :  Sales
Quarterly;2016;;Q2;Others;Number of Transactions;13536.138;2016-04-01;Q2 2016;Others :  Number of Transactions
Quarterly;2016;;Q3;Others;Number of Transactions;12577.322;2016-07-01;Q3 2016;Others :  Number of Transactions
Quarterly;2016;;Q1;Others;Sales;3327559.71538045;2016-01-01;Q1 2016;Others :  Sales
Quarterly;2016;;Q4;Total;Sales;45374759.962;2016-10-01;Q4 2016;Total :  Sales
Monthly;2016;JAN;;Transportation;Number of Transactions;1031.072;2016-01-01;JAN 2016;Transportation :  Number of Transactions
Monthly;2016;FEB;;Transportation;Number of Transactions;1020.972;2016-02-01;FEB 2016;Transportation :  Number of Transactions
Monthly;2016;OCT;;Transportation;Number of Transactions;1155.873;2016-10-01;OCT 2016;Transportation :  Number of Transactions
Monthly;2016;NOV;;Transportation;Number of Transactions;1162.162;2016-11-01;NOV 2016;Transportation :  Number of Transactions
Monthly;2016;FEB;;Transportation;Sales;1390994.49651;2016-02-01;FEB 2016;Transportation :  Sales
Monthly;2016;APR;;Health;Number of Transactions;6619.891;2016-04-01;APR 2016;Health :  Number of Transactions
Monthly;2016;AUG;;Health;Number of Transactions;6677.046;2016-08-01;AUG 2016;Health :  Number of Transactions
Monthly;2016;JAN;;Health;Sales;1325150.57511;2016-01-01;JAN 2016;Health :  Sales
Monthly;2016;AUG;;Health;Sales;1486975.03546;2016-08-01;AUG 2016;Health :  Sales
Monthly;2016;APR;;Restaurants & Café;Number of Transactions;6148.923;2016-04-01;APR 2016;Restaurants & Café :  Number of Transactions
Monthly;2016;JUL;;Restaurants & Café;Number of Transactions;6303.659;2016-07-01;JUL 2016;Restaurants & Café :  Number of Transactions
Monthly;2016;JAN;;Restaurants & Café;Sales;735948.846269992;2016-01-01;JAN 2016;Restaurants & Café :  Sales
Monthly;2016;FEB;;Restaurants & Café;Sales;669091.885359992;2016-02-01;FEB 2016;Restaurants & Café :  Sales
Monthly;2016;AUG;;Restaurants & Café;Sales;835437.225999988;2016-08-01;AUG 2016;Restaurants & Café :  Sales
Monthly;2016;JAN;;Hotels;Sales;557323.385419994;2016-01-01;JAN 2016;Hotels :  Sales
Monthly;2016;MAR;;Hotels;Sales;635033.475409996;2016-03-01;MAR 2016;Hotels :  Sales
Monthly;2016;JUL;;Hotels;Sales;590144.284999997;2016-07-01;JUL 2016;Hotels :  Sales
Monthly;2016;MAY;;Beverage and Food;Number of Transactions;11356.57;2016-05-01;MAY 2016;Beverage and Food :  Number of Transactions
Monthly;2016;AUG;;Beverage and Food;Number of Transactions;10581.013;2016-08-01;AUG 2016;Beverage and Food :  Number of Transactions
Monthly;2016;SEP;;Beverage and Food;Number of Transactions;10310.543;2016-09-01;SEP 2016;Beverage and Food :  Number of Transactions
Monthly;2016;DEC;;Beverage and Food;Number of Transactions;12486.875;2016-12-01;DEC 2016;Beverage and Food :  Number of Transactions
Monthly;2016;JAN;;Beverage and Food;Sales;1653174.76181998;2016-01-01;JAN 2016;Beverage and Food :  Sales
Monthly;2016;JUL;;Beverage and Food;Sales;1509797.97802;2016-07-01;JUL 2016;Beverage and Food :  Sales
Monthly;2016;SEP;;Beverage and Food;Sales;1698988.25122999;2016-09-01;SEP 2016;Beverage and Food :  Sales
Monthly;2016;JAN;;Clothing and Footwear;Number of Transactions;7033.003;2016-01-01;JAN 2016;Clothing and Footwear :  Number of Transactions
Monthly;2016;APR;;Clothing and Footwear;Number of Transactions;6380.411;2016-04-01;APR 2016;Clothing and Footwear :  Number of Transactions
Monthly;2016;MAR;;Clothing and Footwear;Sales;2028309.22999992;2016-03-01;MAR 2016;Clothing and Footwear :  Sales
Monthly;2016;APR;;Clothing and Footwear;Sales;1972320.08666993;2016-04-01;APR 2016;Clothing and Footwear :  Sales
Monthly;2016;AUG;;Clothing and Footwear;Sales;2070868.59169991;2016-08-01;AUG 2016;Clothing and Footwear :  Sales
Monthly;2016;SEP;;Clothing and Footwear;Sales;1988689.74584993;2016-09-01;SEP 2016;Clothing and Footwear :  Sales
Monthly;2016;DEC;;Clothing and Footwear;Sales;2235397.79393992;2016-12-01;DEC 2016;Clothing and Footwear :  Sales
Monthly;2016;JUN;;Recreation and Culture;Number of Transactions;1395.849;2016-06-01;JUN 2016;Recreation and Culture :  Number of Transactions
Monthly;2016;SEP;;Recreation and Culture;Number of Transactions;1611.278;2016-09-01;SEP 2016;Recreation and Culture :  Number of Transactions
Monthly;2016;OCT;;Recreation and Culture;Number of Transactions;1620.023;2016-10-01;OCT 2016;Recreation and Culture :  Number of Transactions
Monthly;2016;DEC;;Recreation and Culture;Number of Transactions;1563.252;2016-12-01;DEC 2016;Recreation and Culture :  Number of Transactions
Monthly;2016;MAR;;Recreation and Culture;Sales;522165.301009999;2016-03-01;MAR 2016;Recreation and Culture :  Sales
Monthly;2016;NOV;;Recreation and Culture;Sales;539381.6988;2016-11-01;NOV 2016;Recreation and Culture :  Sales
Monthly;2016;DEC;;Recreation and Culture;Sales;585889.164829999;2016-12-01;DEC 2016;Recreation and Culture :  Sales
Monthly;2016;NOV;;Miscellaneous Goods and Services;Number of Transactions;2574.139;2016-11-01;NOV 2016;Miscellaneous Goods and Services :  Number of Transactions
Monthly;2016;APR;;Miscellaneous Goods and Services;Sales;1125882.22097999;2016-04-01;APR 2016;Miscellaneous Goods and Services :  Sales
Monthly;2016;MAY;;Miscellaneous Goods and Services;Sales;1349508.10884999;2016-05-01;MAY 2016;Miscellaneous Goods and Services :  Sales
Monthly;2016;JAN;;Electronic & Electric Devices;Number of Transactions;842.37;2016-01-01;JAN 2016;Electronic & Electric Devices :  Number of Transactions
Monthly;2016;APR;;Electronic & Electric Devices;Number of Transactions;862.45;2016-04-01;APR 2016;Electronic & Electric Devices :  Number of Transactions
Monthly;2016;SEP;;Electronic & Electric Devices;Number of Transactions;789.698;2016-09-01;SEP 2016;Electronic & Electric Devices :  Number of Transactions
Monthly;2016;APR;;Electronic & Electric Devices;Sales;909281.470779991;2016-04-01;APR 2016;Electronic & Electric Devices :  Sales
Monthly;2016;JUN;;Electronic & Electric Devices;Sales;934277.329999993;2016-06-01;JUN 2016;Electronic & Electric Devices :  Sales
Monthly;2016;AUG;;Electronic & Electric Devices;Sales;862491.897899992;2016-08-01;AUG 2016;Electronic & Electric Devices :  Sales
Monthly;2016;NOV;;Electronic & Electric Devices;Sales;801207.78938999;2016-11-01;NOV 2016;Electronic & Electric Devices :  Sales
Monthly;2016;MAR;;Furniture;Number of Transactions;633.155;2016-03-01;MAR 2016;Furniture :  Number of Transactions
Monthly;2016;APR;;Furniture;Number of Transactions;635.593;2016-04-01;APR 2016;Furniture :  Number of Transactions
Monthly;2016;MAY;;Furniture;Number of Transactions;749.25;2016-05-01;MAY 2016;Furniture :  Number of Transactions
Monthly;2016;AUG;;Furniture;Number of Transactions;616.351;2016-08-01;AUG 2016;Furniture :  Number of Transactions
Monthly;2016;OCT;;Furniture;Number of Transactions;668.726;2016-10-01;OCT 2016;Furniture :  Number of Transactions
Monthly;2016;NOV;;Furniture;Sales;667170.482279993;2016-11-01;NOV 2016;Furniture :  Sales
Monthly;2016;DEC;;Furniture;Sales;721645.539429992;2016-12-01;DEC 2016;Furniture :  Sales
Monthly;2016;JAN;;Construction & Building Materials;Number of Transactions;435.267;2016-01-01;JAN 2016;Construction & Building Materials :  Number of Transactions
Monthly;2016;MAR;;Construction & Building Materials;Number of Transactions;468.544;2016-03-01;MAR 2016;Construction & Building Materials :  Number of Transactions
Monthly;2016;MAY;;Construction & Building Materials;Number of Transactions;543.605;2016-05-01;MAY 2016;Construction & Building Materials :  Number of Transactions
Monthly;2016;JUN;;Construction & Building Materials;Number of Transactions;450.974;2016-06-01;JUN 2016;Construction & Building Materials :  Number of Transactions
Monthly;2016;OCT;;Construction & Building Materials;Number of Transactions;499.799;2016-10-01;OCT 2016;Construction & Building Materials :  Number of Transactions
Monthly;2016;MAY;;Construction & Building Materials;Sales;1100107.52093999;2016-05-01;MAY 2016;Construction & Building Materials :  Sales
Monthly;2016;OCT;;Construction & Building Materials;Sales;862500.84030999;2016-10-01;OCT 2016;Construction & Building Materials :  Sales
Monthly;2016;DEC;;Construction & Building Materials;Sales;936241.938179989;2016-12-01;DEC 2016;Construction & Building Materials :  Sales
Monthly;2016;FEB;;Jewelry;Number of Transactions;401.936;2016-02-01;FEB 2016;Jewelry :  Number of Transactions
Monthly;2016;APR;;Jewelry;Number of Transactions;455.086;2016-04-01;APR 2016;Jewelry :  Number of Transactions
Monthly;2016;AUG;;Jewelry;Number of Transactions;462.879;2016-08-01;AUG 2016;Jewelry :  Number of Transactions
Monthly;2016;JUN;;Jewelry;Sales;1301553.57383998;2016-06-01;JUN 2016;Jewelry :  Sales
Monthly;2016;JUL;;Jewelry;Sales;1109025.39767999;2016-07-01;JUL 2016;Jewelry :  Sales
Monthly;2016;AUG;;Jewelry;Sales;858030.342529987;2016-08-01;AUG 2016;Jewelry :  Sales
Monthly;2016;DEC;;Jewelry;Sales;984791.169999984;2016-12-01;DEC 2016;Jewelry :  Sales
Monthly;2016;FEB;;Telecommunication;Number of Transactions;188.838;2016-02-01;FEB 2016;Telecommunication :  Number of Transactions
Monthly;2016;DEC;;Telecommunication;Number of Transactions;339.388;2016-12-01;DEC 2016;Telecommunication :  Number of Transactions
Monthly;2016;FEB;;Telecommunication;Sales;116437.98379;2016-02-01;FEB 2016;Telecommunication :  Sales
Monthly;2016;AUG;;Telecommunication;Sales;130845.2499;2016-08-01;AUG 2016;Telecommunication :  Sales
Monthly;2016;MAR;;Education;Number of Transactions;93.148;2016-03-01;MAR 2016;Education :  Number of Transactions
Monthly;2016;JUL;;Education;Number of Transactions;36.016;2016-07-01;JUL 2016;Education :  Number of Transactions
Monthly;2016;MAY;;Education;Sales;532452.128409999;2016-05-01;MAY 2016;Education :  Sales
Monthly;2016;AUG;;Education;Sales;288487.80773;2016-08-01;AUG 2016;Education :  Sales
Monthly;2016;APR;;Public Utilities;Number of Transactions;203.36;2016-04-01;APR 2016;Public Utilities :  Number of Transactions
Monthly;2016;AUG;;Public Utilities;Sales;162533.90224;2016-08-01;AUG 2016;Public Utilities :  Sales
Monthly;2016;JAN;;Others;Number of Transactions;3839.04;2016-01-01;JAN 2016;Others :  Number of Transactions
Monthly;2016;OCT;;Others;Number of Transactions;4655.95;2016-10-01;OCT 2016;Others :  Number of Transactions
Monthly;2016;JAN;;Others;Sales;1115567.56027015;2016-01-01;JAN 2016;Others :  Sales
Monthly;2016;MAY;;Others;Sales;1514000.22650003;2016-05-01;MAY 2016;Others :  Sales
Monthly;2016;NOV;;Others;Sales;1231801.45728017;2016-11-01;NOV 2016;Others :  Sales
Monthly;2016;JUL;;Total;Number of Transactions;40052.346;2016-07-01;JUL 2016;Total :  Number of Transactions
Monthly;2016;OCT;;Total;Number of Transactions;45746.087;2016-10-01;OCT 2016;Total :  Number of Transactions
Monthly;2016;JAN;;Total;Sales;14709223.892;2016-01-01;JAN 2016;Total :  Sales
Monthly;2016;FEB;;Total;Sales;13478708.063;2016-02-01;FEB 2016;Total :  Sales
Annually;2016;;;Beverage and Food;Number of Transactions;127574.37;2016-01-01;2016;Beverage and Food :  Number of Transactions
Annually;2016;;;Construction & Building Materials;Number of Transactions;5621.071;2016-01-01;2016;Construction & Building Materials :  Number of Transactions
Annually;2016;;;Telecommunication;Sales;1719003.0643;2016-01-01;2016;Telecommunication :  Sales
Annually;2016;;;Public Utilities;Number of Transactions;2876.883;2016-01-01;2016;Public Utilities :  Number of Transactions
Quarterly;2016;;Q1;Transportation;Number of Transactions;3172.924;2016-01-01;Q1 2016;Transportation :  Number of Transactions
Quarterly;2016;;Q3;Transportation;Number of Transactions;3199.549;2016-07-01;Q3 2016;Transportation :  Number of Transactions
Quarterly;2016;;Q4;Health;Number of Transactions;22749.957;2016-10-01;Q4 2016;Health :  Number of Transactions
Quarterly;2016;;Q1;Health;Sales;4116333.80448;2016-01-01;Q1 2016;Health :  Sales
Quarterly;2016;;Q3;Health;Sales;3881287.25619;2016-07-01;Q3 2016;Health :  Sales
Quarterly;2016;;Q1;Restaurants & Café;Number of Transactions;16346.199;2016-01-01;Q1 2016;Restaurants & Café :  Number of Transactions
Quarterly;2016;;Q1;Hotels;Sales;1671449.01969999;2016-01-01;Q1 2016;Hotels :  Sales
Quarterly;2016;;Q1;Beverage and Food;Sales;5014927.35850996;2016-01-01;Q1 2016;Beverage and Food :  Sales
Quarterly;2016;;Q4;Beverage and Food;Sales;5619534.10715998;2016-10-01;Q4 2016;Beverage and Food :  Sales
Quarterly;2016;;Q1;Clothing and Footwear;Number of Transactions;18364.045;2016-01-01;Q1 2016;Clothing and Footwear :  Number of Transactions
Quarterly;2016;;Q2;Clothing and Footwear;Sales;8165473.34805025;2016-04-01;Q2 2016;Clothing and Footwear :  Sales
Quarterly;2016;;Q2;Recreation and Culture;Number of Transactions;3928.728;2016-04-01;Q2 2016;Recreation and Culture :  Number of Transactions
Quarterly;2016;;Q2;Miscellaneous Goods and Services;Number of Transactions;6149.701;2016-04-01;Q2 2016;Miscellaneous Goods and Services :  Number of Transactions
Quarterly;2016;;Q3;Miscellaneous Goods and Services;Number of Transactions;6314.093;2016-07-01;Q3 2016;Miscellaneous Goods and Services :  Number of Transactions
Quarterly;2016;;Q3;Miscellaneous Goods and Services;Sales;3472944.63926998;2016-07-01;Q3 2016;Miscellaneous Goods and Services :  Sales
Quarterly;2016;;Q4;Miscellaneous Goods and Services;Sales;4130130.65659995;2016-10-01;Q4 2016;Miscellaneous Goods and Services :  Sales
Quarterly;2016;;Q2;Electronic & Electric Devices;Number of Transactions;2859.385;2016-04-01;Q2 2016;Electronic & Electric Devices :  Number of Transactions
Quarterly;2016;;Q1;Furniture;Number of Transactions;1873.549;2016-01-01;Q1 2016;Furniture :  Number of Transactions
Quarterly;2016;;Q4;Furniture;Number of Transactions;2121.308;2016-10-01;Q4 2016;Furniture :  Number of Transactions
Quarterly;2016;;Q2;Furniture;Sales;2253491.21921998;2016-04-01;Q2 2016;Furniture :  Sales
Quarterly;2016;;Q2;Jewelry;Number of Transactions;1753.225;2016-04-01;Q2 2016;Jewelry :  Number of Transactions
Quarterly;2016;;Q2;Jewelry;Sales;3387205.94230996;2016-04-01;Q2 2016;Jewelry :  Sales
Quarterly;2016;;Q4;Jewelry;Sales;2488407.93189996;2016-10-01;Q4 2016;Jewelry :  Sales
Quarterly;2016;;Q2;Telecommunication;Sales;434495.04064;2016-04-01;Q2 2016;Telecommunication :  Sales
Quarterly;2016;;Q4;Telecommunication;Sales;524897.49952;2016-10-01;Q4 2016;Telecommunication :  Sales
Quarterly;2016;;Q3;Education;Sales;1508292.37256;2016-07-01;Q3 2016;Education :  Sales
Quarterly;2016;;Q1;Public Utilities;Sales;418440.84495;2016-01-01;Q1 2016;Public Utilities :  Sales
Quarterly;2016;;Q4;Public Utilities;Sales;490135.88972;2016-10-01;Q4 2016;Public Utilities :  Sales
Quarterly;2016;;Q3;Total;Sales;43102464.309;2016-07-01;Q3 2016;Total :  Sales
Monthly;2016;APR;;Transportation;Number of Transactions;1070.849;2016-04-01;APR 2016;Transportation :  Number of Transactions
Monthly;2016;SEP;;Transportation;Number of Transactions;957.026;2016-09-01;SEP 2016;Transportation :  Number of Transactions
Monthly;2016;JAN;;Health;Number of Transactions;6088.041;2016-01-01;JAN 2016;Health :  Number of Transactions
Monthly;2016;FEB;;Health;Number of Transactions;6381.794;2016-02-01;FEB 2016;Health :  Number of Transactions
Monthly;2016;JUL;;Health;Number of Transactions;5934.12;2016-07-01;JUL 2016;Health :  Number of Transactions
Monthly;2016;NOV;;Health;Number of Transactions;7421.717;2016-11-01;NOV 2016;Health :  Number of Transactions
Monthly;2016;NOV;;Health;Sales;1434252.97786999;2016-11-01;NOV 2016;Health :  Sales
Monthly;2016;DEC;;Health;Sales;1466012.82518999;2016-12-01;DEC 2016;Health :  Sales
Monthly;2016;MAY;;Restaurants & Café;Number of Transactions;6741.738;2016-05-01;MAY 2016;Restaurants & Café :  Number of Transactions
Monthly;2016;MAR;;Restaurants & Café;Sales;786647.72306999;2016-03-01;MAR 2016;Restaurants & Café :  Sales
Monthly;2016;JAN;;Hotels;Number of Transactions;525.738;2016-01-01;JAN 2016;Hotels :  Number of Transactions
Monthly;2016;FEB;;Hotels;Number of Transactions;449.376;2016-02-01;FEB 2016;Hotels :  Number of Transactions
Monthly;2016;AUG;;Hotels;Number of Transactions;623.177;2016-08-01;AUG 2016;Hotels :  Number of Transactions
Monthly;2016;FEB;;Hotels;Sales;479092.158869997;2016-02-01;FEB 2016;Hotels :  Sales
Monthly;2016;DEC;;Hotels;Sales;490484.592449996;2016-12-01;DEC 2016;Hotels :  Sales
Monthly;2016;FEB;;Beverage and Food;Number of Transactions;9305.303;2016-02-01;FEB 2016;Beverage and Food :  Number of Transactions
Monthly;2016;APR;;Beverage and Food;Number of Transactions;10257.824;2016-04-01;APR 2016;Beverage and Food :  Number of Transactions
Monthly;2016;NOV;;Beverage and Food;Number of Transactions;11603.749;2016-11-01;NOV 2016;Beverage and Food :  Number of Transactions
Monthly;2016;APR;;Beverage and Food;Sales;1737662.30372999;2016-04-01;APR 2016;Beverage and Food :  Sales
Monthly;2016;OCT;;Beverage and Food;Sales;1877314.36768999;2016-10-01;OCT 2016;Beverage and Food :  Sales
Monthly;2016;MAY;;Clothing and Footwear;Number of Transactions;8030.564;2016-05-01;MAY 2016;Clothing and Footwear :  Number of Transactions
Monthly;2016;JUN;;Clothing and Footwear;Number of Transactions;10712.571;2016-06-01;JUN 2016;Clothing and Footwear :  Number of Transactions
Monthly;2016;SEP;;Clothing and Footwear;Number of Transactions;7185.054;2016-09-01;SEP 2016;Clothing and Footwear :  Number of Transactions
Monthly;2016;FEB;;Clothing and Footwear;Sales;1608653.76903994;2016-02-01;FEB 2016;Clothing and Footwear :  Sales
Monthly;2016;MAY;;Clothing and Footwear;Sales;2575627.03102005;2016-05-01;MAY 2016;Clothing and Footwear :  Sales
Monthly;2016;JUL;;Clothing and Footwear;Sales;2140252.48819993;2016-07-01;JUL 2016;Clothing and Footwear :  Sales
Monthly;2016;APR;;Recreation and Culture;Sales;472795.93264;2016-04-01;APR 2016;Recreation and Culture :  Sales
Monthly;2016;MAY;;Recreation and Culture;Sales;583196.318239999;2016-05-01;MAY 2016;Recreation and Culture :  Sales
Monthly;2016;MAY;;Miscellaneous Goods and Services;Number of Transactions;2113.435;2016-05-01;MAY 2016;Miscellaneous Goods and Services :  Number of Transactions
Monthly;2016;JUN;;Miscellaneous Goods and Services;Number of Transactions;2224.433;2016-06-01;JUN 2016;Miscellaneous Goods and Services :  Number of Transactions
Monthly;2016;JUL;;Miscellaneous Goods and Services;Number of Transactions;1982.928;2016-07-01;JUL 2016;Miscellaneous Goods and Services :  Number of Transactions
Monthly;2016;OCT;;Miscellaneous Goods and Services;Number of Transactions;2255.494;2016-10-01;OCT 2016;Miscellaneous Goods and Services :  Number of Transactions
Monthly;2016;JUL;;Miscellaneous Goods and Services;Sales;1075132.20791;2016-07-01;JUL 2016;Miscellaneous Goods and Services :  Sales
Monthly;2016;AUG;;Miscellaneous Goods and Services;Sales;1263222.19391999;2016-08-01;AUG 2016;Miscellaneous Goods and Services :  Sales
Monthly;2016;MAY;;Electronic & Electric Devices;Number of Transactions;1029.475;2016-05-01;MAY 2016;Electronic & Electric Devices :  Number of Transactions
Monthly;2016;JUL;;Electronic & Electric Devices;Number of Transactions;752.96;2016-07-01;JUL 2016;Electronic & Electric Devices :  Number of Transactions
Monthly;2016;OCT;;Electronic & Electric Devices;Number of Transactions;919.959;2016-10-01;OCT 2016;Electronic & Electric Devices :  Number of Transactions
Monthly;2016;JUL;;Electronic & Electric Devices;Sales;706316.066909996;2016-07-01;JUL 2016;Electronic & Electric Devices :  Sales
Monthly;2016;JUL;;Furniture;Number of Transactions;525.955;2016-07-01;JUL 2016;Furniture :  Number of Transactions
Monthly;2016;SEP;;Furniture;Number of Transactions;597.261;2016-09-01;SEP 2016;Furniture :  Number of Transactions
Monthly;2016;DEC;;Furniture;Number of Transactions;753.696;2016-12-01;DEC 2016;Furniture :  Number of Transactions
Monthly;2016;FEB;;Furniture;Sales;591979.726749995;2016-02-01;FEB 2016;Furniture :  Sales
Monthly;2016;FEB;;Construction & Building Materials;Number of Transactions;427.577;2016-02-01;FEB 2016;Construction & Building Materials :  Number of Transactions
Monthly;2016;APR;;Construction & Building Materials;Number of Transactions;464.22;2016-04-01;APR 2016;Construction & Building Materials :  Number of Transactions
Monthly;2016;JUL;;Construction & Building Materials;Number of Transactions;371.997;2016-07-01;JUL 2016;Construction & Building Materials :  Number of Transactions
Monthly;2016;AUG;;Construction & Building Materials;Number of Transactions;483.282;2016-08-01;AUG 2016;Construction & Building Materials :  Number of Transactions
Monthly;2016;DEC;;Construction & Building Materials;Number of Transactions;558.749;2016-12-01;DEC 2016;Construction & Building Materials :  Number of Transactions
Monthly;2016;JAN;;Construction & Building Materials;Sales;938653.196809992;2016-01-01;JAN 2016;Construction & Building Materials :  Sales
Monthly;2016;APR;;Construction & Building Materials;Sales;1000533.07629999;2016-04-01;APR 2016;Construction & Building Materials :  Sales
Monthly;2016;JAN;;Jewelry;Number of Transactions;472.204;2016-01-01;JAN 2016;Jewelry :  Number of Transactions
Monthly;2016;MAR;;Jewelry;Number of Transactions;499.762;2016-03-01;MAR 2016;Jewelry :  Number of Transactions
Monthly;2016;MAY;;Jewelry;Number of Transactions;576.297;2016-05-01;MAY 2016;Jewelry :  Number of Transactions
Monthly;2016;JUN;;Jewelry;Number of Transactions;721.842;2016-06-01;JUN 2016;Jewelry :  Number of Transactions
Monthly;2016;SEP;;Jewelry;Number of Transactions;442.903;2016-09-01;SEP 2016;Jewelry :  Number of Transactions
Monthly;2016;SEP;;Jewelry;Sales;759850.650539992;2016-09-01;SEP 2016;Jewelry :  Sales
Monthly;2016;NOV;;Jewelry;Sales;779637.438089988;2016-11-01;NOV 2016;Jewelry :  Sales
Monthly;2016;JUN;;Telecommunication;Number of Transactions;234.719;2016-06-01;JUN 2016;Telecommunication :  Number of Transactions
Monthly;2016;JUL;;Telecommunication;Number of Transactions;203.568;2016-07-01;JUL 2016;Telecommunication :  Number of Transactions
Monthly;2016;SEP;;Telecommunication;Number of Transactions;228.72;2016-09-01;SEP 2016;Telecommunication :  Number of Transactions
Monthly;2016;NOV;;Telecommunication;Number of Transactions;310.507;2016-11-01;NOV 2016;Telecommunication :  Number of Transactions
Monthly;2016;JUL;;Telecommunication;Sales;111266.27516;2016-07-01;JUL 2016;Telecommunication :  Sales
Monthly;2016;NOV;;Telecommunication;Sales;170746.88454;2016-11-01;NOV 2016;Telecommunication :  Sales
Monthly;2016;FEB;;Education;Number of Transactions;97.106;2016-02-01;FEB 2016;Education :  Number of Transactions
Monthly;2016;SEP;;Education;Number of Transactions;187.175;2016-09-01;SEP 2016;Education :  Number of Transactions
Monthly;2016;NOV;;Education;Number of Transactions;81.366;2016-11-01;NOV 2016;Education :  Number of Transactions
Monthly;2016;FEB;;Education;Sales;366526.116949999;2016-02-01;FEB 2016;Education :  Sales
Monthly;2016;MAR;;Education;Sales;338307.434049999;2016-03-01;MAR 2016;Education :  Sales
Monthly;2016;APR;;Education;Sales;389585.307999999;2016-04-01;APR 2016;Education :  Sales
Monthly;2016;OCT;;Education;Sales;397629.725509999;2016-10-01;OCT 2016;Education :  Sales
Monthly;2016;NOV;;Public Utilities;Number of Transactions;287.844;2016-11-01;NOV 2016;Public Utilities :  Number of Transactions
Monthly;2016;JUN;;Public Utilities;Sales;148408.65287;2016-06-01;JUN 2016;Public Utilities :  Sales
Monthly;2016;JUL;;Public Utilities;Sales;124527.11708;2016-07-01;JUL 2016;Public Utilities :  Sales
Monthly;2016;SEP;;Public Utilities;Sales;121228.45878;2016-09-01;SEP 2016;Public Utilities :  Sales
Monthly;2016;OCT;;Public Utilities;Sales;171268.59197;2016-10-01;OCT 2016;Public Utilities :  Sales
Monthly;2016;MAR;;Others;Number of Transactions;3939.081;2016-03-01;MAR 2016;Others :  Number of Transactions
Monthly;2016;JUL;;Others;Number of Transactions;3872.309;2016-07-01;JUL 2016;Others :  Number of Transactions
Monthly;2016;AUG;;Others;Number of Transactions;4247.499;2016-08-01;AUG 2016;Others :  Number of Transactions
Monthly;2016;NOV;;Others;Number of Transactions;5054.633;2016-11-01;NOV 2016;Others :  Number of Transactions
Monthly;2016;FEB;;Others;Sales;1019628.87192013;2016-02-01;FEB 2016;Others :  Sales
Monthly;2016;AUG;;Others;Sales;1247796.59494017;2016-08-01;AUG 2016;Others :  Sales
Monthly;2016;SEP;;Others;Sales;1157352.82499012;2016-09-01;SEP 2016;Others :  Sales
Monthly;2016;MAY;;Total;Number of Transactions;46328.771;2016-05-01;MAY 2016;Total :  Number of Transactions
Monthly;2016;JUN;;Total;Number of Transactions;47604.252;2016-06-01;JUN 2016;Total :  Number of Transactions
Monthly;2016;JUN;;Total;Sales;18212899.301;2016-06-01;JUN 2016;Total :  Sales
Monthly;2016;AUG;;Total;Sales;15324002.258;2016-08-01;AUG 2016;Total :  Sales
Annually;2016;;;Health;Sales;16769976.34694;2016-01-01;2016;Health :  Sales
Annually;2016;;;Beverage and Food;Sales;21535519.5215199;2016-01-01;2016;Beverage and Food :  Sales
Annually;2016;;;Recreation and Culture;Sales;6533901.33892999;2016-01-01;2016;Recreation and Culture :  Sales
Annually;2016;;;Electronic & Electric Devices;Number of Transactions;10742.449;2016-01-01;2016;Electronic & Electric Devices :  Number of Transactions
Annually;2016;;;Electronic & Electric Devices;Sales;10220119.3730799;2016-01-01;2016;Electronic & Electric Devices :  Sales
Annually;2016;;;Others;Sales;14630860.6901513;2016-01-01;2016;Others :  Sales
Annually;2016;;;Total;Sales;182748678.509;2016-01-01;2016;Total :  Sales
Quarterly;2016;;Q2;Transportation;Number of Transactions;3526.157;2016-04-01;Q2 2016;Transportation :  Number of Transactions
Quarterly;2016;;Q1;Transportation;Sales;4329543.85276999;2016-01-01;Q1 2016;Transportation :  Sales
Quarterly;2016;;Q2;Health;Number of Transactions;19907.044;2016-04-01;Q2 2016;Health :  Number of Transactions
Quarterly;2016;;Q3;Health;Number of Transactions;18821.751;2016-07-01;Q3 2016;Health :  Number of Transactions
Quarterly;2016;;Q2;Restaurants & Café;Number of Transactions;17935.067;2016-04-01;Q2 2016;Restaurants & Café :  Number of Transactions
Quarterly;2016;;Q1;Clothing and Footwear;Sales;5698647.50641979;2016-01-01;Q1 2016;Clothing and Footwear :  Sales
Quarterly;2016;;Q1;Recreation and Culture;Number of Transactions;3809.798;2016-01-01;Q1 2016;Recreation and Culture :  Number of Transactions
Quarterly;2016;;Q2;Recreation and Culture;Sales;1667060.04572;2016-04-01;Q2 2016;Recreation and Culture :  Sales
Quarterly;2016;;Q4;Recreation and Culture;Sales;1727543.25372;2016-10-01;Q4 2016;Recreation and Culture :  Sales
Quarterly;2016;;Q1;Miscellaneous Goods and Services;Sales;3231200.75913997;2016-01-01;Q1 2016;Miscellaneous Goods and Services :  Sales
Quarterly;2016;;Q1;Electronic & Electric Devices;Number of Transactions;2553.612;2016-01-01;Q1 2016;Electronic & Electric Devices :  Number of Transactions
Quarterly;2016;;Q4;Electronic & Electric Devices;Sales;2441266.94010997;2016-10-01;Q4 2016;Electronic & Electric Devices :  Sales
Quarterly;2016;;Q3;Furniture;Sales;1750227.81296999;2016-07-01;Q3 2016;Furniture :  Sales
Quarterly;2016;;Q4;Construction & Building Materials;Number of Transactions;1592.244;2016-10-01;Q4 2016;Construction & Building Materials :  Number of Transactions
Quarterly;2016;;Q2;Construction & Building Materials;Sales;2824163.44986997;2016-04-01;Q2 2016;Construction & Building Materials :  Sales
Quarterly;2016;;Q1;Jewelry;Number of Transactions;1373.902;2016-01-01;Q1 2016;Jewelry :  Number of Transactions
Quarterly;2016;;Q1;Jewelry;Sales;2881707.06784996;2016-01-01;Q1 2016;Jewelry :  Sales
Quarterly;2016;;Q1;Education;Sales;1275101.90392;2016-01-01;Q1 2016;Education :  Sales
Quarterly;2016;;Q1;Public Utilities;Number of Transactions;618.599;2016-01-01;Q1 2016;Public Utilities :  Number of Transactions
Quarterly;2016;;Q4;Others;Number of Transactions;15058.587;2016-10-01;Q4 2016;Others :  Number of Transactions
Quarterly;2016;;Q3;Others;Sales;3460695.15284039;2016-07-01;Q3 2016;Others :  Sales
Quarterly;2016;;Q3;Total;Number of Transactions;127373.897;2016-07-01;Q3 2016;Total :  Number of Transactions
Quarterly;2016;;Q1;Total;Sales;43552661.388;2016-01-01;Q1 2016;Total :  Sales
Monthly;2016;MAR;;Transportation;Number of Transactions;1120.88;2016-03-01;MAR 2016;Transportation :  Number of Transactions
Monthly;2016;JUL;;Transportation;Number of Transactions;986.692;2016-07-01;JUL 2016;Transportation :  Number of Transactions
Monthly;2016;JAN;;Transportation;Sales;1407471.55321;2016-01-01;JAN 2016;Transportation :  Sales
Monthly;2016;JUL;;Transportation;Sales;1350244.68915;2016-07-01;JUL 2016;Transportation :  Sales
Monthly;2016;SEP;;Transportation;Sales;1144742.49468;2016-09-01;SEP 2016;Transportation :  Sales
Monthly;2016;OCT;;Transportation;Sales;1340019.01296;2016-10-01;OCT 2016;Transportation :  Sales
Monthly;2016;NOV;;Transportation;Sales;1317730.36503;2016-11-01;NOV 2016;Transportation :  Sales
Monthly;2016;FEB;;Health;Sales;1343572.1888;2016-02-01;FEB 2016;Health :  Sales
Monthly;2016;MAR;;Health;Sales;1447611.04057;2016-03-01;MAR 2016;Health :  Sales
Monthly;2016;JUN;;Health;Sales;1514102.70439;2016-06-01;JUN 2016;Health :  Sales
Monthly;2016;MAR;;Restaurants & Café;Number of Transactions;5999.227;2016-03-01;MAR 2016;Restaurants & Café :  Number of Transactions
Monthly;2016;AUG;;Restaurants & Café;Number of Transactions;7185.512;2016-08-01;AUG 2016;Restaurants & Café :  Number of Transactions
Monthly;2016;NOV;;Restaurants & Café;Number of Transactions;8168.699;2016-11-01;NOV 2016;Restaurants & Café :  Number of Transactions
Monthly;2016;DEC;;Restaurants & Café;Number of Transactions;9043.679;2016-12-01;DEC 2016;Restaurants & Café :  Number of Transactions
Monthly;2016;APR;;Restaurants & Café;Sales;759616.183999993;2016-04-01;APR 2016;Restaurants & Café :  Sales
Monthly;2016;MAY;;Restaurants & Café;Sales;836853.489719989;2016-05-01;MAY 2016;Restaurants & Café :  Sales
Monthly;2016;NOV;;Restaurants & Café;Sales;849411.717679984;2016-11-01;NOV 2016;Restaurants & Café :  Sales
Monthly;2016;OCT;;Hotels;Number of Transactions;514.872;2016-10-01;OCT 2016;Hotels :  Number of Transactions
Monthly;2016;NOV;;Hotels;Number of Transactions;616.992;2016-11-01;NOV 2016;Hotels :  Number of Transactions
Monthly;2016;DEC;;Hotels;Number of Transactions;539.051;2016-12-01;DEC 2016;Hotels :  Number of Transactions
Monthly;2016;MAY;;Hotels;Sales;559061.484279997;2016-05-01;MAY 2016;Hotels :  Sales
Monthly;2016;JUN;;Hotels;Sales;797599.309819995;2016-06-01;JUN 2016;Hotels :  Sales
Monthly;2016;AUG;;Hotels;Sales;548685.350739997;2016-08-01;AUG 2016;Hotels :  Sales
Monthly;2016;SEP;;Hotels;Sales;404589.379649998;2016-09-01;SEP 2016;Hotels :  Sales
Monthly;2016;NOV;;Hotels;Sales;576884.913329996;2016-11-01;NOV 2016;Hotels :  Sales
Monthly;2016;JUN;;Beverage and Food;Sales;2140173.29463999;2016-06-01;JUN 2016;Beverage and Food :  Sales
Monthly;2016;NOV;;Beverage and Food;Sales;1829095.8326;2016-11-01;NOV 2016;Beverage and Food :  Sales
Monthly;2016;MAR;;Clothing and Footwear;Number of Transactions;6263.466;2016-03-01;MAR 2016;Clothing and Footwear :  Number of Transactions
Monthly;2016;JUL;;Clothing and Footwear;Number of Transactions;7106.437;2016-07-01;JUL 2016;Clothing and Footwear :  Number of Transactions
Monthly;2016;AUG;;Clothing and Footwear;Number of Transactions;7335.521;2016-08-01;AUG 2016;Clothing and Footwear :  Number of Transactions
Monthly;2016;OCT;;Clothing and Footwear;Number of Transactions;5506.54;2016-10-01;OCT 2016;Clothing and Footwear :  Number of Transactions
Monthly;2016;NOV;;Clothing and Footwear;Number of Transactions;7591.977;2016-11-01;NOV 2016;Clothing and Footwear :  Number of Transactions
Monthly;2016;OCT;;Clothing and Footwear;Sales;1598998.60426992;2016-10-01;OCT 2016;Clothing and Footwear :  Sales
Monthly;2016;NOV;;Clothing and Footwear;Sales;2233832.48042992;2016-11-01;NOV 2016;Clothing and Footwear :  Sales
Monthly;2016;MAR;;Recreation and Culture;Number of Transactions;1226.647;2016-03-01;MAR 2016;Recreation and Culture :  Number of Transactions
Monthly;2016;MAY;;Recreation and Culture;Number of Transactions;1344.938;2016-05-01;MAY 2016;Recreation and Culture :  Number of Transactions
Monthly;2016;AUG;;Recreation and Culture;Number of Transactions;1194.856;2016-08-01;AUG 2016;Recreation and Culture :  Number of Transactions
Monthly;2016;NOV;;Recreation and Culture;Number of Transactions;1414.269;2016-11-01;NOV 2016;Recreation and Culture :  Number of Transactions
Monthly;2016;JUN;;Recreation and Culture;Sales;611067.794839998;2016-06-01;JUN 2016;Recreation and Culture :  Sales
Monthly;2016;AUG;;Miscellaneous Goods and Services;Number of Transactions;2152.546;2016-08-01;AUG 2016;Miscellaneous Goods and Services :  Number of Transactions
Monthly;2016;JAN;;Miscellaneous Goods and Services;Sales;1036376.03806999;2016-01-01;JAN 2016;Miscellaneous Goods and Services :  Sales
Monthly;2016;MAR;;Miscellaneous Goods and Services;Sales;1172707.66685999;2016-03-01;MAR 2016;Miscellaneous Goods and Services :  Sales
Monthly;2016;JUN;;Miscellaneous Goods and Services;Sales;1404875.10042999;2016-06-01;JUN 2016;Miscellaneous Goods and Services :  Sales
Monthly;2016;NOV;;Miscellaneous Goods and Services;Sales;1543604.64394998;2016-11-01;NOV 2016;Miscellaneous Goods and Services :  Sales
Monthly;2016;JUN;;Electronic & Electric Devices;Number of Transactions;967.46;2016-06-01;JUN 2016;Electronic & Electric Devices :  Number of Transactions
Monthly;2016;DEC;;Electronic & Electric Devices;Number of Transactions;996.419;2016-12-01;DEC 2016;Electronic & Electric Devices :  Number of Transactions
Monthly;2016;JAN;;Electronic & Electric Devices;Sales;822679.056809991;2016-01-01;JAN 2016;Electronic & Electric Devices :  Sales
Monthly;2016;FEB;;Electronic & Electric Devices;Sales;804887.697189991;2016-02-01;FEB 2016;Electronic & Electric Devices :  Sales
Monthly;2016;MAR;;Electronic & Electric Devices;Sales;949084.748969989;2016-03-01;MAR 2016;Electronic & Electric Devices :  Sales
Monthly;2016;JUN;;Furniture;Number of Transactions;713.432;2016-06-01;JUN 2016;Furniture :  Number of Transactions
Monthly;2016;JAN;;Furniture;Sales;662398.200699995;2016-01-01;JAN 2016;Furniture :  Sales
Monthly;2016;JUL;;Furniture;Sales;524190.936669998;2016-07-01;JUL 2016;Furniture :  Sales
Monthly;2016;AUG;;Furniture;Sales;673660.415359994;2016-08-01;AUG 2016;Furniture :  Sales
Monthly;2016;SEP;;Furniture;Sales;552376.460939996;2016-09-01;SEP 2016;Furniture :  Sales
Monthly;2016;SEP;;Construction & Building Materials;Number of Transactions;383.361;2016-09-01;SEP 2016;Construction & Building Materials :  Number of Transactions
Monthly;2016;NOV;;Construction & Building Materials;Number of Transactions;533.696;2016-11-01;NOV 2016;Construction & Building Materials :  Number of Transactions
Monthly;2016;FEB;;Construction & Building Materials;Sales;920272.938609991;2016-02-01;FEB 2016;Construction & Building Materials :  Sales
Monthly;2016;JUL;;Construction & Building Materials;Sales;681783.756399997;2016-07-01;JUL 2016;Construction & Building Materials :  Sales
Monthly;2016;AUG;;Construction & Building Materials;Sales;929793.112409991;2016-08-01;AUG 2016;Construction & Building Materials :  Sales
Monthly;2016;NOV;;Jewelry;Number of Transactions;435.095;2016-11-01;NOV 2016;Jewelry :  Number of Transactions
Monthly;2016;JAN;;Telecommunication;Number of Transactions;212.132;2016-01-01;JAN 2016;Telecommunication :  Number of Transactions
Monthly;2016;JUN;;Telecommunication;Sales;148368.38531;2016-06-01;JUN 2016;Telecommunication :  Sales
Monthly;2016;SEP;;Telecommunication;Sales;125633.24794;2016-09-01;SEP 2016;Telecommunication :  Sales
Monthly;2016;JAN;;Education;Number of Transactions;106.805;2016-01-01;JAN 2016;Education :  Number of Transactions
Monthly;2016;APR;;Education;Number of Transactions;97.959;2016-04-01;APR 2016;Education :  Number of Transactions
Monthly;2016;MAY;;Education;Number of Transactions;114.547;2016-05-01;MAY 2016;Education :  Number of Transactions
Monthly;2016;JUN;;Education;Number of Transactions;57.757;2016-06-01;JUN 2016;Education :  Number of Transactions
Monthly;2016;AUG;;Education;Number of Transactions;64.496;2016-08-01;AUG 2016;Education :  Number of Transactions
Monthly;2016;JUN;;Education;Sales;188969.20461;2016-06-01;JUN 2016;Education :  Sales
Monthly;2016;SEP;;Education;Sales;1143966.94267;2016-09-01;SEP 2016;Education :  Sales
Monthly;2016;MAR;;Public Utilities;Number of Transactions;222.252;2016-03-01;MAR 2016;Public Utilities :  Number of Transactions
Monthly;2016;JUN;;Public Utilities;Number of Transactions;236.078;2016-06-01;JUN 2016;Public Utilities :  Number of Transactions
Monthly;2016;FEB;;Public Utilities;Sales;135637.97961;2016-02-01;FEB 2016;Public Utilities :  Sales
Monthly;2016;NOV;;Public Utilities;Sales;162539.5706;2016-11-01;NOV 2016;Public Utilities :  Sales
Monthly;2016;MAY;;Others;Number of Transactions;4679.724;2016-05-01;MAY 2016;Others :  Number of Transactions
Monthly;2016;JUN;;Others;Number of Transactions;4991.76;2016-06-01;JUN 2016;Others :  Number of Transactions
Monthly;2016;APR;;Others;Sales;1155332.95084013;2016-04-01;APR 2016;Others :  Sales
Monthly;2016;OCT;;Others;Sales;1181155.08155016;2016-10-01;OCT 2016;Others :  Sales
Monthly;2016;AUG;;Total;Number of Transactions;44259.33;2016-08-01;AUG 2016;Total :  Number of Transactions
Monthly;2016;SEP;;Total;Number of Transactions;43062.221;2016-09-01;SEP 2016;Total :  Number of Transactions
Annually;2016;;;Health;Number of Transactions;80700.467;2016-01-01;2016;Health :  Number of Transactions
Annually;2016;;;Miscellaneous Goods and Services;Number of Transactions;24844.615;2016-01-01;2016;Miscellaneous Goods and Services :  Number of Transactions
Annually;2016;;;Furniture;Number of Transactions;7832.699;2016-01-01;2016;Furniture :  Number of Transactions
Annually;2016;;;Construction & Building Materials;Sales;10695286.6063999;2016-01-01;2016;Construction & Building Materials :  Sales
Annually;2016;;;Jewelry;Number of Transactions;5970.044;2016-01-01;2016;Jewelry :  Number of Transactions
Annually;2016;;;Telecommunication;Number of Transactions;2923.635;2016-01-01;2016;Telecommunication :  Number of Transactions
Annually;2016;;;Education;Number of Transactions;1142.676;2016-01-01;2016;Education :  Number of Transactions
Annually;2016;;;Public Utilities;Sales;1761608.20259;2016-01-01;2016;Public Utilities :  Sales
Annually;2016;;;Total;Number of Transactions;524569.736;2016-01-01;2016;Total :  Number of Transactions
Quarterly;2016;;Q2;Transportation;Sales;4953779.87858998;2016-04-01;Q2 2016;Transportation :  Sales
Quarterly;2016;;Q4;Restaurants & Café;Number of Transactions;24678.591;2016-10-01;Q4 2016;Restaurants & Café :  Number of Transactions
Quarterly;2016;;Q1;Hotels;Number of Transactions;1561.032;2016-01-01;Q1 2016;Hotels :  Number of Transactions
Quarterly;2016;;Q2;Hotels;Number of Transactions;1624.284;2016-04-01;Q2 2016;Hotels :  Number of Transactions
Quarterly;2016;;Q2;Hotels;Sales;1873297.25114999;2016-04-01;Q2 2016;Hotels :  Sales
Quarterly;2016;;Q3;Hotels;Sales;1543419.01538999;2016-07-01;Q3 2016;Hotels :  Sales
Quarterly;2016;;Q2;Beverage and Food;Sales;5956945.96369997;2016-04-01;Q2 2016;Beverage and Food :  Sales
Quarterly;2016;;Q2;Clothing and Footwear;Number of Transactions;25123.546;2016-04-01;Q2 2016;Clothing and Footwear :  Number of Transactions
Quarterly;2016;;Q4;Clothing and Footwear;Sales;6068228.87863976;2016-10-01;Q4 2016;Clothing and Footwear :  Sales
Quarterly;2016;;Q1;Recreation and Culture;Sales;1571405.13147;2016-01-01;Q1 2016;Recreation and Culture :  Sales
Quarterly;2016;;Q1;Miscellaneous Goods and Services;Number of Transactions;5010.22;2016-01-01;Q1 2016;Miscellaneous Goods and Services :  Number of Transactions
Quarterly;2016;;Q3;Electronic & Electric Devices;Number of Transactions;2438.001;2016-07-01;Q3 2016;Electronic & Electric Devices :  Number of Transactions
Quarterly;2016;;Q2;Electronic & Electric Devices;Sales;2956355.22794997;2016-04-01;Q2 2016;Electronic & Electric Devices :  Sales
Quarterly;2016;;Q2;Furniture;Number of Transactions;2098.275;2016-04-01;Q2 2016;Furniture :  Number of Transactions
Quarterly;2016;;Q1;Furniture;Sales;1948797.71714998;2016-01-01;Q1 2016;Furniture :  Sales
Quarterly;2016;;Q2;Construction & Building Materials;Number of Transactions;1458.799;2016-04-01;Q2 2016;Construction & Building Materials :  Number of Transactions
Quarterly;2016;;Q1;Construction & Building Materials;Sales;2907340.99744997;2016-01-01;Q1 2016;Construction & Building Materials :  Sales
Quarterly;2016;;Q3;Construction & Building Materials;Sales;2270480.42456998;2016-07-01;Q3 2016;Construction & Building Materials :  Sales
Quarterly;2016;;Q2;Telecommunication;Number of Transactions;716.181;2016-04-01;Q2 2016;Telecommunication :  Number of Transactions
Quarterly;2016;;Q3;Telecommunication;Number of Transactions;666.911;2016-07-01;Q3 2016;Telecommunication :  Number of Transactions
Quarterly;2016;;Q4;Telecommunication;Number of Transactions;922.892;2016-10-01;Q4 2016;Telecommunication :  Number of Transactions
Quarterly;2016;;Q1;Telecommunication;Sales;391865.75114;2016-01-01;Q1 2016;Telecommunication :  Sales
Quarterly;2016;;Q1;Education;Number of Transactions;297.059;2016-01-01;Q1 2016;Education :  Number of Transactions
Quarterly;2016;;Q2;Education;Number of Transactions;270.263;2016-04-01;Q2 2016;Education :  Number of Transactions
Quarterly;2016;;Q4;Education;Sales;978835.304059998;2016-10-01;Q4 2016;Education :  Sales
Quarterly;2016;;Q3;Public Utilities;Number of Transactions;689.125;2016-07-01;Q3 2016;Public Utilities :  Number of Transactions
Quarterly;2016;;Q2;Public Utilities;Sales;444741.98982;2016-04-01;Q2 2016;Public Utilities :  Sales
Quarterly;2016;;Q1;Others;Number of Transactions;11306.174;2016-01-01;Q1 2016;Others :  Number of Transactions
Quarterly;2016;;Q2;Others;Sales;4115257.18278997;2016-04-01;Q2 2016;Others :  Sales
Quarterly;2016;;Q4;Others;Sales;3727348.63914052;2016-10-01;Q4 2016;Others :  Sales
Quarterly;2016;;Q1;Total;Number of Transactions;115650.451;2016-01-01;Q1 2016;Total :  Number of Transactions
Quarterly;2016;;Q2;Total;Number of Transactions;134715.294;2016-04-01;Q2 2016;Total :  Number of Transactions
Monthly;2016;MAY;;Transportation;Number of Transactions;1232.427;2016-05-01;MAY 2016;Transportation :  Number of Transactions
Monthly;2016;AUG;;Transportation;Number of Transactions;1255.831;2016-08-01;AUG 2016;Transportation :  Number of Transactions
Monthly;2016;MAR;;Transportation;Sales;1531077.80304999;2016-03-01;MAR 2016;Transportation :  Sales
Monthly;2016;APR;;Transportation;Sales;1444012.56672;2016-04-01;APR 2016;Transportation :  Sales
Monthly;2016;MAY;;Transportation;Sales;1700633.29083999;2016-05-01;MAY 2016;Transportation :  Sales
Monthly;2016;JUN;;Transportation;Sales;1809134.02102999;2016-06-01;JUN 2016;Transportation :  Sales
Monthly;2016;AUG;;Transportation;Sales;1765493.73646999;2016-08-01;AUG 2016;Transportation :  Sales
Monthly;2016;MAR;;Health;Number of Transactions;6751.88;2016-03-01;MAR 2016;Health :  Number of Transactions
Monthly;2016;JUN;;Health;Number of Transactions;6536.074;2016-06-01;JUN 2016;Health :  Number of Transactions
Monthly;2016;APR;;Health;Sales;1388207.32078;2016-04-01;APR 2016;Health :  Sales
Monthly;2016;SEP;;Health;Sales;1209362.99735;2016-09-01;SEP 2016;Health :  Sales
Monthly;2016;OCT;;Health;Sales;1457074.31322999;2016-10-01;OCT 2016;Health :  Sales
Monthly;2016;JUN;;Restaurants & Café;Number of Transactions;5044.406;2016-06-01;JUN 2016;Restaurants & Café :  Number of Transactions
Monthly;2016;JUN;;Restaurants & Café;Sales;683769.395209994;2016-06-01;JUN 2016;Restaurants & Café :  Sales
Monthly;2016;JUL;;Restaurants & Café;Sales;864329.633299993;2016-07-01;JUL 2016;Restaurants & Café :  Sales
Monthly;2016;SEP;;Restaurants & Café;Sales;794267.685789991;2016-09-01;SEP 2016;Restaurants & Café :  Sales
Monthly;2016;APR;;Hotels;Sales;516636.457049998;2016-04-01;APR 2016;Hotels :  Sales
Monthly;2016;JAN;;Beverage and Food;Number of Transactions;9079.251;2016-01-01;JAN 2016;Beverage and Food :  Number of Transactions
Monthly;2016;JUN;;Beverage and Food;Number of Transactions;11524.81;2016-06-01;JUN 2016;Beverage and Food :  Number of Transactions
Monthly;2016;FEB;;Beverage and Food;Sales;1666637.33947999;2016-02-01;FEB 2016;Beverage and Food :  Sales
Monthly;2016;FEB;;Clothing and Footwear;Number of Transactions;5067.576;2016-02-01;FEB 2016;Clothing and Footwear :  Number of Transactions
Monthly;2016;DEC;;Clothing and Footwear;Number of Transactions;8116.688;2016-12-01;DEC 2016;Clothing and Footwear :  Number of Transactions
Monthly;2016;JAN;;Clothing and Footwear;Sales;2061684.50737993;2016-01-01;JAN 2016;Clothing and Footwear :  Sales
Monthly;2016;JUN;;Clothing and Footwear;Sales;3617526.23036027;2016-06-01;JUN 2016;Clothing and Footwear :  Sales
Monthly;2016;JAN;;Recreation and Culture;Number of Transactions;1358.744;2016-01-01;JAN 2016;Recreation and Culture :  Number of Transactions
Monthly;2016;FEB;;Recreation and Culture;Number of Transactions;1224.407;2016-02-01;FEB 2016;Recreation and Culture :  Number of Transactions
Monthly;2016;APR;;Recreation and Culture;Number of Transactions;1187.941;2016-04-01;APR 2016;Recreation and Culture :  Number of Transactions
Monthly;2016;JUL;;Recreation and Culture;Number of Transactions;1184.989;2016-07-01;JUL 2016;Recreation and Culture :  Number of Transactions
Monthly;2016;JAN;;Recreation and Culture;Sales;556582.288529999;2016-01-01;JAN 2016;Recreation and Culture :  Sales
Monthly;2016;FEB;;Recreation and Culture;Sales;492657.54193;2016-02-01;FEB 2016;Recreation and Culture :  Sales
Monthly;2016;OCT;;Recreation and Culture;Sales;602272.390089999;2016-10-01;OCT 2016;Recreation and Culture :  Sales
Monthly;2016;JAN;;Miscellaneous Goods and Services;Number of Transactions;1640.685;2016-01-01;JAN 2016;Miscellaneous Goods and Services :  Number of Transactions
Monthly;2016;FEB;;Miscellaneous Goods and Services;Number of Transactions;1566.44;2016-02-01;FEB 2016;Miscellaneous Goods and Services :  Number of Transactions
Monthly;2016;MAR;;Miscellaneous Goods and Services;Number of Transactions;1803.095;2016-03-01;MAR 2016;Miscellaneous Goods and Services :  Number of Transactions
Monthly;2016;APR;;Miscellaneous Goods and Services;Number of Transactions;1811.833;2016-04-01;APR 2016;Miscellaneous Goods and Services :  Number of Transactions
Monthly;2016;FEB;;Miscellaneous Goods and Services;Sales;1022117.05420999;2016-02-01;FEB 2016;Miscellaneous Goods and Services :  Sales
Monthly;2016;FEB;;Electronic & Electric Devices;Number of Transactions;820.446;2016-02-01;FEB 2016;Electronic & Electric Devices :  Number of Transactions
Monthly;2016;SEP;;Electronic & Electric Devices;Sales;677037.737239995;2016-09-01;SEP 2016;Electronic & Electric Devices :  Sales
Monthly;2016;NOV;;Furniture;Number of Transactions;698.886;2016-11-01;NOV 2016;Furniture :  Number of Transactions
Monthly;2016;OCT;;Furniture;Sales;615967.465509995;2016-10-01;OCT 2016;Furniture :  Sales
Monthly;2016;JUN;;Construction & Building Materials;Sales;723522.852629994;2016-06-01;JUN 2016;Construction & Building Materials :  Sales
Monthly;2016;JUL;;Jewelry;Number of Transactions;595.611;2016-07-01;JUL 2016;Jewelry :  Number of Transactions
Monthly;2016;OCT;;Jewelry;Number of Transactions;389.378;2016-10-01;OCT 2016;Jewelry :  Number of Transactions
Monthly;2016;FEB;;Jewelry;Sales;850520.31397999;2016-02-01;FEB 2016;Jewelry :  Sales
Monthly;2016;APR;;Jewelry;Sales;968106.00898999;2016-04-01;APR 2016;Jewelry :  Sales
Monthly;2016;MAY;;Jewelry;Sales;1117546.35947999;2016-05-01;MAY 2016;Jewelry :  Sales
Monthly;2016;APR;;Telecommunication;Number of Transactions;218.137;2016-04-01;APR 2016;Telecommunication :  Number of Transactions
Monthly;2016;AUG;;Telecommunication;Number of Transactions;234.623;2016-08-01;AUG 2016;Telecommunication :  Number of Transactions
Monthly;2016;OCT;;Telecommunication;Number of Transactions;272.997;2016-10-01;OCT 2016;Telecommunication :  Number of Transactions
Monthly;2016;JAN;;Telecommunication;Sales;142180.90085;2016-01-01;JAN 2016;Telecommunication :  Sales
Monthly;2016;MAR;;Telecommunication;Sales;133246.8665;2016-03-01;MAR 2016;Telecommunication :  Sales
Monthly;2016;APR;;Telecommunication;Sales;126762.67369;2016-04-01;APR 2016;Telecommunication :  Sales
Monthly;2016;OCT;;Telecommunication;Sales;162913.30532;2016-10-01;OCT 2016;Telecommunication :  Sales
Monthly;2016;JAN;;Education;Sales;570268.352919999;2016-01-01;JAN 2016;Education :  Sales
Monthly;2016;MAY;;Public Utilities;Number of Transactions;249.859;2016-05-01;MAY 2016;Public Utilities :  Number of Transactions
Monthly;2016;AUG;;Public Utilities;Number of Transactions;249.355;2016-08-01;AUG 2016;Public Utilities :  Number of Transactions
Monthly;2016;DEC;;Public Utilities;Number of Transactions;301.281;2016-12-01;DEC 2016;Public Utilities :  Number of Transactions
Monthly;2016;MAR;;Public Utilities;Sales;149672.74969;2016-03-01;MAR 2016;Public Utilities :  Sales
Monthly;2016;DEC;;Public Utilities;Sales;156327.72715;2016-12-01;DEC 2016;Public Utilities :  Sales
Monthly;2016;SEP;;Others;Number of Transactions;4457.514;2016-09-01;SEP 2016;Others :  Number of Transactions
Monthly;2016;DEC;;Others;Sales;1314392.10031019;2016-12-01;DEC 2016;Others :  Sales
Monthly;2016;JAN;;Total;Number of Transactions;38692.21;2016-01-01;JAN 2016;Total :  Number of Transactions
Monthly;2016;APR;;Total;Sales;14783145.023;2016-04-01;APR 2016;Total :  Sales
Monthly;2016;MAY;;Total;Sales;17722748.526;2016-05-01;MAY 2016;Total :  Sales
Monthly;2016;SEP;;Total;Sales;14210119.878;2016-09-01;SEP 2016;Total :  Sales
Monthly;2016;OCT;;Total;Sales;14299630.845;2016-10-01;OCT 2016;Total :  Sales
Monthly;2016;NOV;;Total;Sales;15294632.598;2016-11-01;NOV 2016;Total :  Sales
